crop,season,soil_type,sown_month,harvested_month,water_source,ph,crop_duration_days,temperature,humidity,n,p,k
Rice,Kharif,Silt,Jun,Sep,Irrigated,7.6,116.9,26.9,73.8,82.4,40.7,42.2
Rice,Kharif,Loamy,Jul,Oct,Rainfed,6.2,117.9,35.8,60.9,90.5,51.3,46.2
Rice,Kharif,Clay,Jun,Sep,Irrigated,6.7,117.7,34.9,67.5,86.2,50.7,44.4
Rice,Kharif,Silt,Jul,Oct,Rainfed,6.1,149.8,28.3,73.6,91.3,51.3,44.5
Rice,Kharif,Loamy,Jun,Sep,Irrigated,8.0,131.7,26.3,60.3,81.3,48.6,51.0
Rice,Kharif,Clay,Jul,Oct,Rainfed,7.9,137.7,28.3,60.9,97.6,40.1,56.3
Rice,Kharif,Silt,Jun,Sep,Irrigated,7.3,143.3,25.7,70.1,84.2,54.4,43.0
Rice,Kharif,Loamy,Jul,Oct,Rainfed,6.4,132.8,34.4,73.4,96.0,40.2,52.7
Rice,Kharif,Clay,Jun,Sep,Irrigated,5.6,115.8,25.1,76.7,90.7,48.5,40.4
Rice,Kharif,Silt,Jul,Oct,Rainfed,5.9,116.9,26.4,73.2,87.6,59.2,42.5
Rice,Kharif,Loamy,Jun,Sep,Irrigated,7.5,112.8,33.6,62.8,88.8,52.5,56.6
Rice,Kharif,Clay,Jul,Oct,Rainfed,7.1,122.1,35.3,71.9,86.9,54.1,59.4
Rice,Kharif,Silt,Jun,Sep,Irrigated,6.3,124.5,21.5,61.3,83.4,59.8,47.6
Rice,Kharif,Loamy,Jul,Oct,Rainfed,6.4,121.7,32.8,60.7,89.9,44.3,47.1
Rice,Kharif,Clay,Jun,Sep,Irrigated,6.9,133.5,22.8,78.6,86.3,53.3,57.8
Rice,Kharif,Silt,Jul,Oct,Rainfed,8.0,118.8,27.6,68.0,98.7,45.9,50.0
Rice,Kharif,Loamy,Jun,Sep,Irrigated,7.0,123.9,27.9,63.4,91.8,53.3,53.9
Rice,Kharif,Clay,Jul,Oct,Rainfed,5.0,116.7,34.9,79.6,84.3,54.6,50.8
Rice,Kharif,Silt,Jun,Sep,Irrigated,5.6,139.2,28.5,64.3,87.9,47.6,53.8
Rice,Kharif,Loamy,Jul,Oct,Rainfed,6.1,122.7,37.5,75.7,84.3,59.4,53.5
Rice,Kharif,Clay,Jun,Sep,Irrigated,5.8,142.0,23.5,65.8,86.7,59.4,44.7
Rice,Kharif,Silt,Jul,Oct,Rainfed,7.7,124.1,28.6,61.9,99.5,42.3,40.6
Rice,Kharif,Loamy,Jun,Sep,Irrigated,7.1,150.0,34.6,72.5,94.5,49.6,59.4
Rice,Kharif,Clay,Jul,Oct,Rainfed,6.0,134.7,34.9,79.9,85.2,54.9,53.1
Rice,Kharif,Silt,Jun,Sep,Irrigated,5.9,142.0,26.2,66.3,88.5,42.7,57.3
Rice,Kharif,Loamy,Jul,Oct,Rainfed,7.5,143.4,31.6,67.2,97.2,48.5,49.1
Rice,Kharif,Clay,Jun,Sep,Irrigated,6.1,135.7,20.2,69.3,99.8,54.4,44.8
Rice,Kharif,Silt,Jul,Oct,Rainfed,6.7,128.8,32.2,75.5,92.9,51.9,53.7
Rice,Kharif,Loamy,Jun,Sep,Irrigated,5.8,116.6,37.2,75.0,95.9,57.5,54.5
Rice,Kharif,Clay,Jul,Oct,Rainfed,6.8,135.1,31.6,66.3,93.6,45.0,55.1
Rice,Kharif,Silt,Jun,Sep,Irrigated,7.6,130.1,20.9,67.1,80.2,40.4,56.5
Rice,Kharif,Loamy,Jul,Oct,Rainfed,6.5,128.2,26.9,63.8,99.6,46.9,44.0
Rice,Kharif,Clay,Jun,Sep,Irrigated,6.3,134.9,30.0,62.1,96.8,43.2,58.9
Rice,Kharif,Silt,Jul,Oct,Rainfed,5.4,116.3,30.3,69.9,89.0,53.6,44.0
Rice,Kharif,Loamy,Jun,Sep,Irrigated,7.7,140.2,35.5,60.8,91.3,53.6,56.5
Rice,Kharif,Clay,Jul,Oct,Rainfed,5.0,113.3,30.8,63.4,87.7,42.4,58.2
Rice,Kharif,Silt,Jun,Sep,Irrigated,5.5,139.2,26.7,75.9,99.6,46.1,53.9
Rice,Kharif,Loamy,Jul,Oct,Rainfed,5.1,120.5,36.6,67.3,80.8,46.8,59.9
Rice,Kharif,Clay,Jun,Sep,Irrigated,6.0,130.6,39.2,69.2,82.2,44.4,56.6
Rice,Kharif,Silt,Jul,Oct,Rainfed,6.8,117.8,22.7,67.2,90.7,41.5,59.6
Rice,Kharif,Loamy,Jun,Sep,Irrigated,7.8,131.1,34.1,78.9,99.3,58.1,50.5
Rice,Kharif,Clay,Jul,Oct,Rainfed,5.2,129.9,38.3,60.1,97.6,47.1,58.3
Rice,Kharif,Silt,Jun,Sep,Irrigated,5.6,131.9,34.9,67.5,88.1,45.3,52.9
Rice,Kharif,Loamy,Jul,Oct,Rainfed,7.8,110.1,33.7,75.7,82.9,41.3,40.1
Rice,Kharif,Clay,Jun,Sep,Irrigated,7.9,114.3,31.7,76.7,89.1,59.1,46.7
Rice,Kharif,Silt,Jul,Oct,Rainfed,7.6,114.8,29.1,67.1,86.2,41.4,55.4
Rice,Kharif,Loamy,Jun,Sep,Irrigated,7.6,119.0,35.4,75.3,96.6,47.4,57.5
Rice,Kharif,Clay,Jul,Oct,Rainfed,5.0,131.3,28.2,75.5,90.0,43.5,59.9
Rice,Kharif,Silt,Jun,Sep,Irrigated,5.7,120.7,31.1,75.1,81.1,54.5,54.5
Rice,Kharif,Loamy,Jul,Oct,Rainfed,6.6,118.4,29.1,65.5,90.8,55.7,41.9
Rice,Kharif,Clay,Jun,Sep,Irrigated,5.4,133.5,25.1,70.3,85.3,53.5,42.0
Rice,Kharif,Silt,Jul,Oct,Rainfed,7.0,127.3,39.5,75.7,90.3,53.6,57.2
Rice,Kharif,Loamy,Jun,Sep,Irrigated,6.7,123.5,36.7,61.2,93.2,57.2,47.5
Rice,Kharif,Clay,Jul,Oct,Rainfed,6.0,145.6,20.2,72.8,81.9,53.7,57.8
Rice,Kharif,Silt,Jun,Sep,Irrigated,7.6,115.5,35.7,60.2,91.1,50.9,44.2
Rice,Kharif,Loamy,Jul,Oct,Rainfed,6.0,149.1,29.6,68.9,96.2,41.1,44.8
Rice,Kharif,Clay,Jun,Sep,Irrigated,7.8,147.3,38.3,63.7,94.8,43.8,54.9
Rice,Kharif,Silt,Jul,Oct,Rainfed,5.5,147.7,25.3,60.6,94.4,52.2,40.8
Rice,Kharif,Loamy,Jun,Sep,Irrigated,5.5,110.2,38.3,64.9,92.3,54.0,56.2
Rice,Kharif,Clay,Jul,Oct,Rainfed,7.3,132.1,32.1,71.0,82.2,55.2,41.3
Rice,Kharif,Silt,Jun,Sep,Irrigated,5.3,111.8,39.5,74.2,83.0,58.2,51.8
Rice,Kharif,Loamy,Jul,Oct,Rainfed,6.8,145.1,25.6,71.5,96.4,51.4,43.3
Rice,Kharif,Clay,Jun,Sep,Irrigated,5.4,116.9,31.4,77.1,90.3,40.2,46.9
Rice,Kharif,Silt,Jul,Oct,Rainfed,7.6,110.4,32.5,72.9,92.2,56.3,46.4
Rice,Kharif,Loamy,Jun,Sep,Irrigated,5.8,122.6,27.2,67.8,97.9,47.5,40.1
Rice,Kharif,Clay,Jul,Oct,Rainfed,5.6,135.3,39.3,74.3,80.4,53.1,42.3
Rice,Kharif,Silt,Jun,Sep,Irrigated,5.1,128.8,26.0,68.7,89.6,46.3,41.4
Rice,Kharif,Loamy,Jul,Oct,Rainfed,6.4,143.4,22.0,77.2,98.6,59.2,42.8
Rice,Kharif,Clay,Jun,Sep,Irrigated,6.3,135.3,25.4,68.1,91.4,55.5,48.9
Rice,Kharif,Silt,Jul,Oct,Rainfed,7.4,131.9,26.3,68.6,82.6,42.0,51.5
Rice,Kharif,Loamy,Jun,Sep,Irrigated,6.7,120.7,27.1,62.1,81.2,43.2,48.4
Rice,Kharif,Clay,Jul,Oct,Rainfed,6.8,148.7,34.0,78.8,91.5,52.4,53.2
Rice,Kharif,Silt,Jun,Sep,Irrigated,5.5,129.6,36.4,73.5,87.4,42.6,46.1
Rice,Kharif,Loamy,Jul,Oct,Rainfed,5.8,118.8,31.4,60.4,82.9,57.1,58.8
Rice,Kharif,Clay,Jun,Sep,Irrigated,7.1,132.7,26.0,68.5,84.5,59.9,47.5
Rice,Kharif,Silt,Jul,Oct,Rainfed,7.0,123.2,31.6,60.7,95.2,41.9,57.9
Rice,Kharif,Loamy,Jun,Sep,Irrigated,7.9,127.5,23.1,73.3,81.7,46.5,49.9
Rice,Kharif,Clay,Jul,Oct,Rainfed,5.1,120.8,25.4,69.6,93.0,52.6,56.8
Rice,Kharif,Silt,Jun,Sep,Irrigated,5.3,112.9,30.5,71.8,90.4,55.2,57.4
Rice,Kharif,Loamy,Jul,Oct,Rainfed,5.5,110.8,39.8,77.2,96.4,52.3,44.4
Rice,Kharif,Clay,Jun,Sep,Irrigated,5.4,127.2,38.8,72.4,84.7,46.7,51.5
Rice,Kharif,Silt,Jul,Oct,Rainfed,5.4,130.8,39.9,61.7,95.6,45.7,51.4
Rice,Kharif,Loamy,Jun,Sep,Irrigated,5.2,134.3,35.2,67.2,81.7,53.3,54.8
Rice,Kharif,Clay,Jul,Oct,Rainfed,5.4,143.2,33.8,73.0,84.0,43.9,41.6
Rice,Kharif,Silt,Jun,Sep,Irrigated,5.6,140.1,35.8,72.0,89.4,57.1,49.8
Rice,Kharif,Loamy,Jul,Oct,Rainfed,5.2,129.0,28.3,67.6,89.5,50.4,51.6
Rice,Kharif,Clay,Jun,Sep,Irrigated,7.8,130.6,29.6,64.6,87.0,54.6,40.1
Rice,Kharif,Silt,Jul,Oct,Rainfed,5.0,120.3,20.5,63.4,97.6,40.9,59.4
Rice,Kharif,Loamy,Jun,Sep,Irrigated,6.1,127.3,37.9,74.6,82.2,51.9,52.1
Rice,Kharif,Clay,Jul,Oct,Rainfed,6.3,112.9,39.0,69.4,84.9,44.4,48.4
Rice,Kharif,Silt,Jun,Sep,Irrigated,7.1,136.5,33.4,73.1,91.3,48.9,57.5
Rice,Kharif,Loamy,Jul,Oct,Rainfed,7.8,147.9,34.1,78.6,98.1,56.9,50.7
Rice,Kharif,Clay,Jun,Sep,Irrigated,7.0,130.7,33.4,78.7,86.6,48.6,48.0
Rice,Kharif,Silt,Jul,Oct,Rainfed,7.4,124.6,27.0,74.5,99.1,51.2,44.9
Rice,Kharif,Loamy,Jun,Sep,Irrigated,5.8,126.0,31.8,68.5,85.9,53.6,53.6
Rice,Kharif,Clay,Jul,Oct,Rainfed,6.1,113.5,39.8,72.6,90.9,57.9,59.4
Rice,Kharif,Silt,Jun,Sep,Irrigated,7.4,120.2,27.1,75.3,81.5,54.8,41.7
Rice,Kharif,Loamy,Jul,Oct,Rainfed,7.8,130.1,39.0,63.8,88.5,58.7,50.7
Rice,Kharif,Clay,Jun,Sep,Irrigated,6.5,140.0,30.8,62.3,91.8,45.6,54.3
Rice,Kharif,Silt,Jul,Oct,Rainfed,7.9,122.8,25.7,70.3,88.2,42.7,52.5
Rice,Kharif,Loamy,Jun,Sep,Irrigated,5.1,134.3,31.3,76.1,88.4,55.6,55.3
Rice,Kharif,Clay,Jul,Oct,Rainfed,5.0,143.9,20.4,62.6,90.5,51.1,58.2
Rice,Kharif,Silt,Jun,Sep,Irrigated,7.4,137.4,30.0,66.8,95.7,57.1,42.2
Rice,Kharif,Loamy,Jul,Oct,Rainfed,6.8,134.0,21.1,78.5,83.6,49.6,55.9
Rice,Kharif,Clay,Jun,Sep,Irrigated,7.1,128.0,26.2,67.8,99.0,44.2,42.7
Rice,Kharif,Silt,Jul,Oct,Rainfed,5.7,128.8,22.8,69.8,98.6,43.3,41.1
Rice,Kharif,Loamy,Jun,Sep,Irrigated,7.1,130.7,24.7,63.2,95.2,54.2,44.1
Rice,Kharif,Clay,Jul,Oct,Rainfed,7.7,130.8,21.0,69.1,98.8,51.7,57.7
Rice,Kharif,Silt,Jun,Sep,Irrigated,7.2,121.0,33.8,78.7,98.7,59.1,50.0
Rice,Kharif,Loamy,Jul,Oct,Rainfed,5.7,143.6,26.2,66.0,95.1,45.1,46.9
Rice,Kharif,Clay,Jun,Sep,Irrigated,6.3,125.8,39.2,79.3,90.7,47.1,48.2
Rice,Kharif,Silt,Jul,Oct,Rainfed,6.2,144.0,38.8,63.6,84.2,44.3,51.5
Rice,Kharif,Loamy,Jun,Sep,Irrigated,5.6,118.0,38.5,61.3,92.3,41.0,47.7
Rice,Kharif,Clay,Jul,Oct,Rainfed,6.2,114.2,22.0,76.2,94.9,43.7,45.2
Rice,Kharif,Silt,Jun,Sep,Irrigated,5.2,129.2,28.0,62.4,90.5,45.6,56.8
Rice,Kharif,Loamy,Jul,Oct,Rainfed,5.6,117.0,25.2,66.7,86.3,58.2,43.1
Rice,Kharif,Clay,Jun,Sep,Irrigated,6.9,133.4,22.8,75.3,83.7,54.4,54.2
Rice,Kharif,Silt,Jul,Oct,Rainfed,7.2,144.2,33.1,73.6,100.0,46.1,54.1
Rice,Kharif,Loamy,Jun,Sep,Irrigated,5.0,115.9,28.6,65.6,99.4,40.1,54.7
Rice,Kharif,Clay,Jul,Oct,Rainfed,5.2,148.9,32.1,70.7,93.4,46.7,58.2
Rice,Kharif,Silt,Jun,Sep,Irrigated,7.9,120.4,25.7,64.7,93.3,52.8,45.5
Rice,Kharif,Loamy,Jul,Oct,Rainfed,5.4,135.0,35.0,60.2,83.9,42.7,50.2
Rice,Kharif,Clay,Jun,Sep,Irrigated,7.6,144.0,36.1,68.3,97.4,43.3,50.4
Rice,Kharif,Silt,Jul,Oct,Rainfed,7.4,139.6,35.7,71.0,80.5,54.3,49.1
Rice,Kharif,Loamy,Jun,Sep,Irrigated,7.9,119.1,38.7,74.1,91.8,41.4,45.9
Rice,Kharif,Clay,Jul,Oct,Rainfed,6.0,136.0,38.1,68.1,87.9,58.5,58.2
Rice,Kharif,Silt,Jun,Sep,Irrigated,6.1,130.2,31.8,73.3,94.3,40.0,48.3
Rice,Kharif,Loamy,Jul,Oct,Rainfed,6.5,112.3,21.4,67.2,86.2,59.7,45.2
Rice,Kharif,Clay,Jun,Sep,Irrigated,6.1,117.2,26.5,63.7,87.2,59.6,53.3
Rice,Kharif,Silt,Jul,Oct,Rainfed,5.1,141.1,39.1,79.1,81.3,59.2,55.7
Rice,Kharif,Loamy,Jun,Sep,Irrigated,7.5,142.3,28.8,66.1,92.5,44.7,43.1
Rice,Kharif,Clay,Jul,Oct,Rainfed,6.6,129.7,34.0,70.7,80.5,57.3,51.4
Rice,Kharif,Silt,Jun,Sep,Irrigated,6.4,147.0,33.1,68.2,82.1,40.9,50.0
Rice,Kharif,Loamy,Jul,Oct,Rainfed,5.9,124.7,39.5,72.4,89.1,40.2,47.1
Rice,Kharif,Clay,Jun,Sep,Irrigated,7.2,141.8,26.7,63.1,86.6,40.1,53.9
Rice,Kharif,Silt,Jul,Oct,Rainfed,7.4,136.3,38.1,65.2,96.6,54.9,58.1
Rice,Kharif,Loamy,Jun,Sep,Irrigated,5.7,135.8,26.8,73.7,81.5,58.8,51.2
Rice,Kharif,Clay,Jul,Oct,Rainfed,6.4,112.6,29.4,69.7,89.6,57.1,48.8
Rice,Kharif,Silt,Jun,Sep,Irrigated,6.9,142.1,34.3,60.1,92.2,56.9,45.4
Rice,Kharif,Loamy,Jul,Oct,Rainfed,6.8,147.1,22.2,64.5,92.5,50.1,51.9
Rice,Kharif,Clay,Jun,Sep,Irrigated,7.7,149.6,24.4,80.0,97.3,57.5,59.4
Rice,Kharif,Silt,Jul,Oct,Rainfed,5.7,129.9,33.3,72.8,83.3,53.0,41.4
Rice,Kharif,Loamy,Jun,Sep,Irrigated,5.3,138.5,25.0,72.7,94.5,58.5,55.5
Rice,Kharif,Clay,Jul,Oct,Rainfed,7.3,116.5,25.4,74.9,80.2,45.6,49.8
Rice,Kharif,Silt,Jun,Sep,Irrigated,6.3,113.6,21.4,66.8,94.1,40.6,52.4
Rice,Kharif,Loamy,Jul,Oct,Rainfed,6.1,145.6,31.1,66.4,82.4,43.4,50.2
Rice,Kharif,Clay,Jun,Sep,Irrigated,6.4,119.0,25.6,69.3,94.2,40.5,41.1
Rice,Kharif,Silt,Jul,Oct,Rainfed,6.7,111.4,33.9,67.2,83.4,51.1,47.2
Rice,Kharif,Loamy,Jun,Sep,Irrigated,6.8,149.9,37.3,75.2,90.8,43.7,47.6
Rice,Kharif,Clay,Jul,Oct,Rainfed,7.4,130.3,30.3,68.2,83.4,49.8,41.4
Rice,Kharif,Silt,Jun,Sep,Irrigated,5.9,115.3,25.7,78.4,88.0,58.1,55.4
Rice,Kharif,Loamy,Jul,Oct,Rainfed,7.3,113.7,28.3,65.0,83.7,55.8,50.0
Rice,Kharif,Clay,Jun,Sep,Irrigated,6.6,112.9,39.4,69.2,88.4,48.0,46.9
Rice,Kharif,Silt,Jul,Oct,Rainfed,8.0,133.4,23.5,76.0,97.1,49.2,53.2
Rice,Kharif,Loamy,Jun,Sep,Irrigated,5.9,113.7,30.7,69.2,94.1,50.3,45.3
Rice,Kharif,Clay,Jul,Oct,Rainfed,5.1,126.9,22.6,63.2,86.7,51.4,43.6
Rice,Kharif,Silt,Jun,Sep,Irrigated,7.0,131.9,25.8,62.9,82.1,48.5,49.9
Rice,Kharif,Loamy,Jul,Oct,Rainfed,7.0,141.3,31.7,73.8,89.5,47.8,40.2
Rice,Kharif,Clay,Jun,Sep,Irrigated,6.1,141.2,22.7,64.7,89.0,47.6,49.2
Rice,Kharif,Silt,Jul,Oct,Rainfed,5.4,125.3,37.1,76.6,91.5,52.4,57.7
Rice,Kharif,Loamy,Jun,Sep,Irrigated,6.9,140.0,23.1,70.3,87.3,41.1,41.7
Rice,Kharif,Clay,Jul,Oct,Rainfed,6.6,133.6,26.6,70.9,88.4,50.4,48.2
Rice,Kharif,Silt,Jun,Sep,Irrigated,5.4,123.6,32.7,76.4,95.0,48.4,55.7
Rice,Kharif,Loamy,Jul,Oct,Rainfed,7.1,122.6,23.8,70.6,98.6,59.4,47.6
Rice,Kharif,Clay,Jun,Sep,Irrigated,5.3,139.1,39.7,65.0,97.4,45.6,42.0
Rice,Kharif,Silt,Jul,Oct,Rainfed,5.8,132.4,34.5,73.5,90.4,49.5,42.4
Rice,Kharif,Loamy,Jun,Sep,Irrigated,6.5,117.3,33.0,66.2,81.8,49.8,44.5
Rice,Kharif,Clay,Jul,Oct,Rainfed,6.8,143.9,29.3,78.1,86.2,59.8,51.8
Rice,Kharif,Silt,Jun,Sep,Irrigated,7.0,123.3,33.2,71.3,82.7,49.2,44.2
Rice,Kharif,Loamy,Jul,Oct,Rainfed,5.8,119.6,32.8,67.7,89.1,55.8,59.4
Rice,Kharif,Clay,Jun,Sep,Irrigated,7.9,124.8,21.5,66.1,90.7,58.3,48.6
Rice,Kharif,Silt,Jul,Oct,Rainfed,6.1,143.0,29.1,74.9,83.2,56.0,52.8
Rice,Kharif,Loamy,Jun,Sep,Irrigated,7.7,119.0,27.0,64.9,91.7,57.2,45.7
Rice,Kharif,Clay,Jul,Oct,Rainfed,6.2,146.4,28.9,69.0,90.1,52.9,43.3
Rice,Kharif,Silt,Jun,Sep,Irrigated,5.7,147.3,36.1,64.8,90.4,49.6,46.4
Rice,Kharif,Loamy,Jul,Oct,Rainfed,6.1,133.6,37.8,65.7,88.5,52.4,44.5
Rice,Kharif,Clay,Jun,Sep,Irrigated,7.0,112.3,31.9,76.0,99.6,40.3,40.4
Rice,Kharif,Silt,Jul,Oct,Rainfed,5.8,127.0,24.0,62.9,84.1,49.3,53.6
Rice,Kharif,Loamy,Jun,Sep,Irrigated,7.4,149.3,38.6,75.2,92.0,47.3,48.7
Rice,Kharif,Clay,Jul,Oct,Rainfed,6.2,147.2,21.4,68.0,82.5,59.1,42.4
Rice,Kharif,Silt,Jun,Sep,Irrigated,5.4,136.7,35.6,77.7,97.8,53.5,47.5
Rice,Kharif,Loamy,Jul,Oct,Rainfed,5.6,124.5,28.3,62.6,83.4,48.0,55.4
Rice,Kharif,Clay,Jun,Sep,Irrigated,6.1,120.2,30.1,63.5,84.0,50.9,59.7
Rice,Kharif,Silt,Jul,Oct,Rainfed,5.6,138.0,21.2,71.5,82.0,42.1,59.7
Rice,Kharif,Loamy,Jun,Sep,Irrigated,7.7,113.5,30.3,65.7,90.4,58.8,55.1
Rice,Kharif,Clay,Jul,Oct,Rainfed,6.2,135.7,25.7,70.2,81.0,50.1,59.4
Rice,Kharif,Silt,Jun,Sep,Irrigated,5.0,112.1,29.5,78.6,91.5,41.2,54.9
Rice,Kharif,Loamy,Jul,Oct,Rainfed,7.8,125.7,29.4,61.2,90.3,51.4,45.1
Rice,Kharif,Clay,Jun,Sep,Irrigated,5.8,131.8,25.3,68.9,82.3,54.0,47.1
Rice,Kharif,Silt,Jul,Oct,Rainfed,5.2,129.6,21.2,70.0,86.8,40.7,41.3
Rice,Kharif,Loamy,Jun,Sep,Irrigated,7.7,135.5,39.5,62.8,97.5,59.3,52.7
Rice,Kharif,Clay,Jul,Oct,Rainfed,7.4,117.5,23.9,63.8,84.1,49.8,59.5
Rice,Kharif,Silt,Jun,Sep,Irrigated,6.7,134.8,36.5,75.3,87.1,52.6,53.7
Rice,Kharif,Loamy,Jul,Oct,Rainfed,7.4,145.4,25.2,71.4,87.9,41.8,51.5
Rice,Kharif,Clay,Jun,Sep,Irrigated,7.5,117.8,21.2,72.4,83.5,56.4,50.6
Rice,Kharif,Silt,Jul,Oct,Rainfed,5.7,141.3,24.0,78.9,92.0,43.4,49.8
Rice,Kharif,Loamy,Jun,Sep,Irrigated,6.5,126.8,29.2,75.2,87.8,43.0,52.5
Rice,Kharif,Clay,Jul,Oct,Rainfed,7.5,143.5,26.3,66.8,99.4,53.7,58.4
Rice,Kharif,Silt,Jun,Sep,Irrigated,7.2,124.3,28.9,62.6,98.4,42.0,55.0
Rice,Kharif,Loamy,Jul,Oct,Rainfed,5.8,112.5,28.7,70.1,85.3,51.8,50.3
Rice,Kharif,Clay,Jun,Sep,Irrigated,5.1,139.6,29.9,74.3,83.8,44.4,45.8
Rice,Kharif,Silt,Jul,Oct,Rainfed,6.8,144.5,29.4,76.6,89.9,54.2,49.6
Rice,Kharif,Loamy,Jun,Sep,Irrigated,6.0,147.7,27.7,71.6,86.8,40.6,50.5
Rice,Kharif,Clay,Jul,Oct,Rainfed,5.0,139.0,28.4,68.0,87.0,45.3,55.8
Rice,Kharif,Silt,Jun,Sep,Irrigated,6.4,137.8,33.1,64.5,92.7,45.5,40.1
Rice,Kharif,Loamy,Jul,Oct,Rainfed,5.4,138.2,22.1,64.2,98.3,53.0,41.8
Rice,Kharif,Clay,Jun,Sep,Irrigated,6.7,124.6,39.2,76.4,85.0,55.8,54.4
Rice,Kharif,Silt,Jul,Oct,Rainfed,6.6,143.9,34.1,60.8,81.5,42.9,40.5
Rice,Kharif,Loamy,Jun,Sep,Irrigated,5.7,112.1,26.7,68.5,87.9,55.4,54.8
Rice,Kharif,Clay,Jul,Oct,Rainfed,7.4,137.2,31.9,79.2,88.8,55.3,47.4
Rice,Kharif,Silt,Jun,Sep,Irrigated,5.9,118.2,26.6,60.0,87.8,41.8,46.5
Rice,Kharif,Loamy,Jul,Oct,Rainfed,7.9,129.0,30.9,79.5,83.3,44.6,46.8
Rice,Kharif,Clay,Jun,Sep,Irrigated,6.7,113.7,32.6,68.4,96.6,46.2,57.3
Rice,Kharif,Silt,Jul,Oct,Rainfed,7.6,119.1,22.8,68.2,86.1,53.7,59.6
Rice,Kharif,Loamy,Jun,Sep,Irrigated,6.3,145.7,37.6,63.7,83.2,58.4,40.5
Rice,Kharif,Clay,Jul,Oct,Rainfed,5.2,118.7,30.8,61.9,85.9,44.0,57.0
Rice,Kharif,Silt,Jun,Sep,Irrigated,5.7,131.3,26.3,76.2,93.2,53.0,41.3
Rice,Kharif,Loamy,Jul,Oct,Rainfed,7.8,115.5,30.8,62.7,98.2,48.0,58.5
Rice,Kharif,Clay,Jun,Sep,Irrigated,6.8,127.3,30.6,60.4,85.4,44.0,54.0
Rice,Kharif,Silt,Jul,Oct,Rainfed,6.9,144.2,28.7,60.2,96.1,46.0,57.5
Rice,Kharif,Loamy,Jun,Sep,Irrigated,5.9,141.4,33.1,74.9,86.1,56.9,43.6
Rice,Kharif,Clay,Jul,Oct,Rainfed,6.3,118.0,26.9,61.7,95.0,42.6,46.3
Rice,Kharif,Silt,Jun,Sep,Irrigated,7.0,149.2,31.0,64.6,93.5,48.5,50.1
Rice,Kharif,Loamy,Jul,Oct,Rainfed,7.1,116.7,24.3,64.0,97.3,55.0,54.6
Rice,Kharif,Clay,Jun,Sep,Irrigated,6.2,139.0,24.3,68.5,88.4,50.3,54.2
Rice,Kharif,Silt,Jul,Oct,Rainfed,6.6,118.1,26.5,66.4,88.4,53.5,56.1
Rice,Kharif,Loamy,Jun,Sep,Irrigated,6.5,138.1,24.5,69.0,80.3,48.9,43.4
Rice,Kharif,Clay,Jul,Oct,Rainfed,6.4,143.6,39.9,74.5,97.8,44.9,46.8
Rice,Kharif,Silt,Jun,Sep,Irrigated,5.1,139.3,39.8,75.9,91.1,42.9,58.7
Rice,Kharif,Loamy,Jul,Oct,Rainfed,6.2,119.2,21.0,63.1,84.8,50.2,57.4
Rice,Kharif,Clay,Jun,Sep,Irrigated,5.2,146.0,32.5,76.5,85.0,45.1,58.0
Rice,Kharif,Silt,Jul,Oct,Rainfed,7.5,143.4,27.0,66.6,85.6,58.0,44.9
Rice,Kharif,Loamy,Jun,Sep,Irrigated,8.0,131.4,36.6,77.7,83.9,54.6,42.5
Rice,Kharif,Clay,Jul,Oct,Rainfed,6.1,134.4,36.7,65.1,88.4,49.2,59.7
Rice,Kharif,Silt,Jun,Sep,Irrigated,7.4,145.0,21.3,63.6,81.5,53.2,54.2
Rice,Kharif,Loamy,Jul,Oct,Rainfed,6.6,124.1,35.6,79.1,92.5,51.4,41.6
Rice,Kharif,Clay,Jun,Sep,Irrigated,6.7,120.1,27.6,62.6,84.2,55.1,40.7
Rice,Kharif,Silt,Jul,Oct,Rainfed,5.6,135.4,31.5,71.0,94.5,44.6,48.4
Rice,Kharif,Loamy,Jun,Sep,Irrigated,5.8,115.4,39.4,74.9,86.6,57.6,43.0
Rice,Kharif,Clay,Jul,Oct,Rainfed,6.3,135.2,22.1,74.4,87.6,52.6,55.7
Rice,Kharif,Silt,Jun,Sep,Irrigated,5.8,127.3,34.7,79.1,97.2,48.8,54.2
Rice,Kharif,Loamy,Jul,Oct,Rainfed,5.2,139.7,27.9,75.3,99.2,51.9,58.8
Rice,Kharif,Clay,Jun,Sep,Irrigated,6.5,111.0,34.2,71.7,92.1,59.0,52.1
Rice,Kharif,Silt,Jul,Oct,Rainfed,6.3,122.7,30.2,68.7,95.2,50.9,44.6
Rice,Kharif,Loamy,Jun,Sep,Irrigated,6.0,135.1,37.9,60.3,82.5,45.6,54.6
Rice,Kharif,Clay,Jul,Oct,Rainfed,6.4,123.8,28.8,64.6,87.7,53.0,50.1
Rice,Kharif,Silt,Jun,Sep,Irrigated,6.6,148.4,23.0,66.4,88.3,55.0,59.0
Rice,Kharif,Loamy,Jul,Oct,Rainfed,7.0,147.7,20.6,62.3,89.8,57.8,59.7
Rice,Kharif,Clay,Jun,Sep,Irrigated,5.2,133.0,36.4,69.6,96.9,49.6,56.4
Rice,Kharif,Silt,Jul,Oct,Rainfed,6.5,130.6,39.3,60.7,95.9,58.3,41.1
Rice,Kharif,Loamy,Jun,Sep,Irrigated,5.2,114.2,33.9,61.5,87.1,40.8,45.2
Rice,Kharif,Clay,Jul,Oct,Rainfed,5.6,139.3,29.2,67.9,98.9,43.0,45.4
Rice,Kharif,Silt,Jun,Sep,Irrigated,7.9,118.1,26.2,76.5,92.3,59.5,59.6
Rice,Kharif,Loamy,Jul,Oct,Rainfed,6.7,143.1,35.1,76.8,95.1,53.5,50.3
Rice,Kharif,Clay,Jun,Sep,Irrigated,7.5,129.9,37.1,77.9,97.2,46.2,43.4
Rice,Kharif,Silt,Jul,Oct,Rainfed,5.9,135.4,38.5,60.5,88.8,49.4,42.2
Rice,Kharif,Loamy,Jun,Sep,Irrigated,7.9,112.7,32.1,61.0,88.7,44.9,56.0
Rice,Kharif,Clay,Jul,Oct,Rainfed,7.7,116.9,36.3,78.1,84.7,52.7,51.1
Rice,Kharif,Silt,Jun,Sep,Irrigated,7.2,126.0,28.8,68.3,82.3,51.5,48.1
Rice,Kharif,Loamy,Jul,Oct,Rainfed,5.4,129.5,20.5,78.3,97.2,56.7,52.7
Rice,Kharif,Clay,Jun,Sep,Irrigated,7.6,115.7,25.6,77.4,87.6,56.2,54.1
Rice,Kharif,Silt,Jul,Oct,Rainfed,6.5,143.0,35.1,69.8,81.6,41.9,58.0
Rice,Kharif,Loamy,Jun,Sep,Irrigated,6.0,141.4,20.6,69.5,83.5,53.5,43.6
Rice,Kharif,Clay,Jul,Oct,Rainfed,7.8,135.4,23.2,79.4,90.1,53.8,55.0
Rice,Kharif,Silt,Jun,Sep,Irrigated,6.1,122.2,29.4,75.3,92.8,45.8,43.7
Rice,Kharif,Loamy,Jul,Oct,Rainfed,7.0,138.2,25.3,76.8,85.4,43.3,59.5
Rice,Kharif,Clay,Jun,Sep,Irrigated,7.6,118.7,37.5,70.9,85.8,48.5,45.1
Rice,Kharif,Silt,Jul,Oct,Rainfed,7.9,121.1,22.8,73.7,99.2,58.1,42.4
Rice,Kharif,Loamy,Jun,Sep,Irrigated,6.3,128.9,22.1,63.9,91.4,53.5,54.9
Rice,Kharif,Clay,Jul,Oct,Rainfed,6.1,136.7,29.0,79.0,89.8,44.5,46.4
Rice,Kharif,Silt,Jun,Sep,Irrigated,5.1,123.1,36.2,75.9,96.9,41.5,46.1
Rice,Kharif,Loamy,Jul,Oct,Rainfed,5.3,141.8,27.6,70.7,84.9,59.2,41.4
Rice,Kharif,Clay,Jun,Sep,Irrigated,8.0,131.6,37.1,68.8,97.0,57.9,51.3
Rice,Kharif,Silt,Jul,Oct,Rainfed,6.8,130.4,25.7,68.3,93.7,46.3,52.6
Rice,Kharif,Loamy,Jun,Sep,Irrigated,6.1,143.0,24.7,60.1,96.7,44.2,40.2
Rice,Kharif,Clay,Jul,Oct,Rainfed,5.4,133.0,33.6,68.0,94.8,50.4,57.0
Rice,Kharif,Silt,Jun,Sep,Irrigated,7.7,123.4,30.2,72.8,80.1,54.4,59.6
Rice,Kharif,Loamy,Jul,Oct,Rainfed,6.7,132.7,35.2,68.1,85.6,48.1,55.6
Rice,Kharif,Clay,Jun,Sep,Irrigated,6.4,130.2,33.5,63.3,81.6,55.4,57.9
Rice,Kharif,Silt,Jul,Oct,Rainfed,7.8,123.6,34.5,72.0,81.6,53.9,48.1
Rice,Kharif,Loamy,Jun,Sep,Irrigated,6.3,148.8,38.2,66.2,86.0,57.4,51.4
Rice,Kharif,Clay,Jul,Oct,Rainfed,5.2,115.0,22.0,74.6,97.4,42.4,52.2
Rice,Kharif,Silt,Jun,Sep,Irrigated,6.5,145.3,29.6,67.4,81.5,47.0,46.7
Rice,Kharif,Loamy,Jul,Oct,Rainfed,7.8,120.9,38.9,70.2,98.6,56.4,55.4
Rice,Kharif,Clay,Jun,Sep,Irrigated,5.3,119.0,20.6,68.7,92.2,46.0,55.9
Rice,Kharif,Silt,Jul,Oct,Rainfed,5.2,118.0,37.0,76.1,97.7,49.1,41.3
Rice,Kharif,Loamy,Jun,Sep,Irrigated,7.3,133.1,27.7,66.9,94.5,59.9,40.8
Rice,Kharif,Clay,Jul,Oct,Rainfed,8.0,128.1,26.8,60.1,91.5,47.5,59.2
Rice,Kharif,Silt,Jun,Sep,Irrigated,7.4,149.0,26.0,74.5,98.0,41.0,47.3
Rice,Kharif,Loamy,Jul,Oct,Rainfed,5.6,130.6,27.7,68.1,84.2,40.8,57.4
Rice,Kharif,Clay,Jun,Sep,Irrigated,5.7,113.6,37.2,74.9,88.3,56.4,49.7
Rice,Kharif,Silt,Jul,Oct,Rainfed,7.5,118.4,38.5,73.0,81.6,47.7,50.8
Rice,Kharif,Loamy,Jun,Sep,Irrigated,7.7,131.5,33.9,63.9,88.9,59.0,49.7
Rice,Kharif,Clay,Jul,Oct,Rainfed,7.7,124.5,27.7,73.5,86.9,52.4,40.5
Rice,Kharif,Silt,Jun,Sep,Irrigated,7.2,145.7,30.4,79.3,85.5,44.7,46.0
Rice,Kharif,Loamy,Jul,Oct,Rainfed,6.8,121.7,31.2,62.0,94.2,45.0,43.0
Rice,Kharif,Clay,Jun,Sep,Irrigated,7.3,116.5,26.8,67.4,94.5,55.4,50.0
Rice,Kharif,Silt,Jul,Oct,Rainfed,5.3,140.8,24.1,60.5,90.6,52.0,49.3
Rice,Kharif,Loamy,Jun,Sep,Irrigated,7.9,134.5,31.0,64.1,86.9,45.1,51.8
Rice,Kharif,Clay,Jul,Oct,Rainfed,6.4,135.3,28.1,72.1,81.5,53.2,50.5
Rice,Kharif,Silt,Jun,Sep,Irrigated,5.3,143.4,34.5,78.3,91.6,45.5,54.5
Rice,Kharif,Loamy,Jul,Oct,Rainfed,7.5,128.3,36.1,77.5,99.9,56.2,47.9
Rice,Kharif,Clay,Jun,Sep,Irrigated,7.0,135.9,36.6,71.2,81.0,56.2,51.0
Rice,Kharif,Silt,Jul,Oct,Rainfed,6.5,142.7,22.2,62.6,89.5,56.9,59.3
Rice,Kharif,Loamy,Jun,Sep,Irrigated,8.0,149.2,32.0,70.5,93.7,48.9,47.3
Rice,Kharif,Clay,Jul,Oct,Rainfed,5.7,135.0,37.7,64.2,90.8,45.4,43.7
Rice,Kharif,Silt,Jun,Sep,Irrigated,5.0,124.1,37.2,61.5,89.3,42.0,52.4
Rice,Kharif,Loamy,Jul,Oct,Rainfed,5.6,141.9,27.9,78.2,92.4,42.5,43.1
Rice,Kharif,Clay,Jun,Sep,Irrigated,5.5,138.0,25.8,67.2,87.7,59.0,46.0
Rice,Kharif,Silt,Jul,Oct,Rainfed,6.1,115.1,31.9,71.1,93.4,53.4,55.1
Rice,Kharif,Loamy,Jun,Sep,Irrigated,7.3,119.4,31.6,71.0,91.5,48.8,57.1
Rice,Kharif,Clay,Jul,Oct,Rainfed,5.9,140.0,31.0,65.1,83.2,49.4,54.2
Rice,Kharif,Silt,Jun,Sep,Irrigated,5.5,112.2,21.9,67.0,87.6,44.6,52.0
Rice,Kharif,Loamy,Jul,Oct,Rainfed,7.3,130.7,34.9,73.7,82.5,46.5,56.3
Rice,Kharif,Clay,Jun,Sep,Irrigated,6.6,135.7,22.3,76.0,83.1,56.8,54.9
Rice,Kharif,Silt,Jul,Oct,Rainfed,7.9,131.9,38.5,61.0,82.6,48.4,51.2
Rice,Kharif,Loamy,Jun,Sep,Irrigated,7.5,112.5,23.1,70.1,99.3,54.4,40.7
Rice,Kharif,Clay,Jul,Oct,Rainfed,7.9,137.1,38.5,73.2,94.6,55.9,42.5
Rice,Kharif,Silt,Jun,Sep,Irrigated,7.5,119.7,39.3,66.2,94.4,48.5,53.5
Rice,Kharif,Loamy,Jul,Oct,Rainfed,7.3,120.1,24.4,68.5,93.9,51.8,46.7
Rice,Kharif,Clay,Jun,Sep,Irrigated,7.9,128.9,24.1,66.7,93.9,53.1,48.1
Rice,Kharif,Silt,Jul,Oct,Rainfed,7.4,147.2,21.0,64.0,96.3,44.0,42.0
Rice,Kharif,Loamy,Jun,Sep,Irrigated,5.5,138.4,24.1,72.1,94.9,45.2,54.0
Rice,Kharif,Clay,Jul,Oct,Rainfed,5.1,111.9,34.5,75.7,91.9,51.0,50.7
Rice,Kharif,Silt,Jun,Sep,Irrigated,6.8,134.2,35.6,65.5,80.3,51.1,55.8
Rice,Kharif,Loamy,Jul,Oct,Rainfed,7.7,145.7,33.3,71.6,93.1,46.0,52.0
Rice,Kharif,Clay,Jun,Sep,Irrigated,6.5,140.3,35.5,61.6,87.1,44.0,45.1
Rice,Kharif,Silt,Jul,Oct,Rainfed,7.6,129.8,40.0,61.6,80.5,45.1,52.8
Rice,Kharif,Loamy,Jun,Sep,Irrigated,5.1,139.8,21.3,63.3,86.2,53.9,50.9
Rice,Kharif,Clay,Jul,Oct,Rainfed,7.9,119.0,30.2,67.5,85.0,54.2,54.6
Rice,Kharif,Silt,Jun,Sep,Irrigated,6.1,110.6,36.0,63.7,91.7,57.9,46.5
Rice,Kharif,Loamy,Jul,Oct,Rainfed,5.1,129.3,36.1,79.0,96.6,56.9,54.1
Rice,Kharif,Clay,Jun,Sep,Irrigated,7.0,147.0,24.1,78.1,92.4,49.1,40.0
Rice,Kharif,Silt,Jul,Oct,Rainfed,7.0,121.8,21.3,78.1,85.9,41.4,49.4
Rice,Kharif,Loamy,Jun,Sep,Irrigated,5.2,122.3,27.4,75.3,85.2,55.3,40.6
Rice,Kharif,Clay,Jul,Oct,Rainfed,6.2,129.4,21.7,77.4,97.1,55.9,56.7
Rice,Kharif,Silt,Jun,Sep,Irrigated,6.3,138.0,36.0,69.9,84.6,44.3,57.6
Rice,Kharif,Loamy,Jul,Oct,Rainfed,6.9,113.9,24.6,70.6,89.9,44.1,59.4
Rice,Kharif,Clay,Jun,Sep,Irrigated,5.1,139.7,30.5,66.5,99.6,54.7,57.1
Rice,Kharif,Silt,Jul,Oct,Rainfed,5.9,117.2,25.6,74.4,92.1,50.3,58.6
Rice,Kharif,Loamy,Jun,Sep,Irrigated,5.7,131.6,29.4,70.9,85.2,40.5,44.1
Rice,Kharif,Clay,Jul,Oct,Rainfed,5.5,112.9,28.2,69.2,98.7,52.4,48.7
Rice,Kharif,Silt,Jun,Sep,Irrigated,5.4,125.7,39.4,66.1,92.9,57.4,50.4
Rice,Kharif,Loamy,Jul,Oct,Rainfed,6.6,120.2,28.1,67.0,99.0,57.9,51.0
Rice,Kharif,Clay,Jun,Sep,Irrigated,7.0,113.8,30.5,65.7,80.1,45.5,57.6
Rice,Kharif,Silt,Jul,Oct,Rainfed,7.0,143.6,20.7,76.9,84.0,49.0,53.9
Rice,Kharif,Loamy,Jun,Sep,Irrigated,7.6,123.8,32.9,68.5,98.1,45.0,43.3
Rice,Kharif,Clay,Jul,Oct,Rainfed,7.8,128.2,26.1,75.8,83.5,59.4,59.4
Rice,Kharif,Silt,Jun,Sep,Irrigated,7.0,119.4,26.5,76.2,92.5,41.8,56.5
Rice,Kharif,Loamy,Jul,Oct,Rainfed,6.5,136.0,30.0,60.2,85.1,59.0,47.0
Rice,Kharif,Clay,Jun,Sep,Irrigated,6.7,131.4,26.0,68.4,96.6,46.9,45.8
Rice,Kharif,Silt,Jul,Oct,Rainfed,6.3,127.3,31.2,71.9,83.7,57.7,41.4
Rice,Kharif,Loamy,Jun,Sep,Irrigated,6.2,123.9,24.0,60.6,86.7,44.4,50.2
Rice,Kharif,Clay,Jul,Oct,Rainfed,5.0,148.9,23.3,64.6,95.4,46.1,42.7
Rice,Kharif,Silt,Jun,Sep,Irrigated,5.1,129.3,28.4,72.7,85.0,50.6,50.4
Rice,Kharif,Loamy,Jul,Oct,Rainfed,7.3,127.6,30.7,77.6,97.5,43.9,55.9
Rice,Kharif,Clay,Jun,Sep,Irrigated,6.1,135.5,27.5,69.5,80.2,55.2,51.7
Rice,Kharif,Silt,Jul,Oct,Rainfed,5.4,118.3,21.7,61.8,93.2,53.1,50.4
Rice,Kharif,Loamy,Jun,Sep,Irrigated,5.4,126.8,31.6,63.5,88.6,42.8,43.1
Rice,Kharif,Clay,Jul,Oct,Rainfed,7.2,148.1,39.0,70.7,94.2,40.1,51.1
Rice,Kharif,Silt,Jun,Sep,Irrigated,6.5,121.1,31.5,72.0,84.6,41.6,43.8
Rice,Kharif,Loamy,Jul,Oct,Rainfed,6.9,128.8,35.1,63.8,90.8,44.8,43.0
Rice,Kharif,Clay,Jun,Sep,Irrigated,6.7,124.1,22.4,66.7,94.3,44.4,42.3
Rice,Kharif,Silt,Jul,Oct,Rainfed,6.1,140.6,21.3,69.8,92.4,48.8,54.1
Rice,Kharif,Loamy,Jun,Sep,Irrigated,6.9,121.6,27.5,60.4,86.2,52.4,46.0
Rice,Kharif,Clay,Jul,Oct,Rainfed,5.4,140.6,21.5,62.3,99.8,43.4,49.5
Rice,Kharif,Silt,Jun,Sep,Irrigated,6.6,135.3,38.7,69.8,99.8,59.5,47.2
Rice,Kharif,Loamy,Jul,Oct,Rainfed,5.3,121.6,29.9,79.1,80.5,45.7,47.4
Rice,Kharif,Clay,Jun,Sep,Irrigated,5.5,143.3,24.9,79.8,82.0,42.4,57.5
Rice,Kharif,Silt,Jul,Oct,Rainfed,7.0,132.6,34.8,62.8,83.4,51.6,42.1
Rice,Kharif,Loamy,Jun,Sep,Irrigated,6.9,148.1,23.9,61.2,91.4,55.0,56.2
Rice,Kharif,Clay,Jul,Oct,Rainfed,5.6,139.3,20.5,61.1,83.5,46.4,56.8
Rice,Kharif,Silt,Jun,Sep,Irrigated,5.6,118.3,27.9,77.0,87.3,56.7,60.0
Rice,Kharif,Loamy,Jul,Oct,Rainfed,5.9,146.2,27.2,68.6,81.3,46.9,53.8
Rice,Kharif,Clay,Jun,Sep,Irrigated,6.4,148.9,33.5,60.6,99.8,59.0,54.4
Rice,Kharif,Silt,Jul,Oct,Rainfed,6.0,125.0,25.0,73.0,92.7,51.5,52.9
Rice,Kharif,Loamy,Jun,Sep,Irrigated,5.7,126.7,22.5,79.4,87.7,47.6,58.9
Rice,Kharif,Clay,Jul,Oct,Rainfed,5.9,139.2,20.3,67.1,84.3,46.7,41.9
Rice,Kharif,Silt,Jun,Sep,Irrigated,6.4,129.8,39.7,71.0,86.8,43.8,55.8
Rice,Kharif,Loamy,Jul,Oct,Rainfed,5.9,129.2,22.4,75.1,94.7,57.2,54.4
Rice,Kharif,Clay,Jun,Sep,Irrigated,6.4,112.1,37.7,74.0,93.3,52.3,59.2
Rice,Kharif,Silt,Jul,Oct,Rainfed,6.5,138.2,27.0,70.0,89.1,56.8,51.3
Rice,Kharif,Loamy,Jun,Sep,Irrigated,5.5,122.9,20.3,60.5,82.4,42.7,45.7
Rice,Kharif,Clay,Jul,Oct,Rainfed,8.0,147.7,24.0,70.7,82.6,54.9,49.0
Rice,Kharif,Silt,Jun,Sep,Irrigated,5.4,112.1,37.6,73.2,87.9,56.2,45.3
Rice,Kharif,Loamy,Jul,Oct,Rainfed,7.2,126.0,28.8,73.0,88.9,49.7,57.6
Rice,Kharif,Clay,Jun,Sep,Irrigated,5.3,129.0,22.1,70.1,93.6,57.9,51.7
Rice,Kharif,Silt,Jul,Oct,Rainfed,5.1,126.2,34.9,65.5,98.1,59.3,53.7
Rice,Kharif,Loamy,Jun,Sep,Irrigated,5.0,146.6,29.7,73.9,99.7,40.1,48.5
Rice,Kharif,Clay,Jul,Oct,Rainfed,6.2,115.3,30.0,61.1,81.0,43.6,42.7
Rice,Kharif,Silt,Jun,Sep,Irrigated,7.8,113.8,30.9,77.0,94.2,46.2,57.6
Rice,Kharif,Loamy,Jul,Oct,Rainfed,6.5,124.0,36.0,75.7,88.7,46.9,58.0
Rice,Kharif,Clay,Jun,Sep,Irrigated,7.4,130.9,35.8,72.9,87.1,57.4,59.0
Rice,Kharif,Silt,Jul,Oct,Rainfed,7.3,145.0,26.1,60.6,95.6,53.3,44.7
Rice,Kharif,Loamy,Jun,Sep,Irrigated,6.1,116.9,29.9,79.1,83.9,44.8,44.6
Rice,Kharif,Clay,Jul,Oct,Rainfed,5.3,132.3,26.1,68.9,83.1,51.3,40.0
Rice,Kharif,Silt,Jun,Sep,Irrigated,6.6,138.2,24.7,80.0,96.6,52.4,50.2
Rice,Kharif,Loamy,Jul,Oct,Rainfed,7.9,122.2,24.8,75.7,83.9,48.3,52.5
Rice,Kharif,Clay,Jun,Sep,Irrigated,5.5,136.2,31.9,74.1,92.4,52.9,45.3
Rice,Kharif,Silt,Jul,Oct,Rainfed,6.7,140.1,38.8,67.5,84.6,48.9,44.8
Rice,Kharif,Loamy,Jun,Sep,Irrigated,5.8,126.3,33.4,68.8,97.1,48.9,40.8
Rice,Kharif,Clay,Jul,Oct,Rainfed,6.1,130.9,21.2,65.5,85.1,58.1,54.2
Rice,Kharif,Silt,Jun,Sep,Irrigated,5.3,146.2,34.5,74.2,81.9,53.3,42.7
Rice,Kharif,Loamy,Jul,Oct,Rainfed,6.6,122.9,24.7,76.1,90.5,56.6,54.4
Rice,Kharif,Clay,Jun,Sep,Irrigated,6.3,137.0,39.0,70.0,92.8,47.1,46.3
Rice,Kharif,Silt,Jul,Oct,Rainfed,7.5,132.6,24.7,76.8,95.5,53.1,44.4
Rice,Kharif,Loamy,Jun,Sep,Irrigated,5.5,141.2,39.7,60.9,92.3,44.2,48.7
Rice,Kharif,Clay,Jul,Oct,Rainfed,5.5,130.9,39.3,68.4,98.7,46.9,44.1
Rice,Kharif,Silt,Jun,Sep,Irrigated,7.5,129.1,39.9,60.0,92.1,59.9,52.8
Rice,Kharif,Loamy,Jul,Oct,Rainfed,7.8,111.6,32.7,79.0,96.2,50.2,56.7
Rice,Kharif,Clay,Jun,Sep,Irrigated,5.6,111.8,28.6,75.7,98.3,57.0,51.8
Rice,Kharif,Silt,Jul,Oct,Rainfed,7.3,149.4,24.5,65.6,86.7,41.0,40.4
Rice,Kharif,Loamy,Jun,Sep,Irrigated,6.1,114.5,24.6,60.6,95.9,58.6,41.0
Rice,Kharif,Clay,Jul,Oct,Rainfed,6.6,136.8,33.1,77.1,90.6,54.5,56.7
Rice,Kharif,Silt,Jun,Sep,Irrigated,6.6,149.0,31.8,73.4,96.4,60.0,45.3
Rice,Kharif,Loamy,Jul,Oct,Rainfed,5.1,119.2,25.8,60.0,91.5,59.3,59.6
Rice,Kharif,Clay,Jun,Sep,Irrigated,8.0,121.9,33.7,70.2,91.7,40.5,48.8
Rice,Kharif,Silt,Jul,Oct,Rainfed,6.9,129.5,23.0,68.6,83.8,57.0,45.7
Rice,Kharif,Loamy,Jun,Sep,Irrigated,7.6,134.0,27.4,70.7,88.2,41.0,42.8
Rice,Kharif,Clay,Jul,Oct,Rainfed,6.1,114.4,30.4,61.7,89.9,45.8,42.1
Rice,Kharif,Silt,Jun,Sep,Irrigated,7.7,113.3,32.4,75.4,98.5,51.8,47.0
Rice,Kharif,Loamy,Jul,Oct,Rainfed,6.6,138.5,27.1,80.0,94.7,40.2,47.2
Rice,Kharif,Clay,Jun,Sep,Irrigated,5.5,113.1,30.9,78.4,82.8,44.1,53.5
Rice,Kharif,Silt,Jul,Oct,Rainfed,5.9,136.5,23.2,73.4,98.0,41.3,59.6
Rice,Kharif,Loamy,Jun,Sep,Irrigated,5.2,116.6,24.6,74.4,96.3,55.7,54.7
Rice,Kharif,Clay,Jul,Oct,Rainfed,5.3,147.0,25.7,67.0,80.1,54.8,42.8
Rice,Kharif,Silt,Jun,Sep,Irrigated,5.7,138.4,32.9,76.2,95.1,40.5,52.3
Rice,Kharif,Loamy,Jul,Oct,Rainfed,5.1,121.6,37.6,70.0,99.0,54.0,46.2
Rice,Kharif,Clay,Jun,Sep,Irrigated,5.6,115.2,26.6,65.7,85.4,46.6,48.7
Rice,Kharif,Silt,Jul,Oct,Rainfed,5.7,118.9,24.4,68.3,85.3,48.2,54.5
Rice,Kharif,Loamy,Jun,Sep,Irrigated,6.7,136.3,33.5,72.0,92.3,58.4,42.7
Rice,Kharif,Clay,Jul,Oct,Rainfed,5.3,146.9,24.9,70.2,86.6,55.9,46.8
Rice,Kharif,Silt,Jun,Sep,Irrigated,7.2,144.8,23.4,68.7,93.1,57.7,48.3
Rice,Kharif,Loamy,Jul,Oct,Rainfed,7.0,122.9,30.8,68.0,89.2,57.1,43.7
Rice,Kharif,Clay,Jun,Sep,Irrigated,5.2,136.0,34.2,78.5,84.5,57.5,54.8
Rice,Kharif,Silt,Jul,Oct,Rainfed,7.2,129.1,23.6,67.0,88.4,56.0,59.0
Rice,Kharif,Loamy,Jun,Sep,Irrigated,8.0,149.7,24.7,77.3,82.3,49.7,53.5
Rice,Kharif,Clay,Jul,Oct,Rainfed,6.8,120.8,32.4,74.5,99.8,56.8,48.2
Rice,Kharif,Silt,Jun,Sep,Irrigated,7.1,148.5,30.0,68.2,99.3,59.3,44.6
Rice,Kharif,Loamy,Jul,Oct,Rainfed,7.7,129.0,37.8,63.1,94.0,43.8,47.3
Rice,Kharif,Clay,Jun,Sep,Irrigated,5.3,125.5,24.1,66.7,90.1,40.9,43.0
Rice,Kharif,Silt,Jul,Oct,Rainfed,6.9,129.7,31.3,79.3,92.1,55.6,47.6
Rice,Kharif,Loamy,Jun,Sep,Irrigated,7.4,118.8,39.4,69.0,87.8,58.1,56.8
Rice,Kharif,Clay,Jul,Oct,Rainfed,7.7,115.5,35.1,66.3,89.9,48.3,50.9
Rice,Kharif,Silt,Jun,Sep,Irrigated,6.6,142.5,28.4,64.0,99.0,49.0,52.7
Rice,Kharif,Loamy,Jul,Oct,Rainfed,5.5,126.4,29.3,78.2,86.2,40.4,55.8
Rice,Kharif,Clay,Jun,Sep,Irrigated,5.2,142.9,33.9,67.7,88.2,42.2,42.7
Rice,Kharif,Silt,Jul,Oct,Rainfed,6.3,130.6,22.0,74.6,90.8,47.3,41.1
Rice,Kharif,Loamy,Jun,Sep,Irrigated,6.6,141.7,26.0,60.3,91.9,45.3,48.8
Rice,Kharif,Clay,Jul,Oct,Rainfed,7.9,141.5,22.8,78.3,90.7,44.3,45.4
Rice,Kharif,Silt,Jun,Sep,Irrigated,5.8,126.6,21.9,65.5,89.4,59.1,57.7
Rice,Kharif,Loamy,Jul,Oct,Rainfed,6.3,118.1,28.0,69.9,81.7,41.5,50.5
Rice,Kharif,Clay,Jun,Sep,Irrigated,6.2,125.0,20.7,78.6,87.1,44.1,53.8
Rice,Kharif,Silt,Jul,Oct,Rainfed,5.0,115.1,21.2,78.2,92.3,55.3,50.9
Rice,Kharif,Loamy,Jun,Sep,Irrigated,5.5,147.3,23.6,65.1,80.3,50.2,51.6
Rice,Kharif,Clay,Jul,Oct,Rainfed,6.8,125.8,39.4,62.6,86.7,58.6,46.4
Rice,Kharif,Silt,Jun,Sep,Irrigated,7.5,123.6,26.3,71.7,89.9,54.9,55.1
Rice,Kharif,Loamy,Jul,Oct,Rainfed,7.3,125.2,34.0,76.5,89.6,47.0,42.5
Rice,Kharif,Clay,Jun,Sep,Irrigated,7.1,137.2,28.0,62.7,81.5,49.1,56.9
Rice,Kharif,Silt,Jul,Oct,Rainfed,5.7,124.0,25.5,72.5,96.4,48.7,58.7
Rice,Kharif,Loamy,Jun,Sep,Irrigated,6.0,115.1,30.6,76.2,86.1,47.8,58.8
Rice,Kharif,Clay,Jul,Oct,Rainfed,7.9,137.3,25.1,66.8,90.6,54.5,56.9
Rice,Kharif,Silt,Jun,Sep,Irrigated,7.6,116.7,33.2,76.3,96.4,53.7,58.3
Rice,Kharif,Loamy,Jul,Oct,Rainfed,5.1,126.3,36.2,74.7,80.7,46.1,56.0
Rice,Kharif,Clay,Jun,Sep,Irrigated,7.9,147.8,26.4,65.7,93.3,52.6,56.4
Rice,Kharif,Silt,Jul,Oct,Rainfed,6.0,138.0,20.9,69.5,85.4,41.2,54.2
Rice,Kharif,Loamy,Jun,Sep,Irrigated,5.4,120.6,36.7,71.1,88.0,57.5,44.5
Rice,Kharif,Clay,Jul,Oct,Rainfed,6.4,118.2,33.5,76.0,92.3,57.4,54.3
Rice,Kharif,Silt,Jun,Sep,Irrigated,7.1,125.8,30.6,70.4,84.9,50.0,42.1
Rice,Kharif,Loamy,Jul,Oct,Rainfed,6.8,140.5,21.5,75.7,81.8,47.4,54.6
Rice,Kharif,Clay,Jun,Sep,Irrigated,7.0,111.4,24.5,63.6,84.3,54.2,51.8
Rice,Kharif,Silt,Jul,Oct,Rainfed,7.2,132.5,28.7,76.7,81.7,47.8,40.4
Rice,Kharif,Loamy,Jun,Sep,Irrigated,5.2,138.7,23.2,72.3,84.4,55.0,53.9
Rice,Kharif,Clay,Jul,Oct,Rainfed,5.8,141.3,29.6,60.3,85.6,49.9,44.9
Rice,Kharif,Silt,Jun,Sep,Irrigated,6.2,132.1,38.7,72.7,81.7,45.2,42.6
Rice,Kharif,Loamy,Jul,Oct,Rainfed,6.5,129.3,27.3,61.0,97.6,49.2,42.3
Rice,Kharif,Clay,Jun,Sep,Irrigated,7.2,117.1,34.1,63.4,83.3,41.4,57.2
Rice,Kharif,Silt,Jul,Oct,Rainfed,7.9,121.8,33.0,78.5,87.5,42.9,42.1
Rice,Kharif,Loamy,Jun,Sep,Irrigated,5.2,149.3,28.1,77.0,99.7,59.5,41.7
Rice,Kharif,Clay,Jul,Oct,Rainfed,5.5,136.5,32.0,74.7,94.8,46.3,51.9
Rice,Kharif,Silt,Jun,Sep,Irrigated,7.8,134.9,33.2,65.4,95.6,40.4,49.5
Rice,Kharif,Loamy,Jul,Oct,Rainfed,6.4,113.3,31.2,75.4,83.0,57.6,42.7
Rice,Kharif,Clay,Jun,Sep,Irrigated,7.4,122.7,24.2,64.4,91.1,43.4,59.3
Rice,Kharif,Silt,Jul,Oct,Rainfed,7.0,143.1,36.2,68.3,85.0,40.7,44.7
Rice,Kharif,Loamy,Jun,Sep,Irrigated,6.5,135.4,23.3,78.9,84.0,48.5,40.2
Rice,Kharif,Clay,Jul,Oct,Rainfed,7.4,123.3,31.1,78.7,98.9,51.2,47.5
Rice,Kharif,Silt,Jun,Sep,Irrigated,6.4,135.5,23.1,68.1,90.8,57.3,45.0
Rice,Kharif,Loamy,Jul,Oct,Rainfed,7.7,129.5,24.7,60.8,88.9,50.3,46.8
Rice,Kharif,Clay,Jun,Sep,Irrigated,6.2,114.7,27.2,76.9,98.4,41.2,48.5
Rice,Kharif,Silt,Jul,Oct,Rainfed,5.1,124.6,32.1,63.1,90.7,44.7,44.5
Rice,Kharif,Loamy,Jun,Sep,Irrigated,7.2,146.3,20.1,72.7,81.5,55.5,51.9
Rice,Kharif,Clay,Jul,Oct,Rainfed,7.2,122.5,37.2,78.4,98.0,41.5,51.4
Rice,Kharif,Silt,Jun,Sep,Irrigated,7.3,111.5,36.5,77.1,89.6,46.5,58.6
Rice,Kharif,Loamy,Jul,Oct,Rainfed,7.2,114.5,27.2,75.1,83.2,43.3,49.5
Rice,Kharif,Clay,Jun,Sep,Irrigated,6.7,144.5,20.8,66.7,87.5,53.6,55.1
Rice,Kharif,Silt,Jul,Oct,Rainfed,5.1,149.2,39.6,75.6,86.1,56.9,49.5
Rice,Kharif,Loamy,Jun,Sep,Irrigated,5.7,118.7,37.4,72.5,94.3,55.2,57.2
Rice,Kharif,Clay,Jul,Oct,Rainfed,7.7,114.8,34.4,69.4,82.9,48.2,48.5
Rice,Kharif,Silt,Jun,Sep,Irrigated,6.5,128.3,24.3,69.9,96.3,49.6,41.5
Rice,Kharif,Loamy,Jul,Oct,Rainfed,6.4,130.5,35.1,66.7,93.3,50.7,57.3
Rice,Kharif,Clay,Jun,Sep,Irrigated,5.5,142.3,38.4,78.5,90.9,52.3,40.8
Rice,Kharif,Silt,Jul,Oct,Rainfed,5.8,147.9,26.6,61.5,82.8,54.9,44.2
Rice,Kharif,Loamy,Jun,Sep,Irrigated,8.0,146.4,25.0,79.2,91.5,59.9,59.5
Rice,Kharif,Clay,Jul,Oct,Rainfed,7.7,140.9,23.4,74.9,93.1,48.1,55.9
Rice,Kharif,Silt,Jun,Sep,Irrigated,6.1,130.1,29.3,75.9,92.7,46.4,56.6
Rice,Kharif,Loamy,Jul,Oct,Rainfed,7.2,122.1,35.6,74.0,82.2,48.7,49.3
Rice,Kharif,Clay,Jun,Sep,Irrigated,7.6,130.2,20.0,62.0,82.6,48.8,41.6
Rice,Kharif,Silt,Jul,Oct,Rainfed,7.9,116.7,34.7,79.1,97.0,55.3,40.9
Rice,Kharif,Loamy,Jun,Sep,Irrigated,7.2,122.8,21.6,61.4,99.2,55.8,49.2
Rice,Kharif,Clay,Jul,Oct,Rainfed,5.8,148.9,23.2,64.7,93.6,55.2,57.9
Rice,Kharif,Silt,Jun,Sep,Irrigated,6.4,142.9,31.8,78.0,91.8,51.7,41.7
Rice,Kharif,Loamy,Jul,Oct,Rainfed,7.8,139.9,26.3,70.0,96.3,48.2,50.9
Rice,Kharif,Clay,Jun,Sep,Irrigated,6.7,138.8,29.3,65.3,99.9,41.2,41.3
Rice,Kharif,Silt,Jul,Oct,Rainfed,6.0,112.4,29.7,74.4,96.1,51.4,43.7
Rice,Kharif,Loamy,Jun,Sep,Irrigated,5.6,127.3,25.7,64.5,96.0,50.2,40.5
Rice,Kharif,Clay,Jul,Oct,Rainfed,7.1,127.2,37.2,66.0,99.8,56.5,48.6
Rice,Kharif,Silt,Jun,Sep,Irrigated,5.3,149.1,39.4,62.3,99.7,44.1,52.2
Rice,Kharif,Loamy,Jul,Oct,Rainfed,5.3,120.3,34.7,63.4,95.1,48.3,57.0
Rice,Kharif,Clay,Jun,Sep,Irrigated,5.4,143.6,26.1,68.6,85.5,42.5,59.0
Rice,Kharif,Silt,Jul,Oct,Rainfed,6.7,114.2,38.9,63.6,99.2,51.9,42.3
Rice,Kharif,Loamy,Jun,Sep,Irrigated,5.4,120.3,37.9,79.7,99.3,41.5,51.6
Rice,Kharif,Clay,Jul,Oct,Rainfed,7.6,130.3,28.3,71.0,87.9,56.3,53.8
Rice,Kharif,Silt,Jun,Sep,Irrigated,6.5,135.2,27.0,74.1,92.0,49.1,42.1
Rice,Kharif,Loamy,Jul,Oct,Rainfed,6.2,138.5,31.4,62.8,99.9,51.9,42.8
Rice,Kharif,Clay,Jun,Sep,Irrigated,7.2,118.5,21.5,67.7,98.9,59.2,47.3
Rice,Kharif,Silt,Jul,Oct,Rainfed,5.3,125.8,35.1,63.1,81.4,59.3,51.7
Rice,Kharif,Loamy,Jun,Sep,Irrigated,8.0,129.4,21.9,76.5,88.3,53.6,45.4
Rice,Kharif,Clay,Jul,Oct,Rainfed,5.1,148.0,32.2,72.6,84.1,43.2,40.3
Rice,Kharif,Silt,Jun,Sep,Irrigated,7.5,128.7,28.2,66.9,88.8,55.1,44.6
Rice,Kharif,Loamy,Jul,Oct,Rainfed,6.8,126.7,27.0,75.6,80.2,59.1,56.1
Rice,Kharif,Clay,Jun,Sep,Irrigated,7.0,147.5,22.3,62.0,82.4,45.8,50.2
Rice,Kharif,Silt,Jul,Oct,Rainfed,5.6,129.7,26.3,66.6,92.4,49.7,47.1
Rice,Kharif,Loamy,Jun,Sep,Irrigated,7.4,146.1,36.3,78.0,87.1,43.6,58.8
Rice,Kharif,Clay,Jul,Oct,Rainfed,6.1,131.7,38.4,74.4,92.8,40.4,53.7
Rice,Kharif,Silt,Jun,Sep,Irrigated,6.4,129.0,24.7,60.9,82.6,42.5,42.8
Rice,Kharif,Loamy,Jul,Oct,Rainfed,7.3,119.0,34.3,76.5,88.3,43.5,55.0
Rice,Kharif,Clay,Jun,Sep,Irrigated,7.5,129.4,30.9,75.8,87.2,47.9,54.1
Rice,Kharif,Silt,Jul,Oct,Rainfed,5.8,112.9,33.9,68.9,82.5,53.1,43.2
Rice,Kharif,Loamy,Jun,Sep,Irrigated,5.8,127.6,32.4,69.5,90.5,53.0,41.5
Rice,Kharif,Clay,Jul,Oct,Rainfed,6.3,132.2,27.0,61.5,96.8,55.5,49.4
Rice,Kharif,Silt,Jun,Sep,Irrigated,7.6,120.6,30.9,68.6,96.2,44.5,59.5
Rice,Kharif,Loamy,Jul,Oct,Rainfed,6.5,136.1,28.6,69.1,90.5,48.2,51.7
Rice,Kharif,Clay,Jun,Sep,Irrigated,5.9,132.7,28.1,72.9,80.4,40.9,44.6
Rice,Kharif,Silt,Jul,Oct,Rainfed,7.9,134.9,36.7,65.5,89.2,40.6,52.7
Rice,Kharif,Loamy,Jun,Sep,Irrigated,7.3,132.3,31.2,61.4,96.5,46.9,52.4
Rice,Kharif,Clay,Jul,Oct,Rainfed,7.3,113.8,34.0,63.9,88.6,59.1,43.4
Rice,Kharif,Silt,Jun,Sep,Irrigated,6.2,129.4,39.7,65.8,84.4,47.8,45.9
Rice,Kharif,Loamy,Jul,Oct,Rainfed,5.4,131.6,38.9,72.8,93.8,46.8,53.8
Rice,Kharif,Clay,Jun,Sep,Irrigated,7.1,139.7,23.5,69.6,92.7,51.2,42.6
Rice,Kharif,Silt,Jul,Oct,Rainfed,7.5,114.6,27.0,65.8,86.8,58.6,57.1
Rice,Kharif,Loamy,Jun,Sep,Irrigated,5.8,144.5,21.0,73.5,80.9,43.2,52.2
Rice,Kharif,Clay,Jul,Oct,Rainfed,6.1,126.6,30.7,62.5,82.8,40.9,42.7
Rice,Kharif,Silt,Jun,Sep,Irrigated,5.9,114.8,29.5,67.6,83.3,58.8,51.0
Rice,Kharif,Loamy,Jul,Oct,Rainfed,5.9,112.9,33.6,75.1,82.3,40.5,44.5
Rice,Kharif,Clay,Jun,Sep,Irrigated,7.6,144.4,28.1,69.7,93.4,41.5,59.2
Rice,Kharif,Silt,Jul,Oct,Rainfed,6.5,144.2,37.7,79.5,84.3,50.9,42.6
Rice,Kharif,Loamy,Jun,Sep,Irrigated,5.8,126.3,21.4,69.2,85.3,59.5,58.8
Rice,Kharif,Clay,Jul,Oct,Rainfed,5.1,126.4,36.8,74.3,87.9,47.4,55.2
Rice,Kharif,Silt,Jun,Sep,Irrigated,7.3,146.2,34.3,62.2,88.3,57.3,41.0
Rice,Kharif,Loamy,Jul,Oct,Rainfed,7.5,133.8,35.5,75.7,96.5,42.5,59.8
Rice,Kharif,Clay,Jun,Sep,Irrigated,6.0,125.1,32.5,71.6,98.0,49.8,44.6
Rice,Kharif,Silt,Jul,Oct,Rainfed,7.3,141.7,24.8,75.1,94.2,58.7,40.8
Rice,Kharif,Loamy,Jun,Sep,Irrigated,7.6,127.4,23.8,71.2,95.0,44.6,43.3
Rice,Kharif,Clay,Jul,Oct,Rainfed,7.5,113.8,39.1,75.0,81.3,50.5,47.7
Rice,Kharif,Silt,Jun,Sep,Irrigated,5.1,133.0,30.9,76.4,99.5,52.0,56.6
Rice,Kharif,Loamy,Jul,Oct,Rainfed,7.4,127.6,36.1,61.5,95.3,58.5,49.8
Rice,Kharif,Clay,Jun,Sep,Irrigated,6.6,131.0,34.2,75.6,90.1,52.6,48.3
Rice,Kharif,Silt,Jul,Oct,Rainfed,5.3,134.5,31.1,66.5,80.1,51.5,52.7
Rice,Kharif,Loamy,Jun,Sep,Irrigated,6.7,114.8,20.9,72.8,82.0,42.4,47.2
Rice,Kharif,Clay,Jul,Oct,Rainfed,5.3,141.0,21.8,74.7,94.5,50.0,42.0
Rice,Kharif,Silt,Jun,Sep,Irrigated,6.1,121.4,20.8,63.5,85.0,59.2,43.5
Rice,Kharif,Loamy,Jul,Oct,Rainfed,5.7,130.9,38.5,71.4,80.2,44.1,41.9
Rice,Kharif,Clay,Jun,Sep,Irrigated,5.2,133.1,29.6,60.3,83.0,58.7,51.8
Rice,Kharif,Silt,Jul,Oct,Rainfed,6.3,120.2,21.0,78.5,84.7,54.1,51.2
Rice,Kharif,Loamy,Jun,Sep,Irrigated,7.7,115.5,25.5,72.1,94.9,44.1,49.2
Rice,Kharif,Clay,Jul,Oct,Rainfed,5.2,138.8,36.0,79.0,82.2,48.8,48.1
Rice,Kharif,Silt,Jun,Sep,Irrigated,7.0,118.5,30.5,79.7,97.5,46.9,41.0
Rice,Kharif,Loamy,Jul,Oct,Rainfed,6.5,111.3,38.3,75.1,91.0,40.7,50.3
Rice,Kharif,Clay,Jun,Sep,Irrigated,6.0,129.9,35.5,77.4,80.1,51.8,47.0
Rice,Kharif,Silt,Jul,Oct,Rainfed,5.1,114.7,37.7,74.4,84.4,41.3,45.5
Rice,Kharif,Loamy,Jun,Sep,Irrigated,6.3,119.1,38.4,71.1,89.6,44.3,59.3
Rice,Kharif,Clay,Jul,Oct,Rainfed,7.2,121.8,21.1,71.5,85.3,52.7,47.9
Rice,Kharif,Silt,Jun,Sep,Irrigated,6.9,143.1,37.9,72.0,87.8,56.0,53.6
Rice,Kharif,Loamy,Jul,Oct,Rainfed,5.3,110.9,34.6,66.6,99.2,57.3,47.9
Rice,Kharif,Clay,Jun,Sep,Irrigated,5.9,111.2,22.9,63.9,81.2,45.8,42.4
Rice,Kharif,Silt,Jul,Oct,Rainfed,7.7,139.7,27.8,73.8,89.7,46.3,44.2
Rice,Kharif,Loamy,Jun,Sep,Irrigated,5.7,138.6,32.5,67.4,92.7,51.8,47.8
Rice,Kharif,Clay,Jul,Oct,Rainfed,6.8,118.2,26.7,60.7,93.7,40.0,52.0
Rice,Kharif,Silt,Jun,Sep,Irrigated,6.5,121.7,39.1,77.3,84.0,49.3,45.8
Rice,Kharif,Loamy,Jul,Oct,Rainfed,5.6,115.3,24.5,75.0,93.7,57.4,45.8
Rice,Kharif,Clay,Jun,Sep,Irrigated,6.4,118.9,36.4,68.9,83.1,44.4,51.9
Rice,Kharif,Silt,Jul,Oct,Rainfed,7.0,130.5,36.3,67.6,89.6,51.5,54.3
Rice,Kharif,Loamy,Jun,Sep,Irrigated,6.5,116.2,21.5,61.8,91.7,43.8,43.9
Rice,Kharif,Clay,Jul,Oct,Rainfed,7.2,145.1,35.4,63.0,93.7,56.1,55.7
Rice,Kharif,Silt,Jun,Sep,Irrigated,7.0,133.6,38.2,60.5,96.6,41.5,54.1
Rice,Kharif,Loamy,Jul,Oct,Rainfed,7.9,127.2,23.3,76.5,80.3,59.2,41.2
Rice,Kharif,Clay,Jun,Sep,Irrigated,7.9,129.0,21.9,72.7,81.5,43.3,43.9
Rice,Kharif,Silt,Jul,Oct,Rainfed,5.2,136.8,31.4,76.2,94.1,50.4,53.7
Rice,Kharif,Loamy,Jun,Sep,Irrigated,6.3,138.4,34.4,71.6,88.1,47.0,59.9
Rice,Kharif,Clay,Jul,Oct,Rainfed,5.0,131.7,24.3,67.6,83.7,53.0,55.7
Rice,Kharif,Silt,Jun,Sep,Irrigated,5.4,132.3,32.3,80.0,91.4,41.0,44.3
Rice,Kharif,Loamy,Jul,Oct,Rainfed,7.4,128.5,34.8,68.0,84.5,56.8,53.0
Rice,Kharif,Clay,Jun,Sep,Irrigated,7.4,140.8,22.6,69.6,99.9,47.5,42.3
Rice,Kharif,Silt,Jul,Oct,Rainfed,5.5,116.2,28.7,68.2,88.3,47.7,51.8
Rice,Kharif,Loamy,Jun,Sep,Irrigated,6.0,117.7,37.1,79.5,94.1,56.2,51.9
Rice,Kharif,Clay,Jul,Oct,Rainfed,5.6,126.3,21.7,67.2,98.8,49.3,40.4
Rice,Kharif,Silt,Jun,Sep,Irrigated,7.9,130.0,22.2,72.4,89.0,59.3,45.1
Rice,Kharif,Loamy,Jul,Oct,Rainfed,5.1,121.5,21.5,62.1,87.3,56.5,47.3
Rice,Kharif,Clay,Jun,Sep,Irrigated,5.5,129.7,37.6,68.2,85.9,47.1,48.4
Rice,Kharif,Silt,Jul,Oct,Rainfed,5.0,141.8,22.3,69.7,86.8,50.8,56.8
Rice,Kharif,Loamy,Jun,Sep,Irrigated,6.1,137.9,27.0,78.3,88.4,57.5,43.0
Rice,Kharif,Clay,Jul,Oct,Rainfed,6.1,114.3,40.0,64.0,85.1,50.3,46.5
Rice,Kharif,Silt,Jun,Sep,Irrigated,5.6,127.5,37.8,63.4,95.6,54.0,57.0
Rice,Kharif,Loamy,Jul,Oct,Rainfed,7.0,115.9,33.6,72.3,92.3,59.6,48.8
Rice,Kharif,Clay,Jun,Sep,Irrigated,7.5,114.8,38.3,65.0,85.4,43.0,51.1
Rice,Kharif,Silt,Jul,Oct,Rainfed,6.8,134.4,37.9,72.6,91.1,45.6,45.4
Rice,Kharif,Loamy,Jun,Sep,Irrigated,7.4,133.9,36.3,65.5,81.1,55.3,56.7
Rice,Kharif,Clay,Jul,Oct,Rainfed,5.1,147.7,29.4,76.8,96.7,49.9,59.4
Rice,Kharif,Silt,Jun,Sep,Irrigated,5.1,149.4,37.7,60.5,88.0,56.5,59.0
Rice,Kharif,Loamy,Jul,Oct,Rainfed,5.3,143.1,35.8,61.5,98.2,42.0,41.9
Rice,Kharif,Clay,Jun,Sep,Irrigated,5.6,112.0,24.2,76.6,83.3,56.4,57.7
Rice,Kharif,Silt,Jul,Oct,Rainfed,7.7,140.0,28.7,75.4,94.2,51.7,56.1
Rice,Kharif,Loamy,Jun,Sep,Irrigated,5.1,140.2,36.3,60.2,87.5,52.5,51.5
Rice,Kharif,Clay,Jul,Oct,Rainfed,5.4,131.6,25.5,61.1,97.6,53.0,53.1
Rice,Kharif,Silt,Jun,Sep,Irrigated,7.4,119.3,27.1,78.7,98.6,47.5,54.4
Rice,Kharif,Loamy,Jul,Oct,Rainfed,6.1,121.2,21.6,63.5,99.0,47.7,58.8
Rice,Kharif,Clay,Jun,Sep,Irrigated,7.4,120.6,39.9,79.0,93.4,41.7,45.6
Rice,Kharif,Silt,Jul,Oct,Rainfed,5.3,134.6,25.5,68.8,89.8,46.1,45.8
Rice,Kharif,Loamy,Jun,Sep,Irrigated,6.4,138.1,37.0,72.5,91.2,54.2,54.4
Rice,Kharif,Clay,Jul,Oct,Rainfed,5.7,110.1,29.2,74.6,99.2,58.4,58.0
Rice,Kharif,Silt,Jun,Sep,Irrigated,7.7,125.6,31.4,60.4,84.9,54.7,54.8
Rice,Kharif,Loamy,Jul,Oct,Rainfed,7.7,145.2,35.2,69.6,96.5,51.4,47.5
Rice,Kharif,Clay,Jun,Sep,Irrigated,5.1,133.8,31.9,72.9,86.2,43.8,42.5
Rice,Kharif,Silt,Jul,Oct,Rainfed,6.9,119.8,38.8,70.3,80.8,55.4,57.1
Rice,Kharif,Loamy,Jun,Sep,Irrigated,5.7,112.2,33.5,69.1,91.8,43.0,57.0
Rice,Kharif,Clay,Jul,Oct,Rainfed,6.3,126.1,27.8,74.5,91.8,54.8,51.6
Rice,Kharif,Silt,Jun,Sep,Irrigated,5.1,141.3,38.3,72.8,98.6,46.8,56.2
Rice,Kharif,Loamy,Jul,Oct,Rainfed,5.3,139.4,34.0,67.8,94.5,42.5,56.3
Rice,Kharif,Clay,Jun,Sep,Irrigated,7.1,132.0,27.6,67.3,90.6,55.9,58.2
Rice,Kharif,Silt,Jul,Oct,Rainfed,5.2,121.1,36.7,76.7,98.4,53.6,58.5
Rice,Kharif,Loamy,Jun,Sep,Irrigated,7.9,144.4,24.1,60.4,94.1,59.6,51.8
Rice,Kharif,Clay,Jul,Oct,Rainfed,6.1,141.4,28.2,79.3,85.6,42.4,52.1
Rice,Kharif,Silt,Jun,Sep,Irrigated,5.7,145.6,27.9,75.4,87.0,49.5,50.1
Rice,Kharif,Loamy,Jul,Oct,Rainfed,7.9,138.7,22.7,71.4,81.2,59.6,41.5
Rice,Kharif,Clay,Jun,Sep,Irrigated,7.2,124.9,33.8,61.1,94.9,46.9,40.2
Rice,Kharif,Silt,Jul,Oct,Rainfed,5.4,141.3,34.8,69.9,87.5,47.9,46.2
Rice,Kharif,Loamy,Jun,Sep,Irrigated,5.6,110.5,25.2,64.6,94.4,55.8,59.6
Rice,Kharif,Clay,Jul,Oct,Rainfed,6.3,119.5,24.2,75.2,96.7,46.9,55.1
Rice,Kharif,Silt,Jun,Sep,Irrigated,7.2,129.0,21.2,78.7,88.0,40.3,47.2
Rice,Kharif,Loamy,Jul,Oct,Rainfed,6.8,131.0,29.7,79.2,99.7,42.0,52.0
Rice,Kharif,Clay,Jun,Sep,Irrigated,6.8,118.3,28.8,60.3,82.8,58.2,47.2
Rice,Kharif,Silt,Jul,Oct,Rainfed,5.2,115.2,23.4,68.2,85.6,47.8,56.9
Rice,Kharif,Loamy,Jun,Sep,Irrigated,7.2,146.0,35.9,77.8,82.2,40.4,52.3
Rice,Kharif,Clay,Jul,Oct,Rainfed,5.4,134.6,28.8,75.4,83.1,47.0,52.4
Rice,Kharif,Silt,Jun,Sep,Irrigated,6.0,142.6,25.5,71.6,83.7,50.0,43.5
Rice,Kharif,Loamy,Jul,Oct,Rainfed,7.3,127.0,24.2,77.1,84.2,41.6,47.1
Rice,Kharif,Clay,Jun,Sep,Irrigated,6.1,133.6,33.9,76.9,83.9,44.2,43.3
Rice,Kharif,Silt,Jul,Oct,Rainfed,6.0,132.4,39.5,71.8,93.2,47.6,51.8
Rice,Kharif,Loamy,Jun,Sep,Irrigated,5.3,121.6,35.0,74.4,88.9,40.8,44.5
Rice,Kharif,Clay,Jul,Oct,Rainfed,5.1,118.4,34.6,74.2,88.3,45.2,47.5
Rice,Kharif,Silt,Jun,Sep,Irrigated,6.3,149.8,24.1,64.1,89.6,54.8,40.6
Rice,Kharif,Loamy,Jul,Oct,Rainfed,6.5,146.6,21.0,73.7,98.7,42.1,46.8
Rice,Kharif,Clay,Jun,Sep,Irrigated,7.4,139.9,26.5,70.6,86.9,56.5,56.1
Rice,Kharif,Silt,Jul,Oct,Rainfed,7.1,119.5,30.5,68.5,87.9,55.7,49.0
Rice,Kharif,Loamy,Jun,Sep,Irrigated,5.2,139.3,38.6,77.9,98.6,51.9,48.9
Rice,Kharif,Clay,Jul,Oct,Rainfed,7.5,134.4,23.6,75.4,96.2,46.4,53.1
Rice,Kharif,Silt,Jun,Sep,Irrigated,7.1,116.9,27.4,70.4,92.1,50.5,54.7
Rice,Kharif,Loamy,Jul,Oct,Rainfed,6.6,121.6,26.0,72.6,99.3,50.8,54.4
Rice,Kharif,Clay,Jun,Sep,Irrigated,5.3,144.6,38.2,76.3,92.3,42.5,53.7
Rice,Kharif,Silt,Jul,Oct,Rainfed,7.7,136.5,29.3,74.0,97.3,50.7,44.2
Rice,Kharif,Loamy,Jun,Sep,Irrigated,6.9,148.8,24.9,64.7,92.3,45.1,59.2
Rice,Kharif,Clay,Jul,Oct,Rainfed,7.3,121.1,22.5,66.0,87.9,58.1,50.9
Rice,Kharif,Silt,Jun,Sep,Irrigated,6.3,144.0,31.2,65.8,83.0,52.4,59.0
Rice,Kharif,Loamy,Jul,Oct,Rainfed,5.6,134.1,36.0,63.7,87.3,43.6,51.3
Rice,Kharif,Clay,Jun,Sep,Irrigated,7.6,122.0,34.3,63.6,87.5,57.4,55.1
Rice,Kharif,Silt,Jul,Oct,Rainfed,7.5,119.7,36.6,60.5,89.1,58.3,45.6
Rice,Kharif,Loamy,Jun,Sep,Irrigated,6.3,130.7,21.2,64.5,91.7,53.4,51.6
Rice,Kharif,Clay,Jul,Oct,Rainfed,8.0,118.4,31.9,77.0,97.6,43.5,50.9
Rice,Kharif,Silt,Jun,Sep,Irrigated,5.6,135.8,33.9,74.2,88.8,54.0,52.7
Rice,Kharif,Loamy,Jul,Oct,Rainfed,5.4,123.3,23.6,71.4,96.8,48.7,57.7
Rice,Kharif,Clay,Jun,Sep,Irrigated,6.8,131.7,23.3,73.5,93.4,49.3,43.1
Rice,Kharif,Silt,Jul,Oct,Rainfed,7.6,134.9,33.5,78.8,86.7,43.6,58.4
Rice,Kharif,Loamy,Jun,Sep,Irrigated,6.2,125.9,22.8,63.5,92.3,55.2,55.2
Rice,Kharif,Clay,Jul,Oct,Rainfed,5.6,124.9,34.3,71.9,86.5,55.9,45.4
Rice,Kharif,Silt,Jun,Sep,Irrigated,7.7,115.5,34.2,76.6,93.7,55.2,56.6
Rice,Kharif,Loamy,Jul,Oct,Rainfed,7.1,143.5,23.7,62.2,88.1,47.8,47.7
Rice,Kharif,Clay,Jun,Sep,Irrigated,5.2,111.0,30.5,69.4,89.5,45.3,48.8
Rice,Kharif,Silt,Jul,Oct,Rainfed,5.3,117.2,38.4,65.5,82.1,54.0,46.1
Rice,Kharif,Loamy,Jun,Sep,Irrigated,6.8,115.9,38.9,67.8,89.2,41.1,40.5
Rice,Kharif,Clay,Jul,Oct,Rainfed,6.7,141.3,31.0,79.2,81.7,48.8,44.6
Rice,Kharif,Silt,Jun,Sep,Irrigated,5.6,113.8,23.6,67.2,85.6,45.9,59.1
Rice,Kharif,Loamy,Jul,Oct,Rainfed,6.2,112.0,39.1,63.4,87.1,44.1,51.1
Rice,Kharif,Clay,Jun,Sep,Irrigated,6.1,149.2,34.5,60.5,89.1,51.3,46.3
Rice,Kharif,Silt,Jul,Oct,Rainfed,6.1,144.4,36.6,64.8,82.3,45.8,54.9
Rice,Kharif,Loamy,Jun,Sep,Irrigated,7.4,146.4,23.2,68.8,94.5,48.0,59.2
Rice,Kharif,Clay,Jul,Oct,Rainfed,6.2,147.3,30.7,63.7,83.8,42.8,51.9
Rice,Kharif,Silt,Jun,Sep,Irrigated,7.2,146.3,20.1,79.3,93.9,54.9,46.7
Rice,Kharif,Loamy,Jul,Oct,Rainfed,5.5,117.2,29.1,73.0,84.6,45.5,55.8
Rice,Kharif,Clay,Jun,Sep,Irrigated,6.1,116.3,29.8,69.5,81.1,42.4,46.4
Rice,Kharif,Silt,Jul,Oct,Rainfed,6.4,141.5,30.8,78.9,82.1,46.9,49.8
Rice,Kharif,Loamy,Jun,Sep,Irrigated,6.6,118.9,27.6,71.2,91.7,54.0,56.4
Rice,Kharif,Clay,Jul,Oct,Rainfed,6.3,126.4,26.6,76.7,89.7,42.7,46.8
Rice,Kharif,Silt,Jun,Sep,Irrigated,5.7,140.9,29.0,69.0,95.2,40.3,57.8
Rice,Kharif,Loamy,Jul,Oct,Rainfed,5.5,123.7,26.5,76.0,89.1,48.5,53.8
Rice,Kharif,Clay,Jun,Sep,Irrigated,6.4,115.7,23.3,73.6,84.9,46.6,58.3
Rice,Kharif,Silt,Jul,Oct,Rainfed,7.9,144.7,34.6,62.6,87.0,48.9,59.7
Rice,Kharif,Loamy,Jun,Sep,Irrigated,5.9,139.8,30.8,72.2,87.7,59.2,49.6
Rice,Kharif,Clay,Jul,Oct,Rainfed,5.2,115.2,36.8,72.9,95.9,44.2,49.4
Rice,Kharif,Silt,Jun,Sep,Irrigated,6.1,138.6,28.2,65.2,95.0,50.2,46.4
Rice,Kharif,Loamy,Jul,Oct,Rainfed,5.3,122.4,21.5,62.9,82.7,55.6,48.0
Rice,Kharif,Clay,Jun,Sep,Irrigated,5.2,112.8,22.6,79.2,99.7,53.5,41.5
Rice,Kharif,Silt,Jul,Oct,Rainfed,6.4,133.7,33.8,76.7,92.1,47.5,50.1
Rice,Kharif,Loamy,Jun,Sep,Irrigated,7.3,120.9,24.5,71.8,93.1,48.9,51.7
Rice,Kharif,Clay,Jul,Oct,Rainfed,5.7,146.0,31.3,73.8,81.8,55.3,44.7
Rice,Kharif,Silt,Jun,Sep,Irrigated,6.6,110.9,30.5,60.3,96.7,45.4,52.3
Rice,Kharif,Loamy,Jul,Oct,Rainfed,7.2,149.2,26.1,64.5,80.2,50.8,47.7
Rice,Kharif,Clay,Jun,Sep,Irrigated,6.6,134.4,34.6,62.9,85.6,54.0,59.1
Rice,Kharif,Silt,Jul,Oct,Rainfed,5.1,145.7,28.3,73.6,98.6,54.8,49.9
Rice,Kharif,Loamy,Jun,Sep,Irrigated,6.8,135.2,21.5,77.7,83.9,44.9,52.1
Rice,Kharif,Clay,Jul,Oct,Rainfed,5.4,135.1,36.3,66.1,97.4,48.7,42.5
Rice,Kharif,Silt,Jun,Sep,Irrigated,6.2,130.1,36.3,71.4,93.2,51.0,42.7
Rice,Kharif,Loamy,Jul,Oct,Rainfed,5.8,138.5,34.1,65.3,80.7,53.7,48.9
Rice,Kharif,Clay,Jun,Sep,Irrigated,7.1,124.1,36.8,75.1,95.0,59.5,42.3
Rice,Kharif,Silt,Jul,Oct,Rainfed,7.5,146.7,24.3,78.2,85.2,46.2,56.1
Rice,Kharif,Loamy,Jun,Sep,Irrigated,5.7,127.7,33.1,75.9,90.6,43.5,50.8
Rice,Kharif,Clay,Jul,Oct,Rainfed,7.4,117.9,33.9,63.3,83.8,47.4,56.0
Rice,Kharif,Silt,Jun,Sep,Irrigated,6.8,129.9,24.3,60.7,84.1,44.3,58.8
Rice,Kharif,Loamy,Jul,Oct,Rainfed,5.2,125.7,33.6,73.6,95.7,46.4,52.7
Rice,Kharif,Clay,Jun,Sep,Irrigated,6.1,145.9,33.6,69.2,87.8,57.3,44.3
Rice,Kharif,Silt,Jul,Oct,Rainfed,5.9,139.6,34.9,62.3,86.3,51.1,46.8
Rice,Kharif,Loamy,Jun,Sep,Irrigated,6.0,148.8,21.4,73.3,94.4,48.0,41.0
Rice,Kharif,Clay,Jul,Oct,Rainfed,5.9,112.1,30.6,68.6,99.7,40.0,49.9
Rice,Kharif,Silt,Jun,Sep,Irrigated,5.8,123.9,26.3,76.6,88.4,51.1,49.9
Rice,Kharif,Loamy,Jul,Oct,Rainfed,7.4,148.9,30.8,65.5,96.5,51.8,55.6
Rice,Kharif,Clay,Jun,Sep,Irrigated,8.0,139.9,33.5,64.2,80.4,57.1,46.6
Rice,Kharif,Silt,Jul,Oct,Rainfed,8.0,114.1,20.9,74.2,85.8,51.2,59.5
Rice,Kharif,Loamy,Jun,Sep,Irrigated,7.5,133.1,34.5,65.5,97.1,45.8,53.8
Rice,Kharif,Clay,Jul,Oct,Rainfed,5.9,138.2,30.5,74.1,85.0,41.0,56.6
Rice,Kharif,Silt,Jun,Sep,Irrigated,7.3,124.9,21.1,64.6,97.0,57.1,43.7
Rice,Kharif,Loamy,Jul,Oct,Rainfed,6.5,128.7,26.9,64.9,85.9,45.8,49.0
Rice,Kharif,Clay,Jun,Sep,Irrigated,7.2,132.1,34.0,72.2,98.2,40.4,50.5
Rice,Kharif,Silt,Jul,Oct,Rainfed,6.4,149.8,34.2,62.7,91.0,57.8,42.0
Rice,Kharif,Loamy,Jun,Sep,Irrigated,5.8,131.3,31.3,78.9,90.9,56.4,41.2
Rice,Kharif,Clay,Jul,Oct,Rainfed,7.5,141.6,37.2,79.2,90.1,52.1,44.9
Rice,Kharif,Silt,Jun,Sep,Irrigated,5.5,119.2,28.2,72.3,89.1,40.6,53.6
Rice,Kharif,Loamy,Jul,Oct,Rainfed,6.1,149.0,30.2,62.9,96.7,48.0,49.1
Rice,Kharif,Clay,Jun,Sep,Irrigated,5.4,131.4,27.6,75.7,81.2,42.7,51.2
Rice,Kharif,Silt,Jul,Oct,Rainfed,7.3,139.0,32.2,79.7,85.4,56.9,51.5
Rice,Kharif,Loamy,Jun,Sep,Irrigated,7.7,131.4,33.5,73.2,93.4,45.7,58.8
Rice,Kharif,Clay,Jul,Oct,Rainfed,7.8,126.1,25.7,76.8,93.4,50.5,51.5
Rice,Kharif,Silt,Jun,Sep,Irrigated,6.2,145.7,22.7,68.8,92.7,42.2,56.0
Rice,Kharif,Loamy,Jul,Oct,Rainfed,7.9,128.9,37.3,64.0,85.3,56.9,56.6
Rice,Kharif,Clay,Jun,Sep,Irrigated,5.1,111.1,22.5,61.0,90.0,51.4,48.5
Rice,Kharif,Silt,Jul,Oct,Rainfed,5.9,143.3,25.0,69.5,80.6,42.6,42.4
Rice,Kharif,Loamy,Jun,Sep,Irrigated,6.8,137.4,32.2,72.8,91.4,50.4,49.3
Rice,Kharif,Clay,Jul,Oct,Rainfed,5.7,118.9,29.2,70.3,90.2,56.5,52.6
Rice,Kharif,Silt,Jun,Sep,Irrigated,5.9,116.7,29.6,60.5,95.0,41.8,54.2
Rice,Kharif,Loamy,Jul,Oct,Rainfed,7.2,142.5,33.9,73.2,81.2,45.1,53.8
Rice,Kharif,Clay,Jun,Sep,Irrigated,7.8,139.4,29.9,77.1,98.8,55.2,52.1
Rice,Kharif,Silt,Jul,Oct,Rainfed,6.4,146.9,28.5,72.9,83.7,47.6,40.4
Rice,Kharif,Loamy,Jun,Sep,Irrigated,5.3,116.8,21.3,63.3,82.8,53.7,48.6
Rice,Kharif,Clay,Jul,Oct,Rainfed,6.0,127.6,29.6,71.2,91.5,42.6,58.8
Rice,Kharif,Silt,Jun,Sep,Irrigated,7.3,134.6,31.8,63.6,94.3,41.4,48.7
Rice,Kharif,Loamy,Jul,Oct,Rainfed,5.6,129.8,29.7,66.9,86.9,57.3,46.2
Rice,Kharif,Clay,Jun,Sep,Irrigated,7.9,126.4,34.6,78.4,96.7,43.6,49.9
Rice,Kharif,Silt,Jul,Oct,Rainfed,5.3,126.3,31.2,74.1,90.9,40.4,58.7
Rice,Kharif,Loamy,Jun,Sep,Irrigated,6.6,123.7,37.9,64.4,91.8,49.9,48.8
Rice,Kharif,Clay,Jul,Oct,Rainfed,7.6,140.8,22.4,74.8,98.3,47.5,43.0
Rice,Kharif,Silt,Jun,Sep,Irrigated,5.0,114.5,27.6,75.7,92.0,50.8,49.7
Rice,Kharif,Loamy,Jul,Oct,Rainfed,5.5,131.1,31.8,67.3,97.5,49.4,52.2
Rice,Kharif,Clay,Jun,Sep,Irrigated,7.2,113.1,37.3,77.7,98.9,55.0,42.6
Rice,Kharif,Silt,Jul,Oct,Rainfed,7.5,144.9,37.2,64.8,93.8,46.3,50.4
Rice,Kharif,Loamy,Jun,Sep,Irrigated,7.4,124.1,21.7,63.9,93.8,41.0,47.9
Rice,Kharif,Clay,Jul,Oct,Rainfed,7.1,121.9,21.5,76.0,86.2,53.3,55.6
Rice,Kharif,Silt,Jun,Sep,Irrigated,6.4,148.6,22.6,70.8,80.6,57.4,50.0
Rice,Kharif,Loamy,Jul,Oct,Rainfed,6.0,130.5,22.6,74.8,97.7,57.1,42.5
Rice,Kharif,Clay,Jun,Sep,Irrigated,5.3,111.8,26.8,68.7,95.8,40.4,51.1
Rice,Kharif,Silt,Jul,Oct,Rainfed,6.3,124.1,39.0,65.8,88.1,50.4,56.8
Rice,Kharif,Loamy,Jun,Sep,Irrigated,6.9,139.1,39.2,65.3,95.0,46.6,46.4
Rice,Kharif,Clay,Jul,Oct,Rainfed,6.5,128.8,28.8,68.9,89.1,49.0,44.5
Rice,Kharif,Silt,Jun,Sep,Irrigated,5.8,147.9,25.2,74.8,82.0,40.5,57.9
Rice,Kharif,Loamy,Jul,Oct,Rainfed,5.4,146.7,32.7,77.9,88.8,47.4,42.2
Rice,Kharif,Clay,Jun,Sep,Irrigated,8.0,139.5,27.7,67.7,83.2,50.8,57.3
Rice,Kharif,Silt,Jul,Oct,Rainfed,7.2,125.9,25.3,73.3,98.1,54.6,46.8
Rice,Kharif,Loamy,Jun,Sep,Irrigated,7.0,125.0,24.2,73.2,86.1,44.7,53.4
Rice,Kharif,Clay,Jul,Oct,Rainfed,7.2,130.2,20.0,63.7,91.6,42.4,44.7
Rice,Kharif,Silt,Jun,Sep,Irrigated,7.7,140.9,25.7,71.0,83.1,56.0,54.4
Rice,Kharif,Loamy,Jul,Oct,Rainfed,5.4,148.7,23.9,61.2,96.7,44.2,50.1
Rice,Kharif,Clay,Jun,Sep,Irrigated,6.8,147.0,36.8,75.5,95.0,58.8,51.8
Rice,Kharif,Silt,Jul,Oct,Rainfed,5.6,122.7,33.7,71.3,87.9,46.7,45.2
Rice,Kharif,Loamy,Jun,Sep,Irrigated,6.5,129.8,35.4,70.3,82.0,40.7,43.8
Rice,Kharif,Clay,Jul,Oct,Rainfed,7.1,136.5,25.6,65.5,87.4,58.9,52.0
Rice,Kharif,Silt,Jun,Sep,Irrigated,7.6,132.9,27.0,68.3,91.3,56.9,43.7
Rice,Kharif,Loamy,Jul,Oct,Rainfed,5.8,129.1,35.0,67.6,85.3,43.1,45.6
Rice,Kharif,Clay,Jun,Sep,Irrigated,6.1,149.9,27.2,72.4,85.7,56.2,49.6
Rice,Kharif,Silt,Jul,Oct,Rainfed,6.2,110.6,39.6,65.5,88.4,56.1,46.8
Rice,Kharif,Loamy,Jun,Sep,Irrigated,7.7,136.5,20.2,62.5,98.0,55.4,43.0
Rice,Kharif,Clay,Jul,Oct,Rainfed,7.3,149.5,33.8,71.1,93.8,52.6,48.2
Rice,Kharif,Silt,Jun,Sep,Irrigated,6.5,114.4,39.2,63.2,94.8,40.0,51.8
Rice,Kharif,Loamy,Jul,Oct,Rainfed,5.7,122.2,31.9,62.7,88.3,58.7,54.2
Rice,Kharif,Clay,Jun,Sep,Irrigated,7.0,129.3,33.3,79.2,98.3,57.6,51.6
Rice,Kharif,Silt,Jul,Oct,Rainfed,7.5,135.9,24.4,69.6,81.9,42.3,42.2
Rice,Kharif,Loamy,Jun,Sep,Irrigated,5.9,119.9,34.8,68.0,80.6,49.2,53.6
Rice,Kharif,Clay,Jul,Oct,Rainfed,6.6,125.5,32.4,67.5,92.7,51.3,51.9
Rice,Kharif,Silt,Jun,Sep,Irrigated,6.2,130.7,32.7,78.8,96.1,44.2,46.3
Rice,Kharif,Loamy,Jul,Oct,Rainfed,5.6,135.7,27.1,60.1,88.5,59.8,58.4
Rice,Kharif,Clay,Jun,Sep,Irrigated,7.0,125.4,22.8,76.9,98.6,47.2,45.0
Rice,Kharif,Silt,Jul,Oct,Rainfed,7.1,124.9,33.7,68.8,84.6,48.9,50.0
Rice,Kharif,Loamy,Jun,Sep,Irrigated,5.5,132.1,20.6,67.0,90.4,52.0,53.9
Rice,Kharif,Clay,Jul,Oct,Rainfed,5.1,135.1,28.3,71.1,96.1,50.3,45.6
Rice,Kharif,Silt,Jun,Sep,Irrigated,5.8,143.6,38.6,67.0,90.3,44.8,55.6
Rice,Kharif,Loamy,Jul,Oct,Rainfed,6.6,122.0,27.3,77.9,97.7,45.0,49.8
Rice,Kharif,Clay,Jun,Sep,Irrigated,7.5,143.2,39.5,78.0,88.7,43.6,58.7
Rice,Kharif,Silt,Jul,Oct,Rainfed,6.1,137.2,35.3,69.1,94.5,44.2,50.6
Rice,Kharif,Loamy,Jun,Sep,Irrigated,5.8,133.9,37.5,65.4,95.7,44.1,45.1
Rice,Kharif,Clay,Jul,Oct,Rainfed,6.9,124.2,37.5,76.8,85.6,44.5,56.3
Rice,Kharif,Silt,Jun,Sep,Irrigated,7.7,128.2,34.7,66.5,96.7,42.7,45.0
Rice,Kharif,Loamy,Jul,Oct,Rainfed,7.1,117.0,29.3,61.8,82.9,51.8,48.9
Rice,Kharif,Clay,Jun,Sep,Irrigated,6.7,136.9,23.4,67.5,81.9,54.4,50.7
Rice,Kharif,Silt,Jul,Oct,Rainfed,7.3,126.6,31.9,69.8,99.4,54.3,52.0
Rice,Kharif,Loamy,Jun,Sep,Irrigated,7.0,144.2,23.4,65.1,87.4,50.8,55.6
Rice,Kharif,Clay,Jul,Oct,Rainfed,7.3,134.2,24.0,63.7,98.5,49.4,40.1
Rice,Kharif,Silt,Jun,Sep,Irrigated,5.2,144.3,20.8,64.6,81.4,57.9,45.5
Rice,Kharif,Loamy,Jul,Oct,Rainfed,6.7,129.1,37.2,60.9,97.8,41.0,46.6
Rice,Kharif,Clay,Jun,Sep,Irrigated,6.5,144.7,40.0,67.0,89.3,40.1,50.2
Rice,Kharif,Silt,Jul,Oct,Rainfed,5.5,128.9,35.8,66.1,87.6,49.0,59.1
Rice,Kharif,Loamy,Jun,Sep,Irrigated,7.8,149.4,24.6,74.8,99.4,54.6,44.5
Rice,Kharif,Clay,Jul,Oct,Rainfed,6.8,138.3,23.0,77.4,82.2,55.2,45.7
Rice,Kharif,Silt,Jun,Sep,Irrigated,7.9,112.6,24.5,69.8,90.8,49.1,52.1
Rice,Kharif,Loamy,Jul,Oct,Rainfed,5.1,148.8,25.5,66.0,81.1,45.4,53.0
Rice,Kharif,Clay,Jun,Sep,Irrigated,6.4,118.1,29.0,79.2,99.8,55.4,43.6
Rice,Kharif,Silt,Jul,Oct,Rainfed,7.1,112.0,39.5,74.7,81.6,48.1,55.5
Rice,Kharif,Loamy,Jun,Sep,Irrigated,6.2,126.4,35.5,75.8,81.1,58.0,56.4
Rice,Kharif,Clay,Jul,Oct,Rainfed,7.6,119.8,33.1,61.6,88.3,46.6,46.2
Rice,Kharif,Silt,Jun,Sep,Irrigated,7.6,110.7,28.6,73.7,82.9,54.6,53.8
Rice,Kharif,Loamy,Jul,Oct,Rainfed,6.7,147.5,34.2,62.8,83.9,41.5,51.7
Rice,Kharif,Clay,Jun,Sep,Irrigated,7.5,147.8,29.2,66.2,93.9,40.8,40.1
Rice,Kharif,Silt,Jul,Oct,Rainfed,5.1,115.8,31.0,61.1,100.0,50.4,41.7
Rice,Kharif,Loamy,Jun,Sep,Irrigated,5.1,122.6,37.0,69.8,82.3,44.3,48.3
Rice,Kharif,Clay,Jul,Oct,Rainfed,6.3,120.7,20.6,67.3,87.2,46.1,40.2
Rice,Kharif,Silt,Jun,Sep,Irrigated,6.2,137.3,21.3,71.8,98.9,46.0,57.0
Rice,Kharif,Loamy,Jul,Oct,Rainfed,7.8,110.6,23.0,67.8,95.5,46.0,55.6
Rice,Kharif,Clay,Jun,Sep,Irrigated,6.4,126.9,24.1,62.4,80.1,49.2,49.8
Rice,Kharif,Silt,Jul,Oct,Rainfed,5.2,112.8,28.3,74.1,90.4,50.6,41.6
Rice,Kharif,Loamy,Jun,Sep,Irrigated,5.5,130.7,29.4,62.8,96.8,53.4,40.6
Rice,Kharif,Clay,Jul,Oct,Rainfed,6.0,148.6,29.9,70.9,82.9,56.1,43.1
Rice,Kharif,Silt,Jun,Sep,Irrigated,6.4,134.8,29.5,77.6,96.3,46.4,50.1
Rice,Kharif,Loamy,Jul,Oct,Rainfed,7.1,142.4,23.0,69.2,91.2,43.6,47.2
Rice,Kharif,Clay,Jun,Sep,Irrigated,7.7,149.4,24.3,66.7,99.4,51.2,50.1
Rice,Kharif,Silt,Jul,Oct,Rainfed,5.7,122.8,23.9,68.3,88.9,50.7,53.8
Rice,Kharif,Loamy,Jun,Sep,Irrigated,7.7,121.9,24.8,71.7,87.3,47.6,46.8
Rice,Kharif,Clay,Jul,Oct,Rainfed,6.8,133.6,31.7,79.4,92.7,54.4,52.2
Rice,Kharif,Silt,Jun,Sep,Irrigated,6.4,149.2,31.1,61.3,86.1,56.8,45.2
Rice,Kharif,Loamy,Jul,Oct,Rainfed,6.3,135.0,34.7,68.4,80.1,45.8,50.3
Rice,Kharif,Clay,Jun,Sep,Irrigated,7.0,119.7,24.8,65.9,98.0,47.0,46.6
Rice,Kharif,Silt,Jul,Oct,Rainfed,5.1,139.2,30.8,73.0,93.4,43.8,50.7
Rice,Kharif,Loamy,Jun,Sep,Irrigated,6.6,146.7,31.6,62.0,97.5,59.3,58.7
Rice,Kharif,Clay,Jul,Oct,Rainfed,6.7,112.3,26.9,76.3,89.2,47.8,43.7
Rice,Kharif,Silt,Jun,Sep,Irrigated,7.8,138.8,37.5,72.8,92.8,44.5,49.1
Rice,Kharif,Loamy,Jul,Oct,Rainfed,5.7,143.3,25.3,60.1,84.4,49.5,43.9
Rice,Kharif,Clay,Jun,Sep,Irrigated,5.3,127.8,20.4,60.1,95.0,42.8,59.8
Rice,Kharif,Silt,Jul,Oct,Rainfed,6.1,120.8,30.1,72.3,91.6,51.1,40.2
Rice,Kharif,Loamy,Jun,Sep,Irrigated,7.6,117.8,23.6,71.2,96.2,47.6,48.3
Rice,Kharif,Clay,Jul,Oct,Rainfed,6.9,127.9,21.7,68.9,87.4,52.2,47.2
Rice,Kharif,Silt,Jun,Sep,Irrigated,7.0,134.6,36.1,74.3,96.0,55.2,57.5
Rice,Kharif,Loamy,Jul,Oct,Rainfed,5.8,126.0,38.0,67.0,94.8,51.6,47.0
Rice,Kharif,Clay,Jun,Sep,Irrigated,5.6,128.7,26.8,61.9,96.4,56.9,55.1
Rice,Kharif,Silt,Jul,Oct,Rainfed,6.5,110.5,33.2,68.9,80.5,51.5,43.5
Rice,Kharif,Loamy,Jun,Sep,Irrigated,5.0,130.5,30.2,75.6,89.8,55.4,50.1
Rice,Kharif,Clay,Jul,Oct,Rainfed,6.0,114.3,28.3,70.0,88.3,41.3,59.9
Rice,Kharif,Silt,Jun,Sep,Irrigated,5.6,112.1,23.1,66.0,86.6,47.3,50.8
Rice,Kharif,Loamy,Jul,Oct,Rainfed,6.8,123.4,20.6,73.1,97.5,54.1,59.1
Rice,Kharif,Clay,Jun,Sep,Irrigated,5.5,118.9,34.6,68.2,95.8,45.4,53.0
Rice,Kharif,Silt,Jul,Oct,Rainfed,6.4,117.0,24.8,68.1,90.3,54.6,46.1
Rice,Kharif,Loamy,Jun,Sep,Irrigated,5.7,129.5,30.4,67.8,94.3,55.2,47.5
Rice,Kharif,Clay,Jul,Oct,Rainfed,5.8,124.7,34.2,64.3,80.8,43.9,41.7
Rice,Kharif,Silt,Jun,Sep,Irrigated,7.4,144.2,24.8,72.8,99.9,54.8,45.3
Rice,Kharif,Loamy,Jul,Oct,Rainfed,6.9,138.0,31.9,78.5,81.6,45.0,59.9
Rice,Kharif,Clay,Jun,Sep,Irrigated,5.7,129.4,22.6,67.1,83.3,56.3,47.9
Rice,Kharif,Silt,Jul,Oct,Rainfed,7.4,140.0,31.0,62.8,86.3,58.2,54.5
Rice,Kharif,Loamy,Jun,Sep,Irrigated,7.7,136.0,39.3,74.2,89.1,57.6,41.6
Rice,Kharif,Clay,Jul,Oct,Rainfed,7.6,114.9,39.2,75.7,84.6,41.6,59.8
Rice,Kharif,Silt,Jun,Sep,Irrigated,5.3,145.4,38.0,64.0,89.9,51.2,40.4
Rice,Kharif,Loamy,Jul,Oct,Rainfed,6.8,146.0,34.3,66.5,99.0,41.5,54.6
Rice,Kharif,Clay,Jun,Sep,Irrigated,5.5,126.6,30.6,70.9,95.0,49.1,46.7
Rice,Kharif,Silt,Jul,Oct,Rainfed,6.8,147.4,29.5,77.0,99.7,52.2,51.4
Rice,Kharif,Loamy,Jun,Sep,Irrigated,6.8,127.2,24.8,60.5,85.9,48.0,41.6
Rice,Kharif,Clay,Jul,Oct,Rainfed,7.2,127.0,26.7,71.6,81.5,47.5,40.9
Rice,Kharif,Silt,Jun,Sep,Irrigated,6.9,145.8,23.4,71.0,99.7,46.4,43.8
Rice,Kharif,Loamy,Jul,Oct,Rainfed,7.4,137.8,39.1,65.4,91.0,56.8,43.3
Rice,Kharif,Clay,Jun,Sep,Irrigated,8.0,142.8,25.1,70.2,80.4,55.4,40.0
Rice,Kharif,Silt,Jul,Oct,Rainfed,5.6,139.3,29.9,77.6,80.5,52.4,56.6
Rice,Kharif,Loamy,Jun,Sep,Irrigated,6.9,146.7,25.5,70.9,93.8,59.8,57.8
Rice,Kharif,Clay,Jul,Oct,Rainfed,6.4,123.1,30.7,79.6,90.8,47.5,59.2
Rice,Kharif,Silt,Jun,Sep,Irrigated,6.6,141.7,22.9,75.0,80.3,45.7,48.2
Rice,Kharif,Loamy,Jul,Oct,Rainfed,6.8,134.2,31.3,64.7,90.3,55.9,41.2
Rice,Kharif,Clay,Jun,Sep,Irrigated,7.0,128.4,20.6,61.6,87.4,48.0,55.2
Rice,Kharif,Silt,Jul,Oct,Rainfed,8.0,134.8,34.6,76.0,82.7,51.8,56.0
Rice,Kharif,Loamy,Jun,Sep,Irrigated,7.3,122.1,29.4,78.9,99.8,51.5,42.1
Rice,Kharif,Clay,Jul,Oct,Rainfed,6.1,139.4,22.2,64.2,83.9,51.8,48.9
Rice,Kharif,Silt,Jun,Sep,Irrigated,5.1,140.5,20.0,67.0,82.1,51.4,55.3
Rice,Kharif,Loamy,Jul,Oct,Rainfed,6.3,149.2,35.6,70.4,93.9,59.5,51.9
Rice,Kharif,Clay,Jun,Sep,Irrigated,6.2,143.4,26.4,74.4,96.7,47.1,46.9
Rice,Kharif,Silt,Jul,Oct,Rainfed,6.3,143.0,20.4,78.4,92.0,44.4,48.0
Rice,Kharif,Loamy,Jun,Sep,Irrigated,7.8,124.6,23.9,69.0,97.7,45.6,44.3
Rice,Kharif,Clay,Jul,Oct,Rainfed,5.4,117.9,38.9,70.1,97.8,50.8,50.1
Rice,Kharif,Silt,Jun,Sep,Irrigated,6.3,148.0,33.6,76.3,99.8,49.7,50.0
Rice,Kharif,Loamy,Jul,Oct,Rainfed,5.3,132.1,29.8,73.5,92.8,47.5,45.4
Rice,Kharif,Clay,Jun,Sep,Irrigated,6.0,130.6,24.7,72.4,87.9,56.4,50.4
Rice,Kharif,Silt,Jul,Oct,Rainfed,7.8,118.7,23.9,67.1,85.7,49.1,55.1
Rice,Kharif,Loamy,Jun,Sep,Irrigated,5.8,127.8,39.2,74.3,96.9,55.3,58.6
Rice,Kharif,Clay,Jul,Oct,Rainfed,6.5,118.6,35.4,71.5,97.1,57.6,40.4
Rice,Kharif,Silt,Jun,Sep,Irrigated,5.8,133.6,25.3,75.5,91.7,47.1,49.9
Rice,Kharif,Loamy,Jul,Oct,Rainfed,7.5,131.1,37.3,61.2,85.2,45.4,45.4
Rice,Kharif,Clay,Jun,Sep,Irrigated,5.6,144.3,20.6,67.7,92.7,42.6,47.2
Rice,Kharif,Silt,Jul,Oct,Rainfed,5.2,142.9,35.0,62.6,90.2,47.6,53.8
Rice,Kharif,Loamy,Jun,Sep,Irrigated,6.5,130.8,35.3,65.9,85.2,58.7,41.8
Rice,Kharif,Clay,Jul,Oct,Rainfed,5.1,141.6,38.1,68.1,96.2,48.6,44.1
Rice,Kharif,Silt,Jun,Sep,Irrigated,7.4,149.2,33.7,78.9,89.1,53.7,56.5
Rice,Kharif,Loamy,Jul,Oct,Rainfed,7.4,110.5,36.8,71.1,92.4,55.7,43.5
Rice,Kharif,Clay,Jun,Sep,Irrigated,5.7,138.4,32.9,64.1,82.5,59.4,42.8
Rice,Kharif,Silt,Jul,Oct,Rainfed,5.4,120.0,33.4,66.6,91.5,58.8,51.5
Rice,Kharif,Loamy,Jun,Sep,Irrigated,5.3,137.2,36.6,77.3,85.7,42.5,44.3
Rice,Kharif,Clay,Jul,Oct,Rainfed,7.7,132.1,36.7,69.3,98.0,47.2,52.9
Rice,Kharif,Silt,Jun,Sep,Irrigated,5.3,137.8,36.7,61.8,82.1,41.7,58.1
Rice,Kharif,Loamy,Jul,Oct,Rainfed,7.1,144.9,37.5,66.7,97.6,41.4,51.6
Rice,Kharif,Clay,Jun,Sep,Irrigated,5.1,110.1,20.4,66.4,93.0,47.8,41.6
Rice,Kharif,Silt,Jul,Oct,Rainfed,6.8,115.9,38.6,78.4,84.0,42.7,48.7
Rice,Kharif,Loamy,Jun,Sep,Irrigated,6.1,126.0,21.7,64.9,92.8,57.5,49.6
Rice,Kharif,Clay,Jul,Oct,Rainfed,7.2,111.5,28.1,60.9,98.2,53.2,50.9
Rice,Kharif,Silt,Jun,Sep,Irrigated,5.3,141.3,33.7,65.4,94.3,58.1,43.6
Rice,Kharif,Loamy,Jul,Oct,Rainfed,7.8,120.2,36.6,62.5,82.3,44.9,52.5
Rice,Kharif,Clay,Jun,Sep,Irrigated,5.2,114.3,28.5,66.7,85.0,40.4,41.0
Rice,Kharif,Silt,Jul,Oct,Rainfed,7.4,135.4,33.2,60.1,93.5,48.0,48.6
Rice,Kharif,Loamy,Jun,Sep,Irrigated,6.7,130.8,20.3,66.8,84.2,41.4,40.4
Rice,Kharif,Clay,Jul,Oct,Rainfed,5.4,115.2,34.2,66.8,83.2,43.8,42.5
Rice,Kharif,Silt,Jun,Sep,Irrigated,8.0,121.6,35.0,60.9,92.8,43.0,45.8
Rice,Kharif,Loamy,Jul,Oct,Rainfed,7.6,125.2,32.3,64.8,89.7,47.0,41.1
Rice,Kharif,Clay,Jun,Sep,Irrigated,6.8,136.5,32.0,70.0,81.1,40.3,59.3
Rice,Kharif,Silt,Jul,Oct,Rainfed,7.5,124.6,26.2,77.1,84.3,53.7,56.4
Rice,Kharif,Loamy,Jun,Sep,Irrigated,6.5,120.6,37.7,74.2,82.1,55.0,56.9
Rice,Kharif,Clay,Jul,Oct,Rainfed,6.5,137.2,28.8,75.1,98.9,46.9,51.7
Rice,Kharif,Silt,Jun,Sep,Irrigated,6.2,119.0,29.1,70.3,80.3,51.5,54.8
Rice,Kharif,Loamy,Jul,Oct,Rainfed,5.5,111.9,30.2,73.2,88.6,51.2,59.4
Rice,Kharif,Clay,Jun,Sep,Irrigated,7.0,128.9,38.0,60.1,98.0,50.7,57.4
Rice,Kharif,Silt,Jul,Oct,Rainfed,7.2,121.7,30.0,71.4,82.8,42.7,45.0
Rice,Kharif,Loamy,Jun,Sep,Irrigated,6.3,113.6,21.5,62.0,95.0,50.2,58.8
Rice,Kharif,Clay,Jul,Oct,Rainfed,7.0,138.2,35.7,62.7,90.9,44.5,44.9
Rice,Kharif,Silt,Jun,Sep,Irrigated,6.9,136.2,28.4,68.6,96.2,50.1,57.8
Rice,Kharif,Loamy,Jul,Oct,Rainfed,6.4,141.0,23.0,77.7,86.4,56.7,44.0
Rice,Kharif,Clay,Jun,Sep,Irrigated,5.6,126.4,26.9,73.8,98.7,49.3,56.5
Rice,Kharif,Silt,Jul,Oct,Rainfed,7.3,135.3,33.3,79.9,96.2,53.7,45.5
Rice,Kharif,Loamy,Jun,Sep,Irrigated,6.5,130.3,24.7,75.6,84.1,53.2,46.9
Rice,Kharif,Clay,Jul,Oct,Rainfed,6.7,139.5,20.5,69.7,98.5,56.8,48.4
Rice,Kharif,Silt,Jun,Sep,Irrigated,6.9,136.5,37.9,67.4,84.6,44.7,51.4
Rice,Kharif,Loamy,Jul,Oct,Rainfed,5.7,110.9,31.8,71.2,91.7,47.1,43.2
Rice,Kharif,Clay,Jun,Sep,Irrigated,5.3,121.7,36.3,77.6,92.9,40.2,54.5
Rice,Kharif,Silt,Jul,Oct,Rainfed,5.2,145.7,38.5,77.4,89.8,55.2,55.4
Rice,Kharif,Loamy,Jun,Sep,Irrigated,5.1,116.2,32.2,78.6,83.9,40.5,40.4
Rice,Kharif,Clay,Jul,Oct,Rainfed,5.7,126.9,27.7,65.8,90.5,47.0,41.8
Rice,Kharif,Silt,Jun,Sep,Irrigated,5.3,132.8,38.6,68.8,96.7,43.5,42.4
Rice,Kharif,Loamy,Jul,Oct,Rainfed,7.1,128.2,24.7,61.4,82.0,54.4,40.3
Rice,Kharif,Clay,Jun,Sep,Irrigated,7.9,142.4,24.0,61.2,81.6,50.5,47.2
Rice,Kharif,Silt,Jul,Oct,Rainfed,6.8,142.8,35.4,74.5,94.7,55.3,49.6
Rice,Kharif,Loamy,Jun,Sep,Irrigated,7.7,144.3,38.3,60.3,86.7,55.8,55.2
Rice,Kharif,Clay,Jul,Oct,Rainfed,7.7,120.3,34.9,65.9,93.5,41.0,57.5
Rice,Kharif,Silt,Jun,Sep,Irrigated,6.3,149.8,20.5,71.2,83.6,49.2,49.9
Rice,Kharif,Loamy,Jul,Oct,Rainfed,6.2,117.6,24.4,68.1,85.0,45.8,51.5
Rice,Kharif,Clay,Jun,Sep,Irrigated,7.7,139.8,25.3,70.0,83.7,40.7,46.9
Rice,Kharif,Silt,Jul,Oct,Rainfed,6.9,127.1,24.6,77.2,80.4,59.1,53.8
Rice,Kharif,Loamy,Jun,Sep,Irrigated,6.3,112.5,31.9,72.8,84.2,59.0,46.3
Rice,Kharif,Clay,Jul,Oct,Rainfed,7.3,119.1,31.2,72.6,90.2,42.5,43.3
Rice,Kharif,Silt,Jun,Sep,Irrigated,5.0,123.7,31.3,68.2,96.8,49.5,57.5
Rice,Kharif,Loamy,Jul,Oct,Rainfed,7.6,149.2,33.1,71.5,96.9,52.2,42.8
Rice,Kharif,Clay,Jun,Sep,Irrigated,6.2,111.1,38.8,66.8,89.4,48.4,54.0
Rice,Kharif,Silt,Jul,Oct,Rainfed,7.4,136.8,36.2,76.4,89.9,54.2,49.6
Rice,Kharif,Loamy,Jun,Sep,Irrigated,5.5,113.5,25.8,60.6,83.9,55.0,49.1
Rice,Kharif,Clay,Jul,Oct,Rainfed,7.8,132.9,28.0,74.6,100.0,58.5,49.7
Rice,Kharif,Silt,Jun,Sep,Irrigated,7.7,123.0,22.5,60.3,89.4,40.7,56.0
Rice,Kharif,Loamy,Jul,Oct,Rainfed,6.4,149.3,39.6,63.8,85.4,43.1,40.4
Rice,Kharif,Clay,Jun,Sep,Irrigated,5.2,140.6,37.9,74.6,80.1,52.7,48.0
Rice,Kharif,Silt,Jul,Oct,Rainfed,6.5,140.4,36.3,70.5,82.4,52.1,57.9
Rice,Kharif,Loamy,Jun,Sep,Irrigated,6.8,122.4,28.1,62.0,89.9,44.5,53.7
Rice,Kharif,Clay,Jul,Oct,Rainfed,5.4,114.4,32.9,77.0,82.2,40.9,47.6
Rice,Kharif,Silt,Jun,Sep,Irrigated,7.9,131.4,33.5,72.9,87.6,59.4,45.7
Rice,Kharif,Loamy,Jul,Oct,Rainfed,6.6,116.1,30.8,69.4,91.5,52.7,44.0
Rice,Kharif,Clay,Jun,Sep,Irrigated,7.9,123.0,25.7,71.4,82.8,48.7,53.9
Rice,Kharif,Silt,Jul,Oct,Rainfed,7.1,131.7,24.4,76.6,88.3,50.9,45.0
Rice,Kharif,Loamy,Jun,Sep,Irrigated,6.5,134.1,33.3,79.3,87.1,45.5,55.0
Rice,Kharif,Clay,Jul,Oct,Rainfed,6.0,149.4,32.0,70.7,95.4,41.5,40.4
Rice,Kharif,Silt,Jun,Sep,Irrigated,5.9,118.6,36.8,80.0,85.1,47.6,45.4
Rice,Kharif,Loamy,Jul,Oct,Rainfed,6.5,119.9,26.3,65.0,87.3,56.0,44.8
Rice,Kharif,Clay,Jun,Sep,Irrigated,6.9,133.8,28.9,67.5,89.3,54.3,40.1
Rice,Kharif,Silt,Jul,Oct,Rainfed,5.5,149.3,36.3,78.2,92.6,56.3,57.5
Rice,Kharif,Loamy,Jun,Sep,Irrigated,7.8,132.4,24.4,63.9,89.1,59.0,44.0
Rice,Kharif,Clay,Jul,Oct,Rainfed,7.0,146.5,29.7,76.0,95.5,51.4,48.5
Rice,Kharif,Silt,Jun,Sep,Irrigated,7.5,129.6,37.5,78.2,89.6,58.7,44.6
Rice,Kharif,Loamy,Jul,Oct,Rainfed,7.2,142.7,37.1,72.1,80.4,51.7,56.1
Rice,Kharif,Clay,Jun,Sep,Irrigated,6.0,111.8,28.0,67.6,84.0,43.6,47.4
Rice,Kharif,Silt,Jul,Oct,Rainfed,5.9,126.9,27.4,63.3,84.8,56.4,53.5
Wheat,Rabi,Loamy,Oct,Apr,Irrigated,6.2,80.4,22.1,57.6,118.9,51.5,47.9
Wheat,Rabi,Loamy,Nov,May,Rainfed,6.1,82.5,23.4,53.0,115.6,55.0,58.4
Wheat,Rabi,Loamy,Dec,Jun,Irrigated,6.8,89.5,21.7,55.8,82.2,45.4,47.3
Wheat,Rabi,Loamy,Oct,Apr,Rainfed,6.4,84.6,21.4,51.6,102.7,55.5,45.3
Wheat,Rabi,Loamy,Nov,May,Irrigated,6.2,83.4,21.4,59.0,99.4,55.5,50.7
Wheat,Rabi,Loamy,Dec,Jun,Rainfed,6.4,85.1,22.7,50.8,111.5,50.4,50.5
Wheat,Rabi,Loamy,Oct,Apr,Irrigated,6.1,87.4,22.1,57.2,81.2,44.9,54.7
Wheat,Rabi,Loamy,Nov,May,Rainfed,6.2,85.4,21.8,52.6,92.9,48.2,49.2
Wheat,Rabi,Loamy,Dec,Jun,Irrigated,6.4,89.9,22.8,57.5,85.7,53.3,53.1
Wheat,Rabi,Loamy,Oct,Apr,Rainfed,7.0,84.7,23.2,60.0,93.8,50.4,56.5
Wheat,Rabi,Loamy,Nov,May,Irrigated,6.2,85.2,22.9,57.0,89.8,58.4,49.8
Wheat,Rabi,Loamy,Dec,Jun,Rainfed,6.7,88.9,22.0,53.7,105.9,55.0,58.9
Wheat,Rabi,Loamy,Oct,Apr,Irrigated,6.9,88.0,22.8,55.0,89.6,47.4,57.6
Wheat,Rabi,Loamy,Nov,May,Rainfed,6.6,83.3,22.0,52.6,88.1,54.2,59.9
Wheat,Rabi,Loamy,Dec,Jun,Irrigated,6.4,81.5,21.2,56.5,92.6,52.4,56.6
Wheat,Rabi,Loamy,Oct,Apr,Rainfed,6.1,89.3,21.8,56.0,87.3,46.9,59.9
Wheat,Rabi,Loamy,Nov,May,Irrigated,7.0,89.9,22.2,57.9,93.3,43.5,55.5
Wheat,Rabi,Loamy,Dec,Jun,Rainfed,7.0,83.1,23.4,54.4,116.3,42.8,53.6
Wheat,Rabi,Loamy,Oct,Apr,Irrigated,6.6,87.2,23.4,59.2,118.8,58.4,47.4
Wheat,Rabi,Loamy,Nov,May,Rainfed,6.9,85.4,21.6,57.2,95.8,59.4,56.6
Wheat,Rabi,Loamy,Dec,Jun,Irrigated,6.8,86.3,23.1,50.7,89.6,41.6,52.0
Wheat,Rabi,Loamy,Oct,Apr,Rainfed,6.7,85.7,23.1,54.4,102.9,59.1,58.7
Wheat,Rabi,Loamy,Nov,May,Irrigated,6.4,87.3,23.4,54.7,116.4,58.8,45.6
Wheat,Rabi,Loamy,Dec,Jun,Rainfed,6.9,85.6,22.2,56.9,93.4,47.7,51.1
Wheat,Rabi,Loamy,Oct,Apr,Irrigated,6.6,81.9,23.9,57.9,88.8,56.8,54.3
Wheat,Rabi,Loamy,Nov,May,Rainfed,6.2,84.3,21.1,54.0,111.6,58.1,44.0
Wheat,Rabi,Loamy,Dec,Jun,Irrigated,6.4,80.1,22.9,57.4,81.3,52.6,50.3
Wheat,Rabi,Loamy,Oct,Apr,Rainfed,6.4,81.0,22.2,56.6,107.8,49.4,51.1
Wheat,Rabi,Loamy,Nov,May,Irrigated,6.0,88.4,21.9,59.7,93.2,45.4,50.6
Wheat,Rabi,Loamy,Dec,Jun,Rainfed,6.1,84.5,22.7,55.2,100.8,54.4,47.8
Wheat,Rabi,Loamy,Oct,Apr,Irrigated,7.0,84.9,23.1,56.5,85.1,50.0,46.2
Wheat,Rabi,Loamy,Nov,May,Rainfed,6.3,86.0,21.3,56.3,105.6,45.8,47.9
Wheat,Rabi,Loamy,Dec,Jun,Irrigated,6.6,86.7,22.3,52.4,101.9,49.7,41.8
Wheat,Rabi,Loamy,Oct,Apr,Rainfed,6.6,88.3,23.7,56.3,86.5,50.7,53.9
Wheat,Rabi,Loamy,Nov,May,Irrigated,6.9,88.9,23.8,53.2,81.0,54.4,55.2
Wheat,Rabi,Loamy,Dec,Jun,Rainfed,6.8,89.1,23.1,55.3,85.0,52.9,58.4
Wheat,Rabi,Loamy,Oct,Apr,Irrigated,6.2,88.8,23.8,51.7,108.8,53.6,47.1
Wheat,Rabi,Loamy,Nov,May,Rainfed,6.4,80.5,21.9,55.2,104.7,45.6,49.0
Wheat,Rabi,Loamy,Dec,Jun,Irrigated,6.6,81.0,21.3,50.9,93.7,50.1,41.2
Wheat,Rabi,Loamy,Oct,Apr,Rainfed,6.1,83.9,21.9,55.2,99.9,51.4,49.6
Wheat,Rabi,Loamy,Nov,May,Irrigated,6.5,88.6,21.1,58.2,82.0,53.6,49.2
Wheat,Rabi,Loamy,Dec,Jun,Rainfed,6.1,86.8,23.1,52.8,105.6,50.0,50.4
Wheat,Rabi,Loamy,Oct,Apr,Irrigated,6.6,85.7,22.0,55.4,113.1,53.3,59.9
Wheat,Rabi,Loamy,Nov,May,Rainfed,6.1,87.1,23.3,52.8,100.8,59.8,57.8
Wheat,Rabi,Loamy,Dec,Jun,Irrigated,6.5,82.1,23.1,54.4,95.7,41.0,44.2
Wheat,Rabi,Loamy,Oct,Apr,Rainfed,6.8,83.6,23.5,57.0,93.7,46.6,51.6
Wheat,Rabi,Loamy,Nov,May,Irrigated,6.7,88.4,23.6,51.2,116.3,58.0,54.2
Wheat,Rabi,Loamy,Dec,Jun,Rainfed,6.0,80.3,23.9,57.1,118.7,59.5,46.3
Wheat,Rabi,Loamy,Oct,Apr,Irrigated,7.0,83.1,21.9,53.1,93.8,46.1,56.5
Wheat,Rabi,Loamy,Nov,May,Rainfed,6.6,81.0,23.6,58.4,118.2,48.7,56.8
Wheat,Rabi,Loamy,Dec,Jun,Irrigated,6.9,83.1,23.0,52.2,94.2,44.8,55.1
Wheat,Rabi,Loamy,Oct,Apr,Rainfed,6.3,87.8,22.4,55.0,118.3,42.6,43.3
Wheat,Rabi,Loamy,Nov,May,Irrigated,7.0,84.8,21.2,59.9,88.0,45.5,44.5
Wheat,Rabi,Loamy,Dec,Jun,Rainfed,6.7,84.6,21.8,53.3,110.4,42.5,42.8
Wheat,Rabi,Loamy,Oct,Apr,Irrigated,6.9,83.6,22.5,52.0,102.7,52.0,53.8
Wheat,Rabi,Loamy,Nov,May,Rainfed,6.0,83.6,23.8,55.0,107.5,55.2,51.4
Wheat,Rabi,Loamy,Dec,Jun,Irrigated,6.6,84.4,22.0,58.9,117.4,54.2,44.8
Wheat,Rabi,Loamy,Oct,Apr,Rainfed,6.3,81.8,22.2,52.0,114.3,48.9,43.2
Wheat,Rabi,Loamy,Nov,May,Irrigated,6.0,84.6,22.9,59.5,81.5,59.3,58.1
Wheat,Rabi,Loamy,Dec,Jun,Rainfed,6.9,85.5,23.2,56.5,98.4,46.7,51.3
Wheat,Rabi,Loamy,Oct,Apr,Irrigated,6.9,82.7,21.5,51.8,88.3,50.8,52.2
Wheat,Rabi,Loamy,Nov,May,Rainfed,6.5,84.8,21.1,55.0,117.8,53.9,48.0
Wheat,Rabi,Loamy,Dec,Jun,Irrigated,6.4,81.1,23.4,59.4,106.0,56.5,41.1
Wheat,Rabi,Loamy,Oct,Apr,Rainfed,7.0,89.0,21.3,58.4,116.8,40.6,58.2
Wheat,Rabi,Loamy,Nov,May,Irrigated,6.5,84.3,22.6,57.5,106.0,52.4,50.0
Wheat,Rabi,Loamy,Dec,Jun,Rainfed,6.3,89.6,21.3,54.8,80.0,40.3,54.9
Wheat,Rabi,Loamy,Oct,Apr,Irrigated,7.0,84.7,23.0,53.8,99.4,59.6,53.9
Wheat,Rabi,Loamy,Nov,May,Rainfed,6.1,82.0,21.6,56.6,93.4,44.1,47.7
Wheat,Rabi,Loamy,Dec,Jun,Irrigated,6.4,84.9,23.2,58.9,88.8,47.6,41.8
Wheat,Rabi,Loamy,Oct,Apr,Rainfed,7.0,83.8,22.2,58.1,107.5,56.7,57.3
Wheat,Rabi,Loamy,Nov,May,Irrigated,6.6,84.2,23.9,50.0,92.7,48.7,57.4
Wheat,Rabi,Loamy,Dec,Jun,Rainfed,6.2,84.4,22.2,58.7,107.8,47.0,52.1
Wheat,Rabi,Loamy,Oct,Apr,Irrigated,6.2,82.5,22.5,53.7,119.7,46.3,54.9
Wheat,Rabi,Loamy,Nov,May,Rainfed,6.1,81.6,22.8,55.8,112.0,41.2,55.8
Wheat,Rabi,Loamy,Dec,Jun,Irrigated,6.9,81.5,21.3,59.5,102.3,44.4,53.4
Wheat,Rabi,Loamy,Oct,Apr,Rainfed,6.9,81.5,21.0,53.6,107.6,42.0,60.0
Wheat,Rabi,Loamy,Nov,May,Irrigated,6.3,80.9,22.5,50.8,84.5,54.2,41.3
Wheat,Rabi,Loamy,Dec,Jun,Rainfed,6.2,84.9,23.6,59.7,84.2,51.7,51.4
Wheat,Rabi,Loamy,Oct,Apr,Irrigated,6.1,88.8,22.8,56.5,114.2,52.8,40.7
Wheat,Rabi,Loamy,Nov,May,Rainfed,6.7,86.4,22.1,50.6,91.6,40.2,57.2
Wheat,Rabi,Loamy,Dec,Jun,Irrigated,6.2,82.8,21.6,58.8,117.8,47.7,49.3
Wheat,Rabi,Loamy,Oct,Apr,Rainfed,6.3,87.0,23.1,52.0,113.1,51.2,50.4
Wheat,Rabi,Loamy,Nov,May,Irrigated,6.2,88.0,22.7,58.5,97.9,59.9,41.9
Wheat,Rabi,Loamy,Dec,Jun,Rainfed,6.9,83.4,21.8,55.1,100.9,48.0,58.2
Wheat,Rabi,Loamy,Oct,Apr,Irrigated,6.4,89.8,23.6,58.1,109.9,46.0,56.2
Wheat,Rabi,Loamy,Nov,May,Rainfed,6.9,83.8,23.4,59.3,80.1,42.3,50.5
Wheat,Rabi,Loamy,Dec,Jun,Irrigated,6.4,81.2,21.6,50.2,95.4,58.0,45.8
Wheat,Rabi,Loamy,Oct,Apr,Rainfed,6.1,89.2,21.2,52.5,111.6,50.0,57.1
Wheat,Rabi,Loamy,Nov,May,Irrigated,6.2,82.9,23.5,53.2,109.2,58.5,45.7
Wheat,Rabi,Loamy,Dec,Jun,Rainfed,6.6,83.8,23.3,52.3,101.0,52.6,58.6
Wheat,Rabi,Loamy,Oct,Apr,Irrigated,6.5,89.6,22.1,54.4,94.2,54.4,40.5
Wheat,Rabi,Loamy,Nov,May,Rainfed,6.9,84.1,21.8,59.2,86.6,44.1,42.0
Wheat,Rabi,Loamy,Dec,Jun,Irrigated,6.8,81.4,21.5,58.6,86.0,41.5,45.8
Wheat,Rabi,Loamy,Oct,Apr,Rainfed,6.1,81.5,22.1,54.7,84.3,42.3,58.3
Wheat,Rabi,Loamy,Nov,May,Irrigated,6.3,80.9,23.4,56.8,116.8,48.5,47.0
Wheat,Rabi,Loamy,Dec,Jun,Rainfed,6.9,85.2,22.8,58.9,109.8,50.7,51.3
Wheat,Rabi,Loamy,Oct,Apr,Irrigated,6.4,88.8,23.2,54.5,91.4,54.2,46.9
Wheat,Rabi,Loamy,Nov,May,Rainfed,6.9,83.6,21.8,54.2,95.2,48.4,59.1
Wheat,Rabi,Loamy,Dec,Jun,Irrigated,6.6,85.3,23.9,54.0,107.8,56.0,51.7
Wheat,Rabi,Loamy,Oct,Apr,Rainfed,6.4,86.2,23.0,52.5,104.6,40.8,53.5
Wheat,Rabi,Loamy,Nov,May,Irrigated,6.6,80.6,21.3,55.9,115.5,55.0,50.0
Wheat,Rabi,Loamy,Dec,Jun,Rainfed,6.8,89.9,21.9,53.9,117.1,48.9,44.8
Wheat,Rabi,Loamy,Oct,Apr,Irrigated,6.7,83.5,23.0,56.6,89.9,46.3,49.5
Wheat,Rabi,Loamy,Nov,May,Rainfed,6.2,89.0,21.8,57.9,86.1,47.9,54.6
Wheat,Rabi,Loamy,Dec,Jun,Irrigated,6.9,82.8,21.4,59.4,92.4,47.7,54.5
Wheat,Rabi,Loamy,Oct,Apr,Rainfed,6.4,86.5,22.1,55.4,116.6,48.9,50.2
Wheat,Rabi,Loamy,Nov,May,Irrigated,6.5,86.7,22.6,53.9,97.9,40.3,45.0
Wheat,Rabi,Loamy,Dec,Jun,Rainfed,6.6,88.8,23.8,51.0,89.1,56.5,57.2
Wheat,Rabi,Loamy,Oct,Apr,Irrigated,6.9,84.4,21.1,58.9,112.8,46.1,50.7
Wheat,Rabi,Loamy,Nov,May,Rainfed,6.6,86.8,21.4,52.8,95.4,54.3,51.9
Wheat,Rabi,Loamy,Dec,Jun,Irrigated,6.3,85.5,23.2,53.0,99.0,56.5,57.3
Wheat,Rabi,Loamy,Oct,Apr,Rainfed,6.1,83.7,22.2,58.9,104.9,57.2,59.2
Wheat,Rabi,Loamy,Nov,May,Irrigated,6.1,80.0,22.1,58.9,92.9,47.4,47.1
Wheat,Rabi,Loamy,Dec,Jun,Rainfed,6.6,84.6,21.1,52.7,115.0,57.0,40.1
Wheat,Rabi,Loamy,Oct,Apr,Irrigated,6.2,84.1,23.5,54.4,102.4,55.3,45.1
Wheat,Rabi,Loamy,Nov,May,Rainfed,6.5,85.9,21.7,58.4,98.6,43.7,45.1
Wheat,Rabi,Loamy,Dec,Jun,Irrigated,6.3,89.3,21.3,56.5,115.4,55.2,46.7
Wheat,Rabi,Loamy,Oct,Apr,Rainfed,6.6,87.1,21.8,51.5,88.3,43.5,53.1
Wheat,Rabi,Loamy,Nov,May,Irrigated,6.5,89.7,22.5,54.2,111.3,46.1,42.8
Wheat,Rabi,Loamy,Dec,Jun,Rainfed,6.7,85.4,22.0,51.6,93.2,54.3,55.1
Wheat,Rabi,Loamy,Oct,Apr,Irrigated,6.4,89.9,23.9,55.3,89.5,48.7,52.7
Wheat,Rabi,Loamy,Nov,May,Rainfed,7.0,86.1,22.8,57.5,81.4,53.2,47.1
Wheat,Rabi,Loamy,Dec,Jun,Irrigated,6.3,87.6,22.9,55.1,105.7,53.4,45.7
Wheat,Rabi,Loamy,Oct,Apr,Rainfed,6.5,89.4,21.3,50.4,95.5,45.3,45.7
Wheat,Rabi,Loamy,Nov,May,Irrigated,6.8,83.5,23.4,52.1,105.6,47.9,40.2
Wheat,Rabi,Loamy,Dec,Jun,Rainfed,6.3,83.4,22.1,54.3,95.3,53.7,45.1
Wheat,Rabi,Loamy,Oct,Apr,Irrigated,6.8,86.1,23.3,53.2,83.8,44.9,56.5
Wheat,Rabi,Loamy,Nov,May,Rainfed,6.1,86.5,22.3,54.4,115.4,44.1,48.2
Wheat,Rabi,Loamy,Dec,Jun,Irrigated,6.1,88.2,22.9,55.5,113.1,59.0,51.7
Wheat,Rabi,Loamy,Oct,Apr,Rainfed,6.4,82.5,23.0,59.4,105.9,49.3,50.9
Wheat,Rabi,Loamy,Nov,May,Irrigated,6.6,83.2,22.7,51.8,88.9,41.7,50.5
Wheat,Rabi,Loamy,Dec,Jun,Rainfed,6.7,87.1,21.6,51.3,94.3,46.7,55.3
Wheat,Rabi,Loamy,Oct,Apr,Irrigated,6.2,86.0,22.1,54.0,108.4,40.6,45.5
Wheat,Rabi,Loamy,Nov,May,Rainfed,6.6,82.4,21.3,55.4,89.2,58.3,48.6
Wheat,Rabi,Loamy,Dec,Jun,Irrigated,6.4,86.4,21.5,59.8,97.2,42.3,58.4
Wheat,Rabi,Loamy,Oct,Apr,Rainfed,7.0,82.8,22.6,51.4,89.0,43.6,44.0
Wheat,Rabi,Loamy,Nov,May,Irrigated,6.1,86.9,21.6,55.8,108.3,49.5,48.5
Wheat,Rabi,Loamy,Dec,Jun,Rainfed,6.2,83.2,23.2,50.3,116.3,57.8,40.4
Wheat,Rabi,Loamy,Oct,Apr,Irrigated,6.9,86.1,23.5,52.2,85.5,57.2,51.7
Wheat,Rabi,Loamy,Nov,May,Rainfed,6.2,80.4,23.9,55.3,104.5,57.2,60.0
Wheat,Rabi,Loamy,Dec,Jun,Irrigated,6.2,80.3,23.2,53.5,99.6,59.1,52.9
Wheat,Rabi,Loamy,Oct,Apr,Rainfed,6.8,89.2,22.0,57.5,87.2,53.2,42.1
Wheat,Rabi,Loamy,Nov,May,Irrigated,6.8,85.0,22.4,55.8,105.4,42.3,47.8
Wheat,Rabi,Loamy,Dec,Jun,Rainfed,6.6,81.1,22.5,52.4,94.1,56.5,40.5
Wheat,Rabi,Loamy,Oct,Apr,Irrigated,6.5,84.6,22.5,59.2,84.7,52.4,55.6
Wheat,Rabi,Loamy,Nov,May,Rainfed,6.6,85.3,22.9,57.3,89.1,47.4,47.6
Wheat,Rabi,Loamy,Dec,Jun,Irrigated,6.7,84.9,21.5,58.6,89.0,52.5,47.6
Wheat,Rabi,Loamy,Oct,Apr,Rainfed,6.7,87.5,22.6,54.3,104.4,40.1,44.4
Wheat,Rabi,Loamy,Nov,May,Irrigated,6.8,88.6,22.1,52.7,103.4,52.1,52.5
Wheat,Rabi,Loamy,Dec,Jun,Rainfed,6.2,83.7,22.4,56.4,114.7,41.3,44.5
Wheat,Rabi,Loamy,Oct,Apr,Irrigated,6.9,87.7,22.0,58.1,114.0,45.4,52.6
Wheat,Rabi,Loamy,Nov,May,Rainfed,6.9,81.5,22.7,56.6,80.0,54.6,50.1
Wheat,Rabi,Loamy,Dec,Jun,Irrigated,6.4,80.6,21.4,59.6,97.8,59.4,42.0
Wheat,Rabi,Loamy,Oct,Apr,Rainfed,6.4,87.3,22.9,52.5,105.7,40.4,40.9
Wheat,Rabi,Loamy,Nov,May,Irrigated,6.4,86.8,23.7,54.8,89.8,47.4,56.6
Wheat,Rabi,Loamy,Dec,Jun,Rainfed,6.2,87.0,23.3,56.9,116.5,49.1,43.9
Wheat,Rabi,Loamy,Oct,Apr,Irrigated,6.2,81.6,21.4,51.9,109.9,51.8,41.7
Wheat,Rabi,Loamy,Nov,May,Rainfed,6.7,85.7,23.2,50.9,95.2,54.0,46.5
Wheat,Rabi,Loamy,Dec,Jun,Irrigated,6.5,85.6,22.2,55.4,103.1,54.6,50.2
Wheat,Rabi,Loamy,Oct,Apr,Rainfed,6.9,83.3,21.2,59.1,83.4,40.5,49.9
Wheat,Rabi,Loamy,Nov,May,Irrigated,6.2,88.6,21.7,58.1,82.1,43.1,54.8
Wheat,Rabi,Loamy,Dec,Jun,Rainfed,6.1,80.9,21.1,59.8,103.1,45.3,44.9
Wheat,Rabi,Loamy,Oct,Apr,Irrigated,6.9,85.1,21.7,51.3,112.9,44.4,50.1
Wheat,Rabi,Loamy,Nov,May,Rainfed,6.9,81.6,22.0,55.9,112.5,44.9,58.9
Wheat,Rabi,Loamy,Dec,Jun,Irrigated,6.1,81.5,21.5,53.8,98.5,57.3,42.4
Wheat,Rabi,Loamy,Oct,Apr,Rainfed,6.5,88.0,21.2,51.0,109.4,47.9,47.7
Wheat,Rabi,Loamy,Nov,May,Irrigated,6.5,80.5,22.7,56.4,112.1,52.3,44.9
Wheat,Rabi,Loamy,Dec,Jun,Rainfed,6.3,86.8,23.9,59.0,81.3,41.4,47.9
Wheat,Rabi,Loamy,Oct,Apr,Irrigated,6.7,83.8,22.6,57.1,112.0,58.9,50.8
Wheat,Rabi,Loamy,Nov,May,Rainfed,6.7,83.7,22.3,59.5,83.3,58.1,41.5
Wheat,Rabi,Loamy,Dec,Jun,Irrigated,6.7,87.0,22.8,57.2,87.4,43.5,53.8
Wheat,Rabi,Loamy,Oct,Apr,Rainfed,6.9,88.8,23.0,58.0,87.7,51.9,59.1
Wheat,Rabi,Loamy,Nov,May,Irrigated,6.5,89.7,21.3,55.8,98.1,50.3,55.6
Wheat,Rabi,Loamy,Dec,Jun,Rainfed,6.3,83.6,23.9,57.9,99.5,41.9,57.2
Wheat,Rabi,Loamy,Oct,Apr,Irrigated,6.8,90.0,21.7,51.1,120.0,40.2,59.7
Wheat,Rabi,Loamy,Nov,May,Rainfed,6.7,83.0,22.1,53.1,98.8,51.7,41.6
Wheat,Rabi,Loamy,Dec,Jun,Irrigated,6.6,85.1,22.1,50.6,100.4,40.7,51.7
Wheat,Rabi,Loamy,Oct,Apr,Rainfed,6.3,87.7,22.5,52.9,97.2,54.7,47.4
Wheat,Rabi,Loamy,Nov,May,Irrigated,6.2,84.4,23.3,55.8,114.4,52.9,55.4
Wheat,Rabi,Loamy,Dec,Jun,Rainfed,6.9,87.9,22.4,54.6,96.5,43.6,46.3
Wheat,Rabi,Loamy,Oct,Apr,Irrigated,6.3,85.7,23.2,54.2,116.3,48.9,43.3
Wheat,Rabi,Loamy,Nov,May,Rainfed,6.0,85.4,23.2,53.1,80.6,59.8,47.1
Wheat,Rabi,Loamy,Dec,Jun,Irrigated,6.8,82.9,23.7,56.1,114.5,43.1,46.3
Wheat,Rabi,Loamy,Oct,Apr,Rainfed,6.8,86.3,21.2,53.2,96.1,52.5,52.0
Wheat,Rabi,Loamy,Nov,May,Irrigated,6.5,88.0,23.8,51.2,84.8,58.9,44.1
Wheat,Rabi,Loamy,Dec,Jun,Rainfed,6.1,82.5,23.9,52.7,115.2,54.6,59.2
Wheat,Rabi,Loamy,Oct,Apr,Irrigated,6.5,81.4,23.7,59.4,93.0,58.9,44.7
Wheat,Rabi,Loamy,Nov,May,Rainfed,6.4,80.9,21.6,54.1,92.6,55.1,55.7
Wheat,Rabi,Loamy,Dec,Jun,Irrigated,6.3,87.5,22.3,56.4,112.0,47.9,57.3
Wheat,Rabi,Loamy,Oct,Apr,Rainfed,6.2,85.6,21.1,51.2,110.5,50.7,40.7
Wheat,Rabi,Loamy,Nov,May,Irrigated,6.8,80.6,22.2,56.2,94.3,43.5,49.0
Wheat,Rabi,Loamy,Dec,Jun,Rainfed,6.3,89.2,22.2,57.0,102.6,51.1,58.6
Wheat,Rabi,Loamy,Oct,Apr,Irrigated,6.2,86.4,23.3,55.1,104.2,43.4,46.2
Wheat,Rabi,Loamy,Nov,May,Rainfed,6.2,84.5,22.6,56.2,96.3,42.5,41.8
Wheat,Rabi,Loamy,Dec,Jun,Irrigated,6.9,83.3,21.2,57.8,112.4,51.5,59.7
Wheat,Rabi,Loamy,Oct,Apr,Rainfed,6.7,82.2,21.1,51.7,111.2,45.1,57.9
Wheat,Rabi,Loamy,Nov,May,Irrigated,6.7,83.3,21.3,54.0,111.0,41.6,41.9
Wheat,Rabi,Loamy,Dec,Jun,Rainfed,6.0,88.6,23.0,56.3,103.0,46.9,44.1
Wheat,Rabi,Loamy,Oct,Apr,Irrigated,6.3,89.4,21.6,52.5,84.5,40.6,50.9
Wheat,Rabi,Loamy,Nov,May,Rainfed,6.7,88.0,22.4,56.3,96.8,47.2,43.0
Wheat,Rabi,Loamy,Dec,Jun,Irrigated,6.6,88.2,21.5,53.0,84.9,58.8,50.5
Wheat,Rabi,Loamy,Oct,Apr,Rainfed,6.6,84.4,21.5,55.4,91.8,45.8,58.3
Wheat,Rabi,Loamy,Nov,May,Irrigated,6.1,83.0,24.0,52.1,107.7,40.5,58.2
Wheat,Rabi,Loamy,Dec,Jun,Rainfed,6.6,88.3,22.5,51.6,91.6,49.5,57.7
Wheat,Rabi,Loamy,Oct,Apr,Irrigated,6.8,80.0,24.0,51.6,104.1,53.3,58.2
Wheat,Rabi,Loamy,Nov,May,Rainfed,6.4,80.3,21.1,59.3,118.7,50.2,40.4
Wheat,Rabi,Loamy,Dec,Jun,Irrigated,6.4,83.7,23.7,52.8,116.9,40.7,54.5
Wheat,Rabi,Loamy,Oct,Apr,Rainfed,6.1,85.8,23.4,53.0,84.8,40.1,49.5
Wheat,Rabi,Loamy,Nov,May,Irrigated,6.1,82.0,22.3,59.7,115.4,44.1,47.6
Wheat,Rabi,Loamy,Dec,Jun,Rainfed,6.1,82.3,22.4,59.4,115.8,59.7,56.7
Wheat,Rabi,Loamy,Oct,Apr,Irrigated,6.4,88.7,23.5,56.0,104.5,45.7,44.7
Wheat,Rabi,Loamy,Nov,May,Rainfed,6.5,84.2,21.1,50.8,90.4,49.1,55.5
Wheat,Rabi,Loamy,Dec,Jun,Irrigated,7.0,85.7,23.4,59.4,98.1,46.6,43.1
Wheat,Rabi,Loamy,Oct,Apr,Rainfed,6.1,81.8,23.5,52.4,95.9,49.5,40.0
Wheat,Rabi,Loamy,Nov,May,Irrigated,6.2,83.8,23.4,50.1,83.9,41.5,52.4
Wheat,Rabi,Loamy,Dec,Jun,Rainfed,6.3,84.4,23.5,59.3,87.8,56.4,48.3
Wheat,Rabi,Loamy,Oct,Apr,Irrigated,6.5,86.8,21.2,54.0,111.3,51.7,59.0
Wheat,Rabi,Loamy,Nov,May,Rainfed,6.9,88.0,23.0,55.5,89.0,43.8,41.5
Wheat,Rabi,Loamy,Dec,Jun,Irrigated,6.5,82.6,23.0,50.4,112.9,49.3,43.9
Wheat,Rabi,Loamy,Oct,Apr,Rainfed,6.4,80.0,23.6,58.5,84.1,53.0,50.7
Wheat,Rabi,Loamy,Nov,May,Irrigated,7.0,85.7,21.9,54.3,83.0,41.4,54.3
Wheat,Rabi,Loamy,Dec,Jun,Rainfed,6.4,84.0,22.1,52.7,105.6,45.9,55.8
Wheat,Rabi,Loamy,Oct,Apr,Irrigated,6.4,86.6,21.2,55.1,115.4,46.2,41.8
Wheat,Rabi,Loamy,Nov,May,Rainfed,6.9,81.6,22.4,53.2,82.5,55.2,42.3
Wheat,Rabi,Loamy,Dec,Jun,Irrigated,7.0,82.9,21.5,52.6,111.7,47.6,54.4
Wheat,Rabi,Loamy,Oct,Apr,Rainfed,6.7,86.6,21.2,53.4,84.6,46.6,52.3
Wheat,Rabi,Loamy,Nov,May,Irrigated,6.4,83.5,22.5,50.2,104.5,54.2,40.5
Wheat,Rabi,Loamy,Dec,Jun,Rainfed,6.4,80.8,23.5,50.0,99.3,46.6,42.2
Wheat,Rabi,Loamy,Oct,Apr,Irrigated,6.2,81.4,24.0,58.4,115.1,47.6,58.1
Wheat,Rabi,Loamy,Nov,May,Rainfed,6.4,86.8,23.7,53.2,103.6,49.1,58.1
Wheat,Rabi,Loamy,Dec,Jun,Irrigated,6.1,86.9,22.9,52.8,80.3,45.2,53.0
Wheat,Rabi,Loamy,Oct,Apr,Rainfed,7.0,86.2,22.3,58.8,82.6,43.2,54.4
Wheat,Rabi,Loamy,Nov,May,Irrigated,6.2,87.0,21.4,52.0,80.2,56.4,55.9
Wheat,Rabi,Loamy,Dec,Jun,Rainfed,6.1,84.9,22.2,59.1,108.1,50.6,41.7
Wheat,Rabi,Loamy,Oct,Apr,Irrigated,6.9,86.7,23.6,51.5,95.2,47.0,43.0
Wheat,Rabi,Loamy,Nov,May,Rainfed,7.0,88.4,23.8,51.6,101.7,41.6,49.5
Wheat,Rabi,Loamy,Dec,Jun,Irrigated,6.6,80.4,22.5,53.5,118.0,43.6,46.1
Wheat,Rabi,Loamy,Oct,Apr,Rainfed,6.8,86.1,22.2,57.4,112.2,57.8,44.1
Wheat,Rabi,Loamy,Nov,May,Irrigated,6.5,80.2,21.6,57.3,92.9,50.8,55.2
Wheat,Rabi,Loamy,Dec,Jun,Rainfed,6.8,82.8,23.8,54.3,111.6,57.4,45.2
Wheat,Rabi,Loamy,Oct,Apr,Irrigated,6.1,87.8,22.7,58.2,81.3,51.1,53.2
Wheat,Rabi,Loamy,Nov,May,Rainfed,6.2,82.0,22.5,56.6,82.9,45.2,55.7
Wheat,Rabi,Loamy,Dec,Jun,Irrigated,6.8,80.6,23.2,59.8,99.9,41.5,48.3
Wheat,Rabi,Loamy,Oct,Apr,Rainfed,6.8,86.1,23.8,59.6,98.1,40.6,52.6
Wheat,Rabi,Loamy,Nov,May,Irrigated,6.3,85.5,23.8,51.1,101.2,58.5,59.1
Wheat,Rabi,Loamy,Dec,Jun,Rainfed,6.1,86.3,22.7,56.8,88.5,40.9,41.0
Wheat,Rabi,Loamy,Oct,Apr,Irrigated,6.4,82.4,22.3,56.6,119.5,53.9,56.1
Wheat,Rabi,Loamy,Nov,May,Rainfed,6.0,87.0,23.5,52.9,99.1,59.5,55.8
Wheat,Rabi,Loamy,Dec,Jun,Irrigated,6.4,85.1,21.7,59.9,98.5,41.1,58.0
Wheat,Rabi,Loamy,Oct,Apr,Rainfed,7.0,82.6,22.5,57.2,111.3,56.7,59.9
Wheat,Rabi,Loamy,Nov,May,Irrigated,6.2,87.1,23.8,58.7,112.6,59.8,48.4
Wheat,Rabi,Loamy,Dec,Jun,Rainfed,6.4,89.7,22.2,52.9,83.9,55.9,55.6
Wheat,Rabi,Loamy,Oct,Apr,Irrigated,6.3,81.8,22.1,59.3,116.0,40.4,49.3
Wheat,Rabi,Loamy,Nov,May,Rainfed,6.5,82.2,21.5,58.6,96.1,49.2,45.7
Wheat,Rabi,Loamy,Dec,Jun,Irrigated,6.3,86.0,22.8,51.3,109.7,49.5,40.5
Wheat,Rabi,Loamy,Oct,Apr,Rainfed,6.4,87.4,21.3,54.8,96.6,45.5,44.2
Wheat,Rabi,Loamy,Nov,May,Irrigated,6.8,85.8,22.7,57.4,118.2,40.4,40.2
Wheat,Rabi,Loamy,Dec,Jun,Rainfed,6.0,86.3,22.7,52.8,98.4,43.1,52.4
Wheat,Rabi,Loamy,Oct,Apr,Irrigated,6.7,88.7,22.5,53.3,113.3,54.6,58.0
Wheat,Rabi,Loamy,Nov,May,Rainfed,6.9,86.5,21.1,50.9,108.1,54.9,59.3
Wheat,Rabi,Loamy,Dec,Jun,Irrigated,6.9,84.1,21.9,51.9,89.9,59.9,43.9
Wheat,Rabi,Loamy,Oct,Apr,Rainfed,6.5,88.8,23.0,55.5,98.2,52.3,46.1
Wheat,Rabi,Loamy,Nov,May,Irrigated,6.5,87.4,22.2,51.3,108.1,59.2,43.3
Wheat,Rabi,Loamy,Dec,Jun,Rainfed,6.8,82.8,22.1,50.5,115.4,52.5,45.7
Wheat,Rabi,Loamy,Oct,Apr,Irrigated,6.4,84.4,22.9,53.8,104.8,46.0,59.5
Wheat,Rabi,Loamy,Nov,May,Rainfed,6.7,88.6,23.7,58.2,101.6,43.1,54.4
Wheat,Rabi,Loamy,Dec,Jun,Irrigated,6.5,82.4,22.4,51.0,84.0,58.8,59.7
Wheat,Rabi,Loamy,Oct,Apr,Rainfed,6.8,83.9,22.4,54.0,110.8,58.9,52.2
Wheat,Rabi,Loamy,Nov,May,Irrigated,6.6,81.2,22.9,50.3,101.5,58.4,59.4
Wheat,Rabi,Loamy,Dec,Jun,Rainfed,6.2,82.9,21.5,56.3,97.0,43.3,47.6
Wheat,Rabi,Loamy,Oct,Apr,Irrigated,6.5,85.5,23.6,59.0,103.6,47.7,49.3
Wheat,Rabi,Loamy,Nov,May,Rainfed,6.3,85.5,21.8,55.5,102.5,44.3,59.1
Wheat,Rabi,Loamy,Dec,Jun,Irrigated,7.0,82.4,21.1,59.6,100.1,42.2,49.0
Wheat,Rabi,Loamy,Oct,Apr,Rainfed,6.8,88.4,23.4,57.4,95.7,58.8,57.8
Wheat,Rabi,Loamy,Nov,May,Irrigated,6.3,89.3,23.0,54.2,84.2,46.2,50.1
Wheat,Rabi,Loamy,Dec,Jun,Rainfed,6.0,87.1,21.5,53.2,88.0,47.8,57.5
Wheat,Rabi,Loamy,Oct,Apr,Irrigated,6.4,84.9,21.7,54.6,83.4,57.6,43.7
Wheat,Rabi,Loamy,Nov,May,Rainfed,6.3,81.3,22.8,52.4,96.3,42.3,58.8
Wheat,Rabi,Loamy,Dec,Jun,Irrigated,6.6,81.4,23.3,52.3,84.0,55.3,55.1
Wheat,Rabi,Loamy,Oct,Apr,Rainfed,6.2,85.1,23.8,59.6,95.4,45.0,43.6
Wheat,Rabi,Loamy,Nov,May,Irrigated,6.9,85.4,21.2,54.5,94.0,50.8,50.5
Wheat,Rabi,Loamy,Dec,Jun,Rainfed,6.3,82.3,21.5,54.1,119.1,40.8,40.5
Wheat,Rabi,Loamy,Oct,Apr,Irrigated,6.7,83.3,21.2,51.8,99.4,57.3,50.3
Wheat,Rabi,Loamy,Nov,May,Rainfed,6.9,85.9,23.0,55.0,106.6,59.6,54.8
Wheat,Rabi,Loamy,Dec,Jun,Irrigated,6.4,87.8,21.1,55.0,117.7,58.0,48.9
Wheat,Rabi,Loamy,Oct,Apr,Rainfed,6.8,87.9,21.7,57.9,105.0,58.4,42.2
Wheat,Rabi,Loamy,Nov,May,Irrigated,6.3,87.4,22.7,54.9,105.5,46.4,55.8
Wheat,Rabi,Loamy,Dec,Jun,Rainfed,6.5,89.4,22.2,51.6,80.6,56.5,45.6
Wheat,Rabi,Loamy,Oct,Apr,Irrigated,6.7,83.6,22.1,55.7,86.9,41.9,43.6
Wheat,Rabi,Loamy,Nov,May,Rainfed,6.5,86.6,23.4,50.2,94.5,56.8,53.2
Wheat,Rabi,Loamy,Dec,Jun,Irrigated,6.6,85.5,23.6,56.1,116.3,51.7,41.2
Wheat,Rabi,Loamy,Oct,Apr,Rainfed,7.0,80.5,23.4,58.0,119.0,52.9,55.7
Wheat,Rabi,Loamy,Nov,May,Irrigated,6.1,85.7,23.5,52.5,90.2,53.3,48.7
Wheat,Rabi,Loamy,Dec,Jun,Rainfed,6.4,80.0,22.7,59.3,110.8,44.7,51.1
Wheat,Rabi,Loamy,Oct,Apr,Irrigated,7.0,89.7,22.2,56.9,110.4,43.0,44.5
Wheat,Rabi,Loamy,Nov,May,Rainfed,6.3,81.1,21.0,55.2,112.7,47.1,59.4
Wheat,Rabi,Loamy,Dec,Jun,Irrigated,6.8,80.4,23.0,52.5,119.0,57.6,54.4
Wheat,Rabi,Loamy,Oct,Apr,Rainfed,7.0,81.6,23.1,59.1,119.7,40.0,59.1
Wheat,Rabi,Loamy,Nov,May,Irrigated,6.2,86.6,21.1,56.9,83.4,48.8,43.3
Wheat,Rabi,Loamy,Dec,Jun,Rainfed,6.9,84.1,23.3,57.6,96.8,56.2,55.7
Wheat,Rabi,Loamy,Oct,Apr,Irrigated,6.2,81.3,21.6,57.2,109.1,57.8,42.3
Wheat,Rabi,Loamy,Nov,May,Rainfed,6.2,80.5,23.6,57.5,84.5,50.1,45.5
Wheat,Rabi,Loamy,Dec,Jun,Irrigated,6.0,80.2,22.4,51.4,106.3,47.0,41.7
Wheat,Rabi,Loamy,Oct,Apr,Rainfed,6.1,85.7,21.8,56.5,109.8,40.7,43.7
Wheat,Rabi,Loamy,Nov,May,Irrigated,6.6,83.6,23.8,51.3,118.6,41.5,50.5
Wheat,Rabi,Loamy,Dec,Jun,Rainfed,6.0,82.0,21.2,55.7,102.6,51.0,51.3
Wheat,Rabi,Loamy,Oct,Apr,Irrigated,6.6,80.4,21.3,56.3,104.9,50.8,57.6
Wheat,Rabi,Loamy,Nov,May,Rainfed,6.5,80.2,22.7,51.0,115.0,44.1,42.4
Wheat,Rabi,Loamy,Dec,Jun,Irrigated,6.9,80.2,22.3,55.5,108.3,51.0,42.9
Wheat,Rabi,Loamy,Oct,Apr,Rainfed,6.0,86.4,21.8,54.3,89.9,53.8,52.1
Wheat,Rabi,Loamy,Nov,May,Irrigated,6.9,86.9,21.1,60.0,103.7,46.8,55.5
Wheat,Rabi,Loamy,Dec,Jun,Rainfed,6.2,88.3,21.8,51.4,111.1,52.0,46.3
Wheat,Rabi,Loamy,Oct,Apr,Irrigated,6.9,88.1,21.3,58.4,83.6,42.6,44.0
Wheat,Rabi,Loamy,Nov,May,Rainfed,6.9,85.3,21.4,53.7,97.2,51.8,52.3
Wheat,Rabi,Loamy,Dec,Jun,Irrigated,6.4,81.5,22.0,57.8,90.9,57.3,45.3
Wheat,Rabi,Loamy,Oct,Apr,Rainfed,6.1,83.9,22.1,58.3,90.1,51.5,46.9
Wheat,Rabi,Loamy,Nov,May,Irrigated,7.0,84.5,22.3,54.0,114.3,59.4,57.7
Wheat,Rabi,Loamy,Dec,Jun,Rainfed,6.8,82.7,21.1,53.3,91.0,59.0,46.0
Wheat,Rabi,Loamy,Oct,Apr,Irrigated,6.9,82.2,21.7,51.1,99.9,54.0,53.6
Wheat,Rabi,Loamy,Nov,May,Rainfed,6.4,87.7,23.2,58.0,104.6,58.9,50.5
Wheat,Rabi,Loamy,Dec,Jun,Irrigated,6.1,85.5,23.5,58.9,109.6,48.8,44.3
Wheat,Rabi,Loamy,Oct,Apr,Rainfed,6.3,81.5,22.7,53.1,99.6,47.5,55.1
Wheat,Rabi,Loamy,Nov,May,Irrigated,6.2,84.3,21.1,56.3,104.7,53.9,50.4
Wheat,Rabi,Loamy,Dec,Jun,Rainfed,6.4,80.9,22.3,55.0,85.9,49.0,53.6
Wheat,Rabi,Loamy,Oct,Apr,Irrigated,6.7,89.5,22.0,56.3,114.1,41.6,57.8
Wheat,Rabi,Loamy,Nov,May,Rainfed,6.8,81.5,21.3,59.5,110.1,51.3,40.3
Wheat,Rabi,Loamy,Dec,Jun,Irrigated,7.0,82.5,23.3,56.9,82.0,48.9,43.5
Wheat,Rabi,Loamy,Oct,Apr,Rainfed,7.0,83.5,21.8,55.7,80.8,43.6,55.6
Wheat,Rabi,Loamy,Nov,May,Irrigated,6.9,87.8,23.7,52.1,114.7,41.8,54.8
Wheat,Rabi,Loamy,Dec,Jun,Rainfed,6.3,80.5,23.8,53.4,85.0,55.6,52.0
Wheat,Rabi,Loamy,Oct,Apr,Irrigated,6.2,87.2,21.2,59.3,108.8,49.6,56.2
Wheat,Rabi,Loamy,Nov,May,Rainfed,6.1,88.9,23.4,53.2,99.3,49.5,50.8
Wheat,Rabi,Loamy,Dec,Jun,Irrigated,6.3,80.6,23.0,57.0,105.5,43.2,59.6
Wheat,Rabi,Loamy,Oct,Apr,Rainfed,6.0,88.5,21.7,53.5,81.5,48.3,47.6
Wheat,Rabi,Loamy,Nov,May,Irrigated,6.3,88.2,22.5,54.1,109.3,53.6,56.0
Wheat,Rabi,Loamy,Dec,Jun,Rainfed,7.0,82.7,21.1,51.1,114.4,55.6,40.0
Wheat,Rabi,Loamy,Oct,Apr,Irrigated,6.7,81.9,23.3,52.8,108.4,53.3,53.2
Wheat,Rabi,Loamy,Nov,May,Rainfed,6.0,89.8,22.3,57.6,102.4,52.0,48.7
Wheat,Rabi,Loamy,Dec,Jun,Irrigated,6.5,88.5,22.5,55.8,102.0,40.8,56.1
Wheat,Rabi,Loamy,Oct,Apr,Rainfed,6.3,88.0,22.2,51.2,91.0,58.5,51.6
Wheat,Rabi,Loamy,Nov,May,Irrigated,6.7,85.8,23.4,55.4,95.5,49.2,57.7
Wheat,Rabi,Loamy,Dec,Jun,Rainfed,6.2,84.3,23.3,56.1,103.9,45.6,60.0
Wheat,Rabi,Loamy,Oct,Apr,Irrigated,6.6,86.4,22.9,55.4,83.5,55.7,46.6
Wheat,Rabi,Loamy,Nov,May,Rainfed,6.9,80.2,23.4,58.7,86.7,50.4,41.3
Wheat,Rabi,Loamy,Dec,Jun,Irrigated,6.1,87.0,21.3,54.7,96.4,40.3,40.1
Wheat,Rabi,Loamy,Oct,Apr,Rainfed,6.7,82.1,21.8,57.0,99.6,59.3,59.1
Wheat,Rabi,Loamy,Nov,May,Irrigated,6.5,86.1,24.0,53.1,118.5,51.5,54.6
Wheat,Rabi,Loamy,Dec,Jun,Rainfed,6.2,80.5,23.0,59.5,81.1,51.5,57.6
Wheat,Rabi,Loamy,Oct,Apr,Irrigated,6.4,83.1,21.1,54.3,94.9,54.1,59.5
Wheat,Rabi,Loamy,Nov,May,Rainfed,6.4,86.4,22.4,55.1,116.3,56.8,41.6
Wheat,Rabi,Loamy,Dec,Jun,Irrigated,6.2,87.1,22.3,57.9,80.5,42.6,43.9
Wheat,Rabi,Loamy,Oct,Apr,Rainfed,6.6,85.8,22.9,50.8,109.8,49.9,56.3
Wheat,Rabi,Loamy,Nov,May,Irrigated,6.3,84.0,21.6,55.0,85.8,49.8,56.5
Wheat,Rabi,Loamy,Dec,Jun,Rainfed,6.3,88.7,22.7,56.7,93.3,51.8,42.8
Wheat,Rabi,Loamy,Oct,Apr,Irrigated,6.4,88.6,22.4,50.9,92.9,40.3,44.6
Wheat,Rabi,Loamy,Nov,May,Rainfed,6.5,81.4,21.7,50.1,103.7,53.1,41.8
Wheat,Rabi,Loamy,Dec,Jun,Irrigated,6.8,84.4,23.0,52.0,106.9,49.3,54.0
Wheat,Rabi,Loamy,Oct,Apr,Rainfed,6.4,85.8,21.3,55.0,94.4,44.5,50.6
Wheat,Rabi,Loamy,Nov,May,Irrigated,6.4,85.0,23.4,51.8,96.4,54.5,60.0
Wheat,Rabi,Loamy,Dec,Jun,Rainfed,6.9,82.4,23.0,56.1,80.3,46.5,42.7
Wheat,Rabi,Loamy,Oct,Apr,Irrigated,6.1,88.0,23.9,52.3,93.3,53.2,48.2
Wheat,Rabi,Loamy,Nov,May,Rainfed,6.2,89.8,21.1,58.0,98.9,58.8,50.9
Wheat,Rabi,Loamy,Dec,Jun,Irrigated,6.9,81.9,21.9,50.8,90.3,49.6,45.4
Wheat,Rabi,Loamy,Oct,Apr,Rainfed,7.0,88.0,21.8,53.4,114.4,56.0,41.9
Wheat,Rabi,Loamy,Nov,May,Irrigated,6.0,87.5,21.4,59.2,106.4,58.0,45.5
Wheat,Rabi,Loamy,Dec,Jun,Rainfed,6.4,89.3,21.3,58.3,85.4,57.5,54.2
Wheat,Rabi,Loamy,Oct,Apr,Irrigated,6.3,84.5,23.4,55.6,111.0,60.0,52.1
Wheat,Rabi,Loamy,Nov,May,Rainfed,6.6,80.6,21.7,55.5,101.2,56.0,57.8
Wheat,Rabi,Loamy,Dec,Jun,Irrigated,6.9,83.8,21.9,54.1,100.7,40.9,40.2
Wheat,Rabi,Loamy,Oct,Apr,Rainfed,6.3,88.1,23.2,51.2,112.7,53.9,46.6
Wheat,Rabi,Loamy,Nov,May,Irrigated,6.4,84.9,21.1,55.9,100.7,54.5,58.9
Wheat,Rabi,Loamy,Dec,Jun,Rainfed,6.6,82.9,21.0,58.4,82.3,45.8,41.6
Wheat,Rabi,Loamy,Oct,Apr,Irrigated,6.3,85.0,22.3,59.6,116.2,41.0,45.4
Wheat,Rabi,Loamy,Nov,May,Rainfed,6.0,81.6,22.3,51.7,85.1,57.1,59.7
Wheat,Rabi,Loamy,Dec,Jun,Irrigated,6.5,87.3,22.0,57.7,82.0,58.7,55.9
Wheat,Rabi,Loamy,Oct,Apr,Rainfed,6.8,82.1,22.8,54.5,119.4,46.1,46.0
Wheat,Rabi,Loamy,Nov,May,Irrigated,6.1,82.6,22.6,52.4,100.6,46.3,40.0
Wheat,Rabi,Loamy,Dec,Jun,Rainfed,6.2,80.9,22.6,51.3,84.7,57.9,54.9
Wheat,Rabi,Loamy,Oct,Apr,Irrigated,6.8,85.4,21.7,54.5,97.2,52.7,43.2
Wheat,Rabi,Loamy,Nov,May,Rainfed,6.2,80.3,22.2,54.9,100.0,45.3,59.3
Wheat,Rabi,Loamy,Dec,Jun,Irrigated,6.1,81.6,21.0,57.9,106.9,59.9,49.7
Wheat,Rabi,Loamy,Oct,Apr,Rainfed,6.2,83.9,21.8,51.4,82.6,52.7,45.9
Wheat,Rabi,Loamy,Nov,May,Irrigated,6.1,88.5,21.4,55.2,99.4,54.4,58.4
Wheat,Rabi,Loamy,Dec,Jun,Rainfed,6.8,86.3,23.6,56.9,113.8,44.1,41.4
Wheat,Rabi,Loamy,Oct,Apr,Irrigated,6.2,86.0,22.6,58.4,101.1,53.4,47.9
Wheat,Rabi,Loamy,Nov,May,Rainfed,6.5,88.1,23.5,57.7,102.2,55.8,45.6
Wheat,Rabi,Loamy,Dec,Jun,Irrigated,6.3,88.8,21.0,51.2,95.1,42.8,45.7
Wheat,Rabi,Loamy,Oct,Apr,Rainfed,6.2,80.9,23.3,57.7,117.4,42.0,56.0
Wheat,Rabi,Loamy,Nov,May,Irrigated,6.7,85.5,23.5,50.6,80.2,41.3,59.7
Wheat,Rabi,Loamy,Dec,Jun,Rainfed,6.6,87.2,21.7,53.2,100.8,42.7,54.5
Wheat,Rabi,Loamy,Oct,Apr,Irrigated,6.5,84.4,21.1,59.8,93.6,40.0,57.8
Wheat,Rabi,Loamy,Nov,May,Rainfed,6.6,86.1,23.6,58.7,91.5,43.0,45.8
Wheat,Rabi,Loamy,Dec,Jun,Irrigated,6.8,84.9,24.0,53.0,97.1,44.7,54.1
Wheat,Rabi,Loamy,Oct,Apr,Rainfed,6.1,83.9,22.1,53.7,87.0,56.2,51.7
Wheat,Rabi,Loamy,Nov,May,Irrigated,6.4,85.3,22.5,57.3,83.0,46.0,48.2
Wheat,Rabi,Loamy,Dec,Jun,Rainfed,6.8,81.8,21.2,58.2,84.0,57.0,55.6
Wheat,Rabi,Loamy,Oct,Apr,Irrigated,6.7,90.0,22.9,58.7,80.6,51.3,48.6
Wheat,Rabi,Loamy,Nov,May,Rainfed,6.5,81.1,21.0,54.8,90.4,51.4,50.1
Wheat,Rabi,Loamy,Dec,Jun,Irrigated,6.7,80.8,22.9,53.3,85.7,53.6,48.3
Wheat,Rabi,Loamy,Oct,Apr,Rainfed,7.0,86.0,23.5,57.8,117.1,57.2,51.8
Wheat,Rabi,Loamy,Nov,May,Irrigated,6.5,86.3,21.1,53.1,98.2,43.1,59.4
Wheat,Rabi,Loamy,Dec,Jun,Rainfed,6.4,81.9,21.2,52.2,116.2,48.4,54.8
Wheat,Rabi,Loamy,Oct,Apr,Irrigated,6.9,87.5,23.6,55.7,105.4,43.3,57.6
Wheat,Rabi,Loamy,Nov,May,Rainfed,7.0,89.6,23.9,60.0,86.7,53.7,54.0
Wheat,Rabi,Loamy,Dec,Jun,Irrigated,7.0,89.8,23.7,57.6,117.4,40.9,53.9
Wheat,Rabi,Loamy,Oct,Apr,Rainfed,6.6,80.4,22.3,50.4,86.6,41.4,59.6
Wheat,Rabi,Loamy,Nov,May,Irrigated,6.1,84.2,21.9,50.1,95.6,49.5,57.3
Wheat,Rabi,Loamy,Dec,Jun,Rainfed,6.5,89.7,21.1,52.0,101.3,49.7,54.2
Wheat,Rabi,Loamy,Oct,Apr,Irrigated,6.4,82.2,22.5,50.3,85.1,47.8,41.1
Wheat,Rabi,Loamy,Nov,May,Rainfed,6.9,81.6,21.5,52.6,88.4,56.9,45.8
Wheat,Rabi,Loamy,Dec,Jun,Irrigated,6.4,83.0,23.7,52.5,94.9,60.0,45.3
Wheat,Rabi,Loamy,Oct,Apr,Rainfed,6.9,86.4,23.8,58.8,119.5,52.1,56.7
Wheat,Rabi,Loamy,Nov,May,Irrigated,6.5,83.8,21.3,52.5,118.3,56.1,55.7
Wheat,Rabi,Loamy,Dec,Jun,Rainfed,6.2,85.0,21.8,50.9,89.8,57.9,56.6
Wheat,Rabi,Loamy,Oct,Apr,Irrigated,6.0,80.9,22.6,55.7,82.4,56.5,53.5
Wheat,Rabi,Loamy,Nov,May,Rainfed,6.9,86.2,21.3,55.3,95.3,57.6,56.5
Wheat,Rabi,Loamy,Dec,Jun,Irrigated,6.3,85.5,23.5,52.2,108.7,50.0,42.7
Wheat,Rabi,Loamy,Oct,Apr,Rainfed,6.0,84.4,22.4,56.2,105.8,53.9,48.2
Wheat,Rabi,Loamy,Nov,May,Irrigated,6.3,89.0,23.1,52.5,111.5,47.1,42.0
Wheat,Rabi,Loamy,Dec,Jun,Rainfed,6.3,89.3,23.2,53.3,83.6,53.7,55.8
Wheat,Rabi,Loamy,Oct,Apr,Irrigated,6.1,81.8,22.2,51.7,104.7,42.6,48.6
Wheat,Rabi,Loamy,Nov,May,Rainfed,6.2,82.3,23.9,57.8,111.0,58.0,55.3
Wheat,Rabi,Loamy,Dec,Jun,Irrigated,6.3,87.2,21.3,58.7,93.0,46.6,51.1
Wheat,Rabi,Loamy,Oct,Apr,Rainfed,6.7,81.4,22.1,57.1,87.5,54.5,58.2
Wheat,Rabi,Loamy,Nov,May,Irrigated,6.7,82.7,21.5,53.6,108.5,57.6,54.3
Wheat,Rabi,Loamy,Dec,Jun,Rainfed,6.2,83.8,21.8,54.5,115.1,42.5,40.1
Wheat,Rabi,Loamy,Oct,Apr,Irrigated,6.4,85.6,21.5,56.2,86.5,59.4,41.2
Wheat,Rabi,Loamy,Nov,May,Rainfed,6.2,87.2,21.8,59.4,110.3,51.9,44.8
Wheat,Rabi,Loamy,Dec,Jun,Irrigated,6.1,88.4,22.7,53.2,110.2,41.3,59.9
Wheat,Rabi,Loamy,Oct,Apr,Rainfed,6.2,85.1,24.0,52.4,106.4,54.5,48.1
Wheat,Rabi,Loamy,Nov,May,Irrigated,6.5,87.9,21.9,59.7,119.0,49.4,49.7
Wheat,Rabi,Loamy,Dec,Jun,Rainfed,6.2,82.5,23.1,55.6,117.1,49.9,59.5
Wheat,Rabi,Loamy,Oct,Apr,Irrigated,6.1,83.4,22.1,58.7,107.6,41.0,46.9
Wheat,Rabi,Loamy,Nov,May,Rainfed,6.2,86.8,23.9,50.2,91.9,46.5,54.1
Wheat,Rabi,Loamy,Dec,Jun,Irrigated,6.6,88.0,23.3,58.9,86.6,50.4,51.4
Wheat,Rabi,Loamy,Oct,Apr,Rainfed,6.1,82.1,21.4,58.8,114.7,57.2,51.9
Wheat,Rabi,Loamy,Nov,May,Irrigated,6.8,88.6,23.8,58.7,111.1,53.4,44.7
Wheat,Rabi,Loamy,Dec,Jun,Rainfed,6.8,87.3,21.5,51.2,93.7,59.1,57.5
Wheat,Rabi,Loamy,Oct,Apr,Irrigated,6.2,88.8,23.7,57.5,100.7,52.4,57.2
Wheat,Rabi,Loamy,Nov,May,Rainfed,6.1,81.3,23.7,59.0,88.7,47.5,57.6
Wheat,Rabi,Loamy,Dec,Jun,Irrigated,6.1,87.6,23.9,59.5,95.8,53.7,57.7
Wheat,Rabi,Loamy,Oct,Apr,Rainfed,6.0,80.3,22.3,56.5,111.6,47.9,53.5
Wheat,Rabi,Loamy,Nov,May,Irrigated,6.3,84.5,23.9,56.3,107.3,45.1,51.2
Wheat,Rabi,Loamy,Dec,Jun,Rainfed,6.9,89.2,22.4,59.8,89.1,42.9,59.4
Wheat,Rabi,Loamy,Oct,Apr,Irrigated,6.5,85.8,22.9,55.9,83.0,54.2,56.4
Wheat,Rabi,Loamy,Nov,May,Rainfed,6.6,87.2,22.2,52.2,101.2,57.8,51.2
Wheat,Rabi,Loamy,Dec,Jun,Irrigated,6.2,81.9,22.2,57.3,112.3,41.1,53.0
Wheat,Rabi,Loamy,Oct,Apr,Rainfed,7.0,88.7,21.6,56.9,86.1,48.4,48.1
Wheat,Rabi,Loamy,Nov,May,Irrigated,6.2,89.3,22.5,52.3,101.4,40.3,43.9
Wheat,Rabi,Loamy,Dec,Jun,Rainfed,6.3,88.8,23.8,51.3,110.9,41.1,50.1
Wheat,Rabi,Loamy,Oct,Apr,Irrigated,6.4,82.6,22.7,52.0,109.3,51.9,56.8
Wheat,Rabi,Loamy,Nov,May,Rainfed,6.1,88.4,23.1,56.0,109.7,53.9,44.5
Wheat,Rabi,Loamy,Dec,Jun,Irrigated,6.1,87.2,24.0,54.0,85.8,46.8,54.4
Wheat,Rabi,Loamy,Oct,Apr,Rainfed,6.1,85.2,21.2,56.0,85.4,45.2,43.9
Wheat,Rabi,Loamy,Nov,May,Irrigated,6.8,80.1,22.8,51.0,110.0,49.9,59.2
Wheat,Rabi,Loamy,Dec,Jun,Rainfed,6.7,84.6,22.0,56.2,108.0,44.5,46.0
Wheat,Rabi,Loamy,Oct,Apr,Irrigated,6.6,82.7,21.4,51.0,114.6,47.3,42.7
Wheat,Rabi,Loamy,Nov,May,Rainfed,6.5,84.2,23.9,52.3,96.0,46.5,52.3
Wheat,Rabi,Loamy,Dec,Jun,Irrigated,6.7,89.9,22.5,54.7,90.5,44.7,42.2
Wheat,Rabi,Loamy,Oct,Apr,Rainfed,6.9,89.4,21.7,59.3,95.8,49.9,53.4
Wheat,Rabi,Loamy,Nov,May,Irrigated,6.4,81.8,22.1,53.5,80.7,56.8,40.1
Wheat,Rabi,Loamy,Dec,Jun,Rainfed,6.6,86.9,22.7,52.2,112.1,48.2,53.9
Wheat,Rabi,Loamy,Oct,Apr,Irrigated,6.8,80.8,21.7,55.3,114.0,42.1,57.6
Wheat,Rabi,Loamy,Nov,May,Rainfed,6.6,89.1,23.7,51.7,97.6,46.4,47.9
Wheat,Rabi,Loamy,Dec,Jun,Irrigated,6.0,90.0,22.5,59.8,104.6,50.4,55.9
Wheat,Rabi,Loamy,Oct,Apr,Rainfed,6.2,82.5,22.8,50.1,110.5,53.8,51.5
Wheat,Rabi,Loamy,Nov,May,Irrigated,6.2,86.2,21.6,53.4,85.5,57.3,56.9
Wheat,Rabi,Loamy,Dec,Jun,Rainfed,6.5,88.0,22.1,53.0,104.5,49.8,59.4
Wheat,Rabi,Loamy,Oct,Apr,Irrigated,6.2,80.8,23.8,58.8,95.6,57.1,58.1
Wheat,Rabi,Loamy,Nov,May,Rainfed,6.5,84.5,23.2,52.3,116.8,55.4,55.5
Wheat,Rabi,Loamy,Dec,Jun,Irrigated,6.3,89.2,21.3,55.7,93.8,40.1,54.5
Wheat,Rabi,Loamy,Oct,Apr,Rainfed,6.1,88.8,21.3,58.6,107.9,58.0,58.7
Wheat,Rabi,Loamy,Nov,May,Irrigated,6.4,84.0,24.0,54.5,118.0,46.1,51.8
Wheat,Rabi,Loamy,Dec,Jun,Rainfed,6.6,83.8,21.8,54.7,95.7,50.6,44.9
Wheat,Rabi,Loamy,Oct,Apr,Irrigated,6.5,90.0,23.9,53.9,101.0,52.5,53.6
Wheat,Rabi,Loamy,Nov,May,Rainfed,6.3,84.8,21.4,55.0,108.5,48.9,53.7
Wheat,Rabi,Loamy,Dec,Jun,Irrigated,6.0,85.2,22.8,57.8,107.5,52.5,48.7
Wheat,Rabi,Loamy,Oct,Apr,Rainfed,6.6,89.3,22.4,56.2,95.6,45.0,47.1
Wheat,Rabi,Loamy,Nov,May,Irrigated,6.6,82.8,23.9,58.9,111.8,40.6,44.6
Wheat,Rabi,Loamy,Dec,Jun,Rainfed,6.5,82.3,21.1,53.3,88.8,47.3,43.7
Wheat,Rabi,Loamy,Oct,Apr,Irrigated,6.9,82.6,21.3,59.4,91.3,46.1,59.7
Wheat,Rabi,Loamy,Nov,May,Rainfed,6.7,82.1,22.6,59.6,118.8,56.4,40.0
Wheat,Rabi,Loamy,Dec,Jun,Irrigated,6.1,82.4,21.9,58.0,92.6,57.0,44.9
Wheat,Rabi,Loamy,Oct,Apr,Rainfed,6.6,87.2,21.7,50.8,81.0,41.6,45.0
Wheat,Rabi,Loamy,Nov,May,Irrigated,6.9,82.6,22.8,55.0,115.3,55.5,58.6
Wheat,Rabi,Loamy,Dec,Jun,Rainfed,6.1,84.8,21.4,50.4,110.7,48.4,55.0
Wheat,Rabi,Loamy,Oct,Apr,Irrigated,6.9,84.2,22.1,51.4,98.5,43.9,57.6
Wheat,Rabi,Loamy,Nov,May,Rainfed,6.6,87.1,21.8,57.0,112.5,44.1,58.6
Wheat,Rabi,Loamy,Dec,Jun,Irrigated,7.0,81.7,23.3,58.8,96.6,45.2,49.0
Wheat,Rabi,Loamy,Oct,Apr,Rainfed,6.5,87.1,23.6,57.8,82.0,48.3,53.6
Wheat,Rabi,Loamy,Nov,May,Irrigated,6.4,85.2,22.9,53.7,116.7,55.4,45.0
Wheat,Rabi,Loamy,Dec,Jun,Rainfed,6.1,81.4,22.1,55.5,83.9,40.5,55.9
Wheat,Rabi,Loamy,Oct,Apr,Irrigated,6.4,83.0,22.4,53.5,111.1,51.6,56.7
Wheat,Rabi,Loamy,Nov,May,Rainfed,6.1,82.2,23.1,53.9,98.9,43.2,59.1
Wheat,Rabi,Loamy,Dec,Jun,Irrigated,6.1,81.5,21.1,52.9,107.1,57.9,56.6
Wheat,Rabi,Loamy,Oct,Apr,Rainfed,6.3,86.0,23.4,56.5,105.9,45.7,53.1
Wheat,Rabi,Loamy,Nov,May,Irrigated,6.9,88.8,24.0,50.9,81.2,41.6,41.1
Wheat,Rabi,Loamy,Dec,Jun,Rainfed,6.1,81.8,23.1,57.3,108.1,46.7,46.1
Wheat,Rabi,Loamy,Oct,Apr,Irrigated,6.7,80.4,23.5,58.7,118.0,48.5,57.1
Wheat,Rabi,Loamy,Nov,May,Rainfed,6.3,85.9,22.1,50.5,90.1,56.8,46.3
Wheat,Rabi,Loamy,Dec,Jun,Irrigated,6.6,81.5,22.9,51.9,89.8,52.3,46.5
Wheat,Rabi,Loamy,Oct,Apr,Rainfed,7.0,83.3,22.3,57.2,105.8,48.1,50.7
Wheat,Rabi,Loamy,Nov,May,Irrigated,6.3,86.4,21.7,52.8,111.0,43.1,57.1
Wheat,Rabi,Loamy,Dec,Jun,Rainfed,6.1,87.3,21.9,54.8,96.8,44.5,54.2
Wheat,Rabi,Loamy,Oct,Apr,Irrigated,6.7,88.9,21.1,56.6,90.0,46.0,54.1
Wheat,Rabi,Loamy,Nov,May,Rainfed,6.4,84.4,23.8,57.7,105.5,49.0,52.2
Wheat,Rabi,Loamy,Dec,Jun,Irrigated,6.4,88.5,22.9,58.0,109.3,45.0,49.4
Wheat,Rabi,Loamy,Oct,Apr,Rainfed,6.4,80.7,21.0,51.1,91.8,50.2,56.1
Wheat,Rabi,Loamy,Nov,May,Irrigated,7.0,86.9,23.1,59.9,107.6,52.8,43.5
Wheat,Rabi,Loamy,Dec,Jun,Rainfed,6.4,87.3,22.3,54.1,94.8,41.4,45.0
Wheat,Rabi,Loamy,Oct,Apr,Irrigated,6.3,85.9,22.0,55.2,113.0,57.8,52.6
Wheat,Rabi,Loamy,Nov,May,Rainfed,6.6,85.7,22.5,51.5,82.4,54.2,48.4
Wheat,Rabi,Loamy,Dec,Jun,Irrigated,6.5,86.5,23.2,51.0,85.4,42.0,57.8
Wheat,Rabi,Loamy,Oct,Apr,Rainfed,6.9,83.4,23.3,59.2,117.0,48.0,49.0
Wheat,Rabi,Loamy,Nov,May,Irrigated,6.1,88.7,21.1,51.9,94.6,55.9,59.8
Wheat,Rabi,Loamy,Dec,Jun,Rainfed,6.3,89.1,21.4,52.8,100.4,56.6,55.7
Wheat,Rabi,Loamy,Oct,Apr,Irrigated,6.1,87.5,21.5,54.6,89.1,41.3,56.9
Wheat,Rabi,Loamy,Nov,May,Rainfed,6.5,82.1,21.4,57.7,93.8,45.8,45.0
Wheat,Rabi,Loamy,Dec,Jun,Irrigated,6.1,82.8,23.2,53.6,118.3,53.2,44.6
Wheat,Rabi,Loamy,Oct,Apr,Rainfed,6.4,82.8,22.0,55.4,87.0,41.4,49.0
Wheat,Rabi,Loamy,Nov,May,Irrigated,6.1,85.5,23.3,54.6,105.2,48.9,57.3
Wheat,Rabi,Loamy,Dec,Jun,Rainfed,6.7,83.9,21.8,53.0,108.8,58.1,42.9
Wheat,Rabi,Loamy,Oct,Apr,Irrigated,6.4,81.1,23.2,58.2,87.6,44.2,55.2
Wheat,Rabi,Loamy,Nov,May,Rainfed,6.3,84.2,23.0,51.2,116.6,57.5,50.3
Wheat,Rabi,Loamy,Dec,Jun,Irrigated,6.5,86.1,21.5,53.2,115.9,47.2,54.8
Wheat,Rabi,Loamy,Oct,Apr,Rainfed,6.1,88.0,22.0,56.9,104.5,57.9,41.8
Wheat,Rabi,Loamy,Nov,May,Irrigated,6.6,88.8,21.0,58.0,84.2,57.2,49.3
Wheat,Rabi,Loamy,Dec,Jun,Rainfed,7.0,88.6,21.7,57.4,99.2,41.6,41.0
Wheat,Rabi,Loamy,Oct,Apr,Irrigated,6.7,89.3,21.1,58.3,111.4,50.5,44.9
Wheat,Rabi,Loamy,Nov,May,Rainfed,6.2,81.2,23.0,51.9,81.8,42.9,49.2
Wheat,Rabi,Loamy,Dec,Jun,Irrigated,6.1,83.6,22.2,59.1,95.2,45.4,45.6
Wheat,Rabi,Loamy,Oct,Apr,Rainfed,6.3,86.2,23.6,52.4,111.7,45.6,48.0
Wheat,Rabi,Loamy,Nov,May,Irrigated,6.7,81.6,22.7,55.0,106.1,46.3,40.9
Wheat,Rabi,Loamy,Dec,Jun,Rainfed,6.0,85.7,22.2,50.9,92.8,50.9,44.1
Wheat,Rabi,Loamy,Oct,Apr,Irrigated,6.3,85.5,23.8,50.4,103.5,51.8,59.6
Wheat,Rabi,Loamy,Nov,May,Rainfed,6.9,88.7,23.1,55.1,86.2,42.0,43.7
Wheat,Rabi,Loamy,Dec,Jun,Irrigated,6.2,85.0,21.6,56.7,82.2,42.8,49.4
Wheat,Rabi,Loamy,Oct,Apr,Rainfed,6.0,82.1,21.7,50.4,120.0,58.5,52.4
Wheat,Rabi,Loamy,Nov,May,Irrigated,6.3,86.0,23.8,58.1,91.3,44.5,43.4
Wheat,Rabi,Loamy,Dec,Jun,Rainfed,6.8,88.7,22.3,54.9,87.4,52.3,59.5
Wheat,Rabi,Loamy,Oct,Apr,Irrigated,6.0,85.9,21.4,53.5,113.9,43.0,49.9
Wheat,Rabi,Loamy,Nov,May,Rainfed,6.8,86.1,23.1,51.4,106.1,42.7,59.5
Wheat,Rabi,Loamy,Dec,Jun,Irrigated,6.2,82.7,23.7,59.6,115.2,53.8,57.6
Wheat,Rabi,Loamy,Oct,Apr,Rainfed,6.5,85.9,23.9,53.7,115.3,42.9,46.9
Wheat,Rabi,Loamy,Nov,May,Irrigated,6.9,86.4,24.0,58.3,90.1,59.9,45.1
Wheat,Rabi,Loamy,Dec,Jun,Rainfed,7.0,88.0,23.5,51.9,118.6,42.0,58.4
Wheat,Rabi,Loamy,Oct,Apr,Irrigated,6.1,88.8,21.1,57.1,107.9,52.1,59.0
Wheat,Rabi,Loamy,Nov,May,Rainfed,6.1,83.0,21.3,58.0,100.3,41.2,59.1
Wheat,Rabi,Loamy,Dec,Jun,Irrigated,6.8,87.0,22.9,59.2,92.1,59.6,45.9
Wheat,Rabi,Loamy,Oct,Apr,Rainfed,6.7,88.5,21.6,59.0,93.4,42.6,42.6
Wheat,Rabi,Loamy,Nov,May,Irrigated,6.3,80.3,23.8,54.9,115.7,56.9,42.0
Wheat,Rabi,Loamy,Dec,Jun,Rainfed,6.9,83.1,23.1,56.4,103.9,47.0,52.2
Wheat,Rabi,Loamy,Oct,Apr,Irrigated,6.3,87.0,21.8,57.7,111.1,43.4,47.0
Wheat,Rabi,Loamy,Nov,May,Rainfed,6.1,83.6,22.0,52.6,91.4,42.3,45.6
Wheat,Rabi,Loamy,Dec,Jun,Irrigated,7.0,85.5,23.7,53.3,117.3,41.6,48.7
Wheat,Rabi,Loamy,Oct,Apr,Rainfed,6.8,83.9,23.7,59.2,94.8,46.4,55.4
Wheat,Rabi,Loamy,Nov,May,Irrigated,6.1,85.2,21.8,55.7,89.1,46.2,41.6
Wheat,Rabi,Loamy,Dec,Jun,Rainfed,7.0,89.2,23.6,52.1,118.6,57.7,55.6
Wheat,Rabi,Loamy,Oct,Apr,Irrigated,6.6,80.8,23.7,55.1,98.7,55.9,57.6
Wheat,Rabi,Loamy,Nov,May,Rainfed,6.4,85.2,23.1,56.6,108.1,56.3,46.0
Wheat,Rabi,Loamy,Dec,Jun,Irrigated,6.0,84.6,23.2,55.8,83.6,47.4,43.0
Wheat,Rabi,Loamy,Oct,Apr,Rainfed,6.9,88.5,21.0,52.8,87.6,43.1,40.9
Wheat,Rabi,Loamy,Nov,May,Irrigated,6.6,86.5,21.1,54.8,100.2,50.3,59.5
Wheat,Rabi,Loamy,Dec,Jun,Rainfed,6.1,80.9,22.2,51.7,96.0,54.5,43.0
Wheat,Rabi,Loamy,Oct,Apr,Irrigated,6.1,88.5,23.6,59.8,81.0,49.2,42.1
Wheat,Rabi,Loamy,Nov,May,Rainfed,6.0,88.7,23.1,52.8,108.6,58.3,51.2
Wheat,Rabi,Loamy,Dec,Jun,Irrigated,6.9,86.7,22.7,58.0,90.5,57.4,41.9
Wheat,Rabi,Loamy,Oct,Apr,Rainfed,7.0,83.3,23.0,59.1,106.9,43.0,58.7
Wheat,Rabi,Loamy,Nov,May,Irrigated,6.8,87.4,22.5,53.0,89.8,54.8,52.7
Wheat,Rabi,Loamy,Dec,Jun,Rainfed,6.1,85.9,23.3,53.7,114.6,43.6,54.6
Wheat,Rabi,Loamy,Oct,Apr,Irrigated,6.1,85.5,22.9,55.2,81.5,55.2,55.7
Wheat,Rabi,Loamy,Nov,May,Rainfed,6.2,87.8,22.6,55.3,114.2,43.3,40.6
Wheat,Rabi,Loamy,Dec,Jun,Irrigated,6.6,89.6,23.2,58.3,94.2,43.9,56.9
Wheat,Rabi,Loamy,Oct,Apr,Rainfed,6.8,83.7,21.5,57.4,99.2,49.4,48.8
Wheat,Rabi,Loamy,Nov,May,Irrigated,7.0,83.9,22.5,58.9,94.3,58.8,51.7
Wheat,Rabi,Loamy,Dec,Jun,Rainfed,6.4,82.1,21.2,53.5,115.9,41.1,59.1
Wheat,Rabi,Loamy,Oct,Apr,Irrigated,6.2,85.8,22.9,55.5,87.5,58.5,49.7
Wheat,Rabi,Loamy,Nov,May,Rainfed,6.2,85.7,22.9,59.9,80.8,50.9,50.0
Wheat,Rabi,Loamy,Dec,Jun,Irrigated,6.1,89.9,22.5,59.5,116.9,52.3,58.9
Wheat,Rabi,Loamy,Oct,Apr,Rainfed,6.9,87.7,21.5,51.8,118.6,54.4,44.0
Wheat,Rabi,Loamy,Nov,May,Irrigated,7.0,83.2,22.3,51.7,94.8,55.9,49.5
Wheat,Rabi,Loamy,Dec,Jun,Rainfed,6.9,88.3,21.2,53.8,84.1,49.8,42.0
Wheat,Rabi,Loamy,Oct,Apr,Irrigated,6.3,87.6,23.4,56.3,119.6,58.8,43.6
Wheat,Rabi,Loamy,Nov,May,Rainfed,6.6,82.3,23.2,52.0,114.0,57.0,49.4
Wheat,Rabi,Loamy,Dec,Jun,Irrigated,6.9,83.6,22.6,59.0,93.4,52.8,47.5
Wheat,Rabi,Loamy,Oct,Apr,Rainfed,6.5,81.7,22.3,50.7,92.8,56.5,41.3
Wheat,Rabi,Loamy,Nov,May,Irrigated,6.1,86.8,23.7,59.9,93.6,42.7,52.3
Wheat,Rabi,Loamy,Dec,Jun,Rainfed,6.3,85.6,21.1,58.4,84.2,51.1,59.9
Wheat,Rabi,Loamy,Oct,Apr,Irrigated,7.0,86.0,22.2,59.7,84.6,51.2,59.7
Wheat,Rabi,Loamy,Nov,May,Rainfed,6.7,87.0,22.6,55.2,98.9,49.8,57.1
Wheat,Rabi,Loamy,Dec,Jun,Irrigated,7.0,83.7,22.2,56.8,108.6,40.9,48.3
Wheat,Rabi,Loamy,Oct,Apr,Rainfed,6.2,84.2,21.7,57.3,82.7,41.8,52.5
Wheat,Rabi,Loamy,Nov,May,Irrigated,6.9,88.9,23.2,54.1,87.8,53.8,53.6
Wheat,Rabi,Loamy,Dec,Jun,Rainfed,6.9,86.4,22.7,55.7,105.8,59.2,43.9
Wheat,Rabi,Loamy,Oct,Apr,Irrigated,6.7,84.6,21.7,54.7,87.6,56.0,51.0
Wheat,Rabi,Loamy,Nov,May,Rainfed,6.2,88.5,23.7,59.9,83.6,48.2,48.1
Wheat,Rabi,Loamy,Dec,Jun,Irrigated,7.0,88.2,22.2,51.1,104.0,45.9,43.2
Wheat,Rabi,Loamy,Oct,Apr,Rainfed,6.5,88.5,23.6,58.7,105.7,54.7,47.3
Wheat,Rabi,Loamy,Nov,May,Irrigated,6.2,88.9,21.6,51.6,105.1,56.8,52.9
Wheat,Rabi,Loamy,Dec,Jun,Rainfed,6.2,85.7,23.3,57.1,100.7,47.0,51.1
Wheat,Rabi,Loamy,Oct,Apr,Irrigated,6.6,84.6,22.5,53.5,101.9,53.4,44.0
Wheat,Rabi,Loamy,Nov,May,Rainfed,6.9,85.4,21.2,54.7,106.7,56.3,50.7
Wheat,Rabi,Loamy,Dec,Jun,Irrigated,6.7,87.8,22.8,51.6,80.9,44.8,53.9
Wheat,Rabi,Loamy,Oct,Apr,Rainfed,6.9,88.7,23.2,54.9,101.3,45.3,59.5
Wheat,Rabi,Loamy,Nov,May,Irrigated,6.9,81.5,21.5,51.5,89.0,40.1,44.4
Wheat,Rabi,Loamy,Dec,Jun,Rainfed,6.7,83.1,23.0,57.7,104.7,42.7,47.9
Wheat,Rabi,Loamy,Oct,Apr,Irrigated,6.8,88.2,23.6,58.9,90.9,52.8,44.2
Wheat,Rabi,Loamy,Nov,May,Rainfed,6.4,82.6,21.5,53.4,96.8,55.3,57.2
Wheat,Rabi,Loamy,Dec,Jun,Irrigated,6.9,87.7,21.5,56.6,91.8,45.2,50.6
Wheat,Rabi,Loamy,Oct,Apr,Rainfed,6.1,84.2,24.0,58.6,81.8,52.9,46.8
Wheat,Rabi,Loamy,Nov,May,Irrigated,6.5,83.5,23.4,57.4,80.9,50.2,40.6
Wheat,Rabi,Loamy,Dec,Jun,Rainfed,7.0,84.8,21.5,58.7,107.9,55.5,40.2
Wheat,Rabi,Loamy,Oct,Apr,Irrigated,7.0,84.8,21.7,50.8,84.8,43.8,57.4
Wheat,Rabi,Loamy,Nov,May,Rainfed,6.1,86.4,23.4,51.6,114.2,42.3,49.5
Wheat,Rabi,Loamy,Dec,Jun,Irrigated,6.9,81.4,22.6,52.0,99.2,44.0,54.2
Wheat,Rabi,Loamy,Oct,Apr,Rainfed,6.9,80.7,22.7,57.9,105.4,54.1,44.3
Wheat,Rabi,Loamy,Nov,May,Irrigated,6.1,80.6,22.1,53.8,111.0,43.0,53.9
Wheat,Rabi,Loamy,Dec,Jun,Rainfed,6.6,85.9,21.2,54.3,97.1,40.2,50.8
Wheat,Rabi,Loamy,Oct,Apr,Irrigated,6.5,83.8,23.1,57.5,87.8,53.1,42.0
Wheat,Rabi,Loamy,Nov,May,Rainfed,6.1,81.9,22.5,50.1,109.2,58.6,55.5
Wheat,Rabi,Loamy,Dec,Jun,Irrigated,6.9,88.6,21.9,52.7,89.8,46.4,53.7
Wheat,Rabi,Loamy,Oct,Apr,Rainfed,6.2,85.1,21.4,59.8,87.7,58.3,50.6
Wheat,Rabi,Loamy,Nov,May,Irrigated,6.3,84.6,23.7,51.3,114.9,54.6,50.1
Wheat,Rabi,Loamy,Dec,Jun,Rainfed,6.6,88.4,21.8,50.6,103.2,53.3,58.0
Wheat,Rabi,Loamy,Oct,Apr,Irrigated,6.0,81.6,23.0,51.6,104.1,45.4,56.3
Wheat,Rabi,Loamy,Nov,May,Rainfed,6.6,87.3,22.0,50.3,96.8,52.1,56.2
Wheat,Rabi,Loamy,Dec,Jun,Irrigated,6.2,83.5,22.9,58.2,96.3,49.1,55.2
Wheat,Rabi,Loamy,Oct,Apr,Rainfed,6.7,89.3,22.3,54.0,103.1,49.3,50.6
Wheat,Rabi,Loamy,Nov,May,Irrigated,6.5,82.2,23.4,54.0,112.0,52.7,51.4
Wheat,Rabi,Loamy,Dec,Jun,Rainfed,6.8,88.0,22.2,58.1,106.6,55.4,59.2
Wheat,Rabi,Loamy,Oct,Apr,Irrigated,6.5,80.3,22.5,54.3,116.4,52.2,47.0
Wheat,Rabi,Loamy,Nov,May,Rainfed,6.1,84.5,21.6,56.9,97.3,44.1,55.8
Wheat,Rabi,Loamy,Dec,Jun,Irrigated,6.6,90.0,21.3,50.1,114.5,45.2,59.4
Wheat,Rabi,Loamy,Oct,Apr,Rainfed,6.9,89.0,21.5,54.4,106.8,41.2,53.7
Wheat,Rabi,Loamy,Nov,May,Irrigated,6.6,80.4,21.8,55.7,117.4,47.3,45.2
Wheat,Rabi,Loamy,Dec,Jun,Rainfed,6.7,81.1,21.4,58.2,116.0,40.9,50.4
Wheat,Rabi,Loamy,Oct,Apr,Irrigated,6.6,87.8,23.7,52.1,93.8,53.5,54.0
Wheat,Rabi,Loamy,Nov,May,Rainfed,6.3,87.7,22.0,55.2,107.2,49.7,55.0
Wheat,Rabi,Loamy,Dec,Jun,Irrigated,6.6,82.5,21.8,59.9,93.5,48.9,48.3
Wheat,Rabi,Loamy,Oct,Apr,Rainfed,6.2,86.1,23.2,58.2,119.5,53.5,47.1
Wheat,Rabi,Loamy,Nov,May,Irrigated,6.9,84.9,22.6,50.6,118.9,49.3,55.7
Wheat,Rabi,Loamy,Dec,Jun,Rainfed,7.0,83.0,22.9,54.2,87.7,59.1,51.8
Wheat,Rabi,Loamy,Oct,Apr,Irrigated,6.7,87.6,21.7,55.0,118.5,40.9,60.0
Wheat,Rabi,Loamy,Nov,May,Rainfed,6.5,80.8,23.7,54.4,92.5,58.4,45.6
Wheat,Rabi,Loamy,Dec,Jun,Irrigated,6.8,80.4,22.3,52.5,117.8,58.2,51.0
Wheat,Rabi,Loamy,Oct,Apr,Rainfed,6.1,83.9,22.9,52.5,107.2,54.5,52.0
Wheat,Rabi,Loamy,Nov,May,Irrigated,6.3,87.0,22.7,53.3,89.6,54.4,41.1
Wheat,Rabi,Loamy,Dec,Jun,Rainfed,6.0,85.3,22.5,59.7,103.6,41.9,41.3
Wheat,Rabi,Loamy,Oct,Apr,Irrigated,6.1,89.0,22.6,54.3,109.3,50.2,43.3
Wheat,Rabi,Loamy,Nov,May,Rainfed,6.5,88.7,23.5,58.9,104.5,42.5,42.3
Wheat,Rabi,Loamy,Dec,Jun,Irrigated,6.4,89.1,23.4,59.4,119.5,40.2,51.3
Wheat,Rabi,Loamy,Oct,Apr,Rainfed,6.3,88.8,24.0,56.1,88.7,54.6,55.8
Wheat,Rabi,Loamy,Nov,May,Irrigated,6.9,89.8,23.7,59.2,101.8,55.4,45.6
Wheat,Rabi,Loamy,Dec,Jun,Rainfed,6.1,89.4,22.7,52.2,107.6,48.5,41.2
Wheat,Rabi,Loamy,Oct,Apr,Irrigated,6.3,83.1,21.6,58.1,88.4,57.3,55.8
Wheat,Rabi,Loamy,Nov,May,Rainfed,6.7,87.3,23.6,59.0,92.9,53.1,56.6
Wheat,Rabi,Loamy,Dec,Jun,Irrigated,6.7,80.2,21.7,59.5,111.9,57.0,40.1
Wheat,Rabi,Loamy,Oct,Apr,Rainfed,6.3,88.9,22.7,56.4,81.8,57.1,51.4
Wheat,Rabi,Loamy,Nov,May,Irrigated,6.7,87.4,22.6,58.4,116.4,43.0,50.8
Wheat,Rabi,Loamy,Dec,Jun,Rainfed,6.3,81.8,21.4,56.5,93.0,43.2,55.6
Wheat,Rabi,Loamy,Oct,Apr,Irrigated,6.7,86.3,22.5,52.0,109.5,59.6,42.2
Wheat,Rabi,Loamy,Nov,May,Rainfed,6.8,89.0,21.9,56.4,102.6,43.8,48.1
Wheat,Rabi,Loamy,Dec,Jun,Irrigated,6.1,88.4,22.1,53.0,94.9,48.4,49.6
Wheat,Rabi,Loamy,Oct,Apr,Rainfed,6.3,84.0,21.2,54.9,86.0,59.6,40.0
Wheat,Rabi,Loamy,Nov,May,Irrigated,6.7,81.5,21.5,54.3,119.5,48.1,47.8
Wheat,Rabi,Loamy,Dec,Jun,Rainfed,6.5,87.5,23.9,53.3,106.9,59.6,50.9
Wheat,Rabi,Loamy,Oct,Apr,Irrigated,6.7,84.4,21.5,57.1,84.1,58.2,59.7
Wheat,Rabi,Loamy,Nov,May,Rainfed,6.6,81.7,21.2,56.0,99.1,47.0,52.3
Wheat,Rabi,Loamy,Dec,Jun,Irrigated,6.7,89.5,21.2,59.3,92.8,55.3,42.8
Wheat,Rabi,Loamy,Oct,Apr,Rainfed,6.7,84.4,21.0,50.7,88.0,49.0,47.8
Wheat,Rabi,Loamy,Nov,May,Irrigated,6.9,85.2,21.9,54.4,98.9,54.7,42.4
Wheat,Rabi,Loamy,Dec,Jun,Rainfed,6.3,82.4,21.0,57.3,103.3,48.3,44.9
Wheat,Rabi,Loamy,Oct,Apr,Irrigated,6.9,87.8,24.0,55.7,91.3,59.6,53.2
Wheat,Rabi,Loamy,Nov,May,Rainfed,6.9,85.9,22.6,51.3,86.5,48.5,56.5
Wheat,Rabi,Loamy,Dec,Jun,Irrigated,6.4,82.5,23.3,52.9,114.2,43.3,43.0
Wheat,Rabi,Loamy,Oct,Apr,Rainfed,6.2,82.5,21.5,51.1,103.8,47.7,53.4
Wheat,Rabi,Loamy,Nov,May,Irrigated,6.1,82.9,21.0,51.4,114.6,47.9,40.9
Wheat,Rabi,Loamy,Dec,Jun,Rainfed,6.5,88.7,22.8,56.7,102.5,48.8,50.7
Wheat,Rabi,Loamy,Oct,Apr,Irrigated,6.3,82.9,23.7,55.0,114.7,49.8,40.0
Wheat,Rabi,Loamy,Nov,May,Rainfed,6.5,86.1,21.9,54.5,105.6,46.4,41.6
Wheat,Rabi,Loamy,Dec,Jun,Irrigated,7.0,82.9,21.6,53.4,103.0,40.2,49.3
Wheat,Rabi,Loamy,Oct,Apr,Rainfed,6.7,86.5,23.9,50.5,91.1,44.6,49.0
Wheat,Rabi,Loamy,Nov,May,Irrigated,6.4,85.5,23.9,57.7,81.9,50.4,40.9
Wheat,Rabi,Loamy,Dec,Jun,Rainfed,6.9,88.8,23.2,56.7,92.7,53.0,57.8
Wheat,Rabi,Loamy,Oct,Apr,Irrigated,6.0,84.7,21.5,52.6,90.3,42.4,41.8
Wheat,Rabi,Loamy,Nov,May,Rainfed,6.7,87.8,21.8,52.3,98.7,47.2,53.2
Wheat,Rabi,Loamy,Dec,Jun,Irrigated,7.0,84.3,23.4,53.0,103.6,54.3,56.1
Wheat,Rabi,Loamy,Oct,Apr,Rainfed,7.0,84.0,22.9,53.5,83.0,56.6,47.3
Wheat,Rabi,Loamy,Nov,May,Irrigated,6.4,83.1,21.4,55.7,104.4,50.0,49.8
Wheat,Rabi,Loamy,Dec,Jun,Rainfed,6.3,83.3,23.9,50.8,102.7,58.6,40.4
Wheat,Rabi,Loamy,Oct,Apr,Irrigated,6.4,80.4,21.7,51.4,115.5,50.6,52.4
Wheat,Rabi,Loamy,Nov,May,Rainfed,6.1,86.7,21.7,52.9,105.5,42.2,41.5
Wheat,Rabi,Loamy,Dec,Jun,Irrigated,6.7,86.9,21.9,52.5,89.4,49.4,56.1
Wheat,Rabi,Loamy,Oct,Apr,Rainfed,6.7,85.8,22.0,51.3,105.2,47.1,43.4
Wheat,Rabi,Loamy,Nov,May,Irrigated,6.8,87.3,21.9,56.6,101.1,50.6,48.7
Wheat,Rabi,Loamy,Dec,Jun,Rainfed,6.1,83.1,22.5,58.7,108.3,54.8,44.0
Wheat,Rabi,Loamy,Oct,Apr,Irrigated,6.8,86.0,23.5,55.9,85.5,53.1,56.1
Wheat,Rabi,Loamy,Nov,May,Rainfed,6.8,81.6,21.9,56.0,118.1,45.9,54.0
Wheat,Rabi,Loamy,Dec,Jun,Irrigated,6.8,81.4,23.9,50.3,80.6,52.6,44.8
Wheat,Rabi,Loamy,Oct,Apr,Rainfed,6.7,84.9,22.8,51.1,91.3,43.3,57.5
Wheat,Rabi,Loamy,Nov,May,Irrigated,6.5,89.6,23.5,57.4,119.7,49.0,46.1
Wheat,Rabi,Loamy,Dec,Jun,Rainfed,6.9,84.8,22.3,52.5,116.3,49.4,57.8
Wheat,Rabi,Loamy,Oct,Apr,Irrigated,6.1,85.3,23.0,50.4,106.5,50.1,58.7
Wheat,Rabi,Loamy,Nov,May,Rainfed,6.1,84.4,23.8,51.8,90.4,58.7,57.5
Wheat,Rabi,Loamy,Dec,Jun,Irrigated,6.6,87.7,22.5,50.7,117.3,49.6,46.6
Wheat,Rabi,Loamy,Oct,Apr,Rainfed,6.8,86.7,22.7,50.8,93.3,50.6,55.2
Wheat,Rabi,Loamy,Nov,May,Irrigated,7.0,80.9,23.7,50.2,106.5,48.9,57.1
Wheat,Rabi,Loamy,Dec,Jun,Rainfed,6.3,86.5,22.3,51.6,114.2,56.6,59.8
Wheat,Rabi,Loamy,Oct,Apr,Irrigated,6.7,85.4,23.2,59.4,98.0,44.1,58.5
Wheat,Rabi,Loamy,Nov,May,Rainfed,6.9,87.3,21.1,51.4,93.3,49.4,59.4
Wheat,Rabi,Loamy,Dec,Jun,Irrigated,6.1,80.5,21.0,58.9,101.5,41.4,40.6
Wheat,Rabi,Loamy,Oct,Apr,Rainfed,6.1,88.4,21.7,58.0,106.6,59.4,43.8
Wheat,Rabi,Loamy,Nov,May,Irrigated,6.6,88.4,21.4,56.7,100.0,44.5,57.4
Wheat,Rabi,Loamy,Dec,Jun,Rainfed,6.2,85.8,22.9,50.5,81.1,57.9,47.6
Wheat,Rabi,Loamy,Oct,Apr,Irrigated,6.6,88.8,21.3,56.9,105.0,52.5,48.9
Wheat,Rabi,Loamy,Nov,May,Rainfed,6.4,81.5,22.5,57.6,94.7,47.2,50.6
Wheat,Rabi,Loamy,Dec,Jun,Irrigated,6.4,89.5,21.2,51.2,109.2,48.3,48.3
Wheat,Rabi,Loamy,Oct,Apr,Rainfed,6.4,82.2,23.0,58.1,116.6,47.2,53.7
Wheat,Rabi,Loamy,Nov,May,Irrigated,6.4,88.0,21.2,55.5,103.8,53.7,43.3
Wheat,Rabi,Loamy,Dec,Jun,Rainfed,6.6,88.8,22.6,51.8,82.2,52.5,40.2
Wheat,Rabi,Loamy,Oct,Apr,Irrigated,6.0,82.6,21.8,56.5,93.1,43.3,50.5
Wheat,Rabi,Loamy,Nov,May,Rainfed,6.2,85.5,22.6,57.0,98.5,55.5,41.9
Wheat,Rabi,Loamy,Dec,Jun,Irrigated,6.2,84.0,22.7,51.6,89.9,59.7,41.1
Wheat,Rabi,Loamy,Oct,Apr,Rainfed,6.5,89.3,22.2,54.2,112.6,42.8,58.4
Wheat,Rabi,Loamy,Nov,May,Irrigated,6.3,84.2,23.3,50.5,91.8,47.8,59.1
Wheat,Rabi,Loamy,Dec,Jun,Rainfed,6.5,80.0,22.1,53.0,115.5,48.4,53.1
Wheat,Rabi,Loamy,Oct,Apr,Irrigated,6.8,81.5,22.3,55.2,84.2,41.3,51.6
Wheat,Rabi,Loamy,Nov,May,Rainfed,7.0,84.5,22.1,57.9,105.9,52.0,42.0
Wheat,Rabi,Loamy,Dec,Jun,Irrigated,6.7,83.3,21.9,56.9,106.7,49.3,55.0
Wheat,Rabi,Loamy,Oct,Apr,Rainfed,6.5,87.9,24.0,58.0,91.6,56.2,44.4
Wheat,Rabi,Loamy,Nov,May,Irrigated,6.3,89.0,21.5,51.8,92.0,50.1,57.6
Wheat,Rabi,Loamy,Dec,Jun,Rainfed,6.8,86.1,21.9,55.2,100.3,48.7,46.1
Wheat,Rabi,Loamy,Oct,Apr,Irrigated,6.7,84.1,21.2,53.9,90.6,52.9,50.6
Wheat,Rabi,Loamy,Nov,May,Rainfed,6.2,80.8,23.3,57.9,103.2,44.6,48.2
Wheat,Rabi,Loamy,Dec,Jun,Irrigated,6.6,84.2,22.2,59.6,85.5,42.4,45.0
Wheat,Rabi,Loamy,Oct,Apr,Rainfed,6.3,87.8,23.7,58.4,115.4,51.7,54.1
Wheat,Rabi,Loamy,Nov,May,Irrigated,6.0,84.5,21.1,57.3,102.8,40.1,59.9
Wheat,Rabi,Loamy,Dec,Jun,Rainfed,6.9,89.8,22.7,57.0,85.4,56.0,50.5
Wheat,Rabi,Loamy,Oct,Apr,Irrigated,6.1,87.3,22.0,56.5,90.6,45.8,58.8
Wheat,Rabi,Loamy,Nov,May,Rainfed,6.1,87.9,22.7,51.7,99.8,50.1,49.1
Wheat,Rabi,Loamy,Dec,Jun,Irrigated,6.9,81.6,21.9,56.8,87.0,48.9,48.5
Wheat,Rabi,Loamy,Oct,Apr,Rainfed,6.6,80.8,21.9,55.7,97.4,51.0,53.6
Wheat,Rabi,Loamy,Nov,May,Irrigated,6.6,87.6,21.5,55.2,107.0,54.7,56.8
Wheat,Rabi,Loamy,Dec,Jun,Rainfed,6.2,89.0,22.2,57.9,84.2,57.2,53.5
Wheat,Rabi,Loamy,Oct,Apr,Irrigated,6.0,85.7,23.7,55.9,85.1,54.1,56.6
Wheat,Rabi,Loamy,Nov,May,Rainfed,7.0,88.5,23.9,54.6,103.7,59.5,47.2
Wheat,Rabi,Loamy,Dec,Jun,Irrigated,6.6,82.0,22.8,51.9,112.1,53.7,42.6
Wheat,Rabi,Loamy,Oct,Apr,Rainfed,6.9,85.9,21.2,51.6,98.2,40.6,42.0
Wheat,Rabi,Loamy,Nov,May,Irrigated,6.1,87.7,21.3,54.2,110.6,60.0,47.8
Wheat,Rabi,Loamy,Dec,Jun,Rainfed,6.3,81.4,23.7,55.1,93.6,42.9,50.1
Wheat,Rabi,Loamy,Oct,Apr,Irrigated,7.0,83.5,23.1,59.4,90.7,45.9,54.1
Wheat,Rabi,Loamy,Nov,May,Rainfed,6.1,82.5,22.8,54.7,114.8,48.2,52.6
Wheat,Rabi,Loamy,Dec,Jun,Irrigated,6.1,81.6,23.9,54.2,116.8,59.9,46.5
Wheat,Rabi,Loamy,Oct,Apr,Rainfed,6.4,80.7,22.0,58.1,110.8,40.1,45.2
Wheat,Rabi,Loamy,Nov,May,Irrigated,6.6,84.4,23.8,59.3,101.0,53.6,42.0
Wheat,Rabi,Loamy,Dec,Jun,Rainfed,6.6,83.3,22.8,59.1,100.9,52.6,47.4
Wheat,Rabi,Loamy,Oct,Apr,Irrigated,6.3,85.6,22.9,50.8,114.0,41.6,50.2
Wheat,Rabi,Loamy,Nov,May,Rainfed,6.9,89.6,22.6,51.3,107.2,54.2,40.7
Wheat,Rabi,Loamy,Dec,Jun,Irrigated,6.6,85.6,21.6,51.8,105.5,41.5,48.9
Wheat,Rabi,Loamy,Oct,Apr,Rainfed,6.5,81.4,21.9,53.9,103.6,57.3,58.6
Wheat,Rabi,Loamy,Nov,May,Irrigated,6.3,86.7,23.5,55.4,114.9,45.8,57.6
Wheat,Rabi,Loamy,Dec,Jun,Rainfed,6.2,84.6,23.7,56.1,94.9,58.6,47.1
Wheat,Rabi,Loamy,Oct,Apr,Irrigated,6.0,86.0,21.4,57.7,81.9,51.9,47.4
Wheat,Rabi,Loamy,Nov,May,Rainfed,6.5,88.7,22.1,56.0,114.1,58.7,50.2
Wheat,Rabi,Loamy,Dec,Jun,Irrigated,6.2,85.0,22.6,54.7,119.8,50.2,40.1
Wheat,Rabi,Loamy,Oct,Apr,Rainfed,6.4,88.2,21.9,50.3,116.7,50.1,41.8
Wheat,Rabi,Loamy,Nov,May,Irrigated,6.0,87.2,23.7,53.3,117.5,42.3,43.3
Wheat,Rabi,Loamy,Dec,Jun,Rainfed,6.6,82.6,21.0,51.7,92.8,47.0,45.3
Wheat,Rabi,Loamy,Oct,Apr,Irrigated,6.9,86.0,23.1,51.0,116.8,47.5,57.5
Wheat,Rabi,Loamy,Nov,May,Rainfed,6.2,80.4,22.4,52.9,80.3,59.0,40.3
Wheat,Rabi,Loamy,Dec,Jun,Irrigated,6.9,88.5,21.1,52.9,110.1,40.5,50.5
Wheat,Rabi,Loamy,Oct,Apr,Rainfed,7.0,89.3,21.0,53.6,112.7,46.7,40.3
Wheat,Rabi,Loamy,Nov,May,Irrigated,6.1,81.1,22.8,56.1,88.4,56.6,42.7
Wheat,Rabi,Loamy,Dec,Jun,Rainfed,6.7,88.5,23.8,57.8,92.7,41.2,51.9
Wheat,Rabi,Loamy,Oct,Apr,Irrigated,6.3,82.5,21.6,54.1,86.7,48.1,45.6
Wheat,Rabi,Loamy,Nov,May,Rainfed,6.6,88.5,21.3,58.4,96.8,47.4,54.1
Wheat,Rabi,Loamy,Dec,Jun,Irrigated,6.9,80.7,22.2,56.3,110.0,51.1,45.4
Wheat,Rabi,Loamy,Oct,Apr,Rainfed,6.3,83.8,22.8,53.0,95.3,59.1,43.0
Wheat,Rabi,Loamy,Nov,May,Irrigated,6.8,88.7,21.6,51.9,92.7,40.1,40.2
Wheat,Rabi,Loamy,Dec,Jun,Rainfed,6.7,87.7,21.7,54.6,104.6,44.2,49.1
Wheat,Rabi,Loamy,Oct,Apr,Irrigated,6.9,82.6,21.4,59.0,119.3,46.4,41.1
Wheat,Rabi,Loamy,Nov,May,Rainfed,6.4,82.4,22.2,53.3,102.5,54.3,45.9
Wheat,Rabi,Loamy,Dec,Jun,Irrigated,6.8,82.7,21.8,57.4,97.1,58.7,45.1
Wheat,Rabi,Loamy,Oct,Apr,Rainfed,6.7,86.6,21.6,51.4,113.6,53.0,44.4
Wheat,Rabi,Loamy,Nov,May,Irrigated,6.7,80.7,22.7,57.2,82.5,52.9,59.2
Wheat,Rabi,Loamy,Dec,Jun,Rainfed,6.0,84.2,23.0,50.9,110.7,55.1,52.1
Wheat,Rabi,Loamy,Oct,Apr,Irrigated,6.7,89.2,23.2,56.7,87.8,40.1,42.1
Wheat,Rabi,Loamy,Nov,May,Rainfed,6.9,81.3,23.0,51.1,104.4,56.4,57.2
Wheat,Rabi,Loamy,Dec,Jun,Irrigated,6.1,84.7,21.5,57.5,111.3,43.6,43.6
Wheat,Rabi,Loamy,Oct,Apr,Rainfed,6.3,82.1,23.2,52.1,86.9,55.7,43.2
Wheat,Rabi,Loamy,Nov,May,Irrigated,6.5,80.0,21.1,51.2,91.6,58.7,47.4
Wheat,Rabi,Loamy,Dec,Jun,Rainfed,6.7,80.6,23.7,51.3,96.2,51.8,49.1
Wheat,Rabi,Loamy,Oct,Apr,Irrigated,6.8,83.4,23.4,57.6,84.6,47.3,43.6
Wheat,Rabi,Loamy,Nov,May,Rainfed,6.8,86.1,24.0,57.2,95.9,41.4,43.5
Wheat,Rabi,Loamy,Dec,Jun,Irrigated,6.7,87.5,21.5,53.6,98.9,45.8,54.9
Wheat,Rabi,Loamy,Oct,Apr,Rainfed,6.9,89.4,23.0,55.6,88.9,52.7,53.8
Wheat,Rabi,Loamy,Nov,May,Irrigated,6.5,84.4,22.4,52.1,95.0,49.2,52.3
Wheat,Rabi,Loamy,Dec,Jun,Rainfed,6.6,82.1,21.4,57.5,118.2,44.3,57.6
Wheat,Rabi,Loamy,Oct,Apr,Irrigated,6.9,84.3,21.4,58.6,112.8,55.0,45.1
Wheat,Rabi,Loamy,Nov,May,Rainfed,6.8,80.3,22.9,54.0,102.9,44.4,40.1
Wheat,Rabi,Loamy,Dec,Jun,Irrigated,6.0,82.9,21.0,53.0,88.8,49.0,50.1
Wheat,Rabi,Loamy,Oct,Apr,Rainfed,6.9,88.3,23.5,58.8,116.2,59.9,49.0
Wheat,Rabi,Loamy,Nov,May,Irrigated,6.6,82.0,21.8,55.9,112.6,56.1,54.3
Wheat,Rabi,Loamy,Dec,Jun,Rainfed,6.0,80.6,23.4,51.4,114.0,52.6,56.9
Wheat,Rabi,Loamy,Oct,Apr,Irrigated,6.7,87.4,22.3,56.0,90.4,59.3,40.7
Wheat,Rabi,Loamy,Nov,May,Rainfed,6.1,81.9,21.2,52.3,82.4,56.5,58.3
Wheat,Rabi,Loamy,Dec,Jun,Irrigated,6.1,82.8,22.7,58.8,90.6,46.2,43.0
Wheat,Rabi,Loamy,Oct,Apr,Rainfed,6.0,85.5,22.7,55.0,85.5,43.5,59.7
Wheat,Rabi,Loamy,Nov,May,Irrigated,7.0,84.6,23.6,59.4,117.1,55.3,40.1
Wheat,Rabi,Loamy,Dec,Jun,Rainfed,6.5,82.9,23.6,56.0,119.4,58.9,59.3
Wheat,Rabi,Loamy,Oct,Apr,Irrigated,6.5,89.0,21.9,58.4,119.3,54.6,43.2
Wheat,Rabi,Loamy,Nov,May,Rainfed,7.0,86.8,22.3,51.6,105.8,41.1,52.0
Wheat,Rabi,Loamy,Dec,Jun,Irrigated,6.4,80.1,23.7,51.9,102.0,54.7,51.4
Wheat,Rabi,Loamy,Oct,Apr,Rainfed,6.7,82.6,23.0,54.4,97.3,54.5,40.4
Wheat,Rabi,Loamy,Nov,May,Irrigated,6.2,82.9,23.7,51.1,114.4,55.0,43.4
Wheat,Rabi,Loamy,Dec,Jun,Rainfed,6.3,89.6,23.1,54.9,99.5,47.2,54.9
Wheat,Rabi,Loamy,Oct,Apr,Irrigated,6.5,86.3,23.6,52.2,82.5,54.9,42.0
Wheat,Rabi,Loamy,Nov,May,Rainfed,6.6,88.1,21.8,51.7,82.8,59.3,48.4
Wheat,Rabi,Loamy,Dec,Jun,Irrigated,6.2,85.1,21.1,51.8,102.0,45.5,43.8
Wheat,Rabi,Loamy,Oct,Apr,Rainfed,6.2,83.4,23.5,59.6,117.8,56.2,54.3
Wheat,Rabi,Loamy,Nov,May,Irrigated,6.2,84.0,22.8,58.0,115.5,56.8,50.2
Wheat,Rabi,Loamy,Dec,Jun,Rainfed,6.6,84.7,22.6,59.5,100.6,59.3,49.5
Wheat,Rabi,Loamy,Oct,Apr,Irrigated,6.9,85.7,21.5,50.4,83.4,45.1,48.9
Wheat,Rabi,Loamy,Nov,May,Rainfed,6.1,80.9,22.1,59.4,104.9,56.9,44.7
Wheat,Rabi,Loamy,Dec,Jun,Irrigated,6.1,84.6,23.6,50.6,103.0,53.6,57.8
Wheat,Rabi,Loamy,Oct,Apr,Rainfed,6.2,82.2,22.8,52.4,86.9,53.5,43.6
Wheat,Rabi,Loamy,Nov,May,Irrigated,6.2,85.6,23.1,55.2,108.6,44.5,46.3
Wheat,Rabi,Loamy,Dec,Jun,Rainfed,6.3,89.0,23.0,59.0,117.6,56.8,48.9
Wheat,Rabi,Loamy,Oct,Apr,Irrigated,6.4,87.2,23.4,58.0,111.2,46.5,50.4
Wheat,Rabi,Loamy,Nov,May,Rainfed,6.2,82.1,23.5,53.7,83.4,49.6,48.4
Wheat,Rabi,Loamy,Dec,Jun,Irrigated,6.3,89.2,22.1,56.0,114.6,43.5,58.4
Wheat,Rabi,Loamy,Oct,Apr,Rainfed,6.2,88.9,22.0,51.9,92.7,59.2,54.4
Wheat,Rabi,Loamy,Nov,May,Irrigated,6.1,84.4,22.7,53.9,106.8,51.6,43.0
Wheat,Rabi,Loamy,Dec,Jun,Rainfed,6.5,85.3,23.4,57.5,103.8,50.8,58.3
Wheat,Rabi,Loamy,Oct,Apr,Irrigated,6.6,86.6,23.4,52.3,92.7,41.9,46.7
Wheat,Rabi,Loamy,Nov,May,Rainfed,6.5,85.6,22.1,50.8,117.9,42.1,57.8
Wheat,Rabi,Loamy,Dec,Jun,Irrigated,6.1,82.0,23.8,50.1,96.9,57.2,58.9
Wheat,Rabi,Loamy,Oct,Apr,Rainfed,6.0,80.8,23.0,59.2,96.2,48.4,45.2
Wheat,Rabi,Loamy,Nov,May,Irrigated,6.7,87.1,22.5,53.9,111.7,46.5,48.2
Wheat,Rabi,Loamy,Dec,Jun,Rainfed,6.4,81.7,22.8,52.5,102.9,58.5,54.6
Wheat,Rabi,Loamy,Oct,Apr,Irrigated,6.3,82.3,22.8,58.4,80.4,43.2,55.6
Wheat,Rabi,Loamy,Nov,May,Rainfed,6.7,80.2,22.4,57.1,82.5,40.8,41.4
Wheat,Rabi,Loamy,Dec,Jun,Irrigated,6.7,88.2,22.7,57.2,111.8,50.9,55.1
Wheat,Rabi,Loamy,Oct,Apr,Rainfed,6.6,84.7,23.3,50.1,101.8,53.8,47.2
Wheat,Rabi,Loamy,Nov,May,Irrigated,6.7,84.2,22.2,52.7,119.9,40.9,45.0
Wheat,Rabi,Loamy,Dec,Jun,Rainfed,6.5,83.3,23.0,53.0,86.0,51.4,45.7
Wheat,Rabi,Loamy,Oct,Apr,Irrigated,7.0,80.7,21.4,50.9,105.3,56.1,51.8
Wheat,Rabi,Loamy,Nov,May,Rainfed,7.0,88.1,21.9,59.2,107.3,55.5,52.0
Wheat,Rabi,Loamy,Dec,Jun,Irrigated,6.3,86.0,22.4,56.4,113.5,53.0,48.6
Wheat,Rabi,Loamy,Oct,Apr,Rainfed,6.7,89.2,21.6,51.9,80.1,59.6,54.8
Wheat,Rabi,Loamy,Nov,May,Irrigated,6.0,86.0,21.6,55.4,107.6,54.6,47.6
Wheat,Rabi,Loamy,Dec,Jun,Rainfed,6.1,86.8,21.7,53.1,90.3,47.7,45.5
Wheat,Rabi,Loamy,Oct,Apr,Irrigated,6.2,82.5,21.4,58.9,110.3,52.8,43.9
Wheat,Rabi,Loamy,Nov,May,Rainfed,6.2,81.7,21.9,57.6,94.6,49.2,42.1
Wheat,Rabi,Loamy,Dec,Jun,Irrigated,6.4,81.3,21.7,51.9,88.7,58.9,51.5
Wheat,Rabi,Loamy,Oct,Apr,Rainfed,6.3,83.1,23.2,52.5,94.0,43.6,41.4
Wheat,Rabi,Loamy,Nov,May,Irrigated,6.2,82.7,22.7,57.6,108.6,46.3,46.7
Wheat,Rabi,Loamy,Dec,Jun,Rainfed,6.6,80.7,22.6,50.1,84.2,53.4,46.3
Wheat,Rabi,Loamy,Oct,Apr,Irrigated,6.1,86.4,23.3,52.1,82.2,57.7,45.1
Wheat,Rabi,Loamy,Nov,May,Rainfed,6.1,85.4,22.3,53.8,112.9,50.1,55.3
Wheat,Rabi,Loamy,Dec,Jun,Irrigated,6.7,85.5,22.8,58.2,116.7,41.7,58.0
Wheat,Rabi,Loamy,Oct,Apr,Rainfed,6.4,82.3,21.1,55.9,80.7,53.5,43.6
Wheat,Rabi,Loamy,Nov,May,Irrigated,6.5,87.6,21.2,55.9,90.2,48.3,48.2
Wheat,Rabi,Loamy,Dec,Jun,Rainfed,6.3,81.5,21.2,57.1,84.9,40.8,59.9
Wheat,Rabi,Loamy,Oct,Apr,Irrigated,6.9,84.0,21.1,51.6,94.7,41.0,44.8
Wheat,Rabi,Loamy,Nov,May,Rainfed,6.5,86.2,21.2,55.8,116.5,42.2,40.2
Wheat,Rabi,Loamy,Dec,Jun,Irrigated,6.2,87.0,23.6,51.8,95.1,42.6,40.6
Wheat,Rabi,Loamy,Oct,Apr,Rainfed,6.1,89.7,24.0,52.0,104.3,45.4,47.9
Wheat,Rabi,Loamy,Nov,May,Irrigated,6.9,89.8,23.4,56.3,92.6,42.1,47.9
Wheat,Rabi,Loamy,Dec,Jun,Rainfed,6.2,86.5,22.4,56.4,118.9,42.0,41.3
Wheat,Rabi,Loamy,Oct,Apr,Irrigated,7.0,85.1,21.0,58.4,108.8,57.3,53.1
Wheat,Rabi,Loamy,Nov,May,Rainfed,6.8,84.7,21.1,55.4,84.8,55.7,52.8
Wheat,Rabi,Loamy,Dec,Jun,Irrigated,6.4,86.4,23.9,54.4,90.2,56.1,48.6
Wheat,Rabi,Loamy,Oct,Apr,Rainfed,6.3,82.6,22.6,51.1,117.4,48.4,47.5
Wheat,Rabi,Loamy,Nov,May,Irrigated,6.0,87.6,22.1,58.7,113.4,54.0,55.9
Wheat,Rabi,Loamy,Dec,Jun,Rainfed,6.5,89.1,24.0,51.1,101.1,44.9,41.6
Wheat,Rabi,Loamy,Oct,Apr,Irrigated,7.0,81.0,21.9,59.8,104.4,43.2,50.0
Wheat,Rabi,Loamy,Nov,May,Rainfed,6.2,88.2,23.4,54.4,108.0,48.8,50.9
Wheat,Rabi,Loamy,Dec,Jun,Irrigated,6.9,89.7,21.4,54.7,112.8,57.7,43.6
Wheat,Rabi,Loamy,Oct,Apr,Rainfed,6.8,82.8,22.9,53.7,105.1,58.7,55.5
Wheat,Rabi,Loamy,Nov,May,Irrigated,6.1,80.7,23.4,54.0,115.8,44.3,53.2
Wheat,Rabi,Loamy,Dec,Jun,Rainfed,6.5,88.3,23.7,54.6,106.7,46.6,55.6
Wheat,Rabi,Loamy,Oct,Apr,Irrigated,6.4,87.3,23.4,54.9,107.0,48.6,59.8
Wheat,Rabi,Loamy,Nov,May,Rainfed,7.0,88.5,23.6,58.8,91.0,42.1,55.0
Wheat,Rabi,Loamy,Dec,Jun,Irrigated,6.4,89.7,23.6,56.6,89.0,59.5,51.3
Wheat,Rabi,Loamy,Oct,Apr,Rainfed,6.3,83.9,22.9,54.0,103.5,46.3,40.2
Wheat,Rabi,Loamy,Nov,May,Irrigated,6.3,81.3,21.8,59.3,111.2,54.4,52.4
Wheat,Rabi,Loamy,Dec,Jun,Rainfed,6.1,87.2,23.4,58.0,86.6,59.0,44.3
Wheat,Rabi,Loamy,Oct,Apr,Irrigated,6.8,83.7,23.3,53.9,101.8,59.5,45.4
Wheat,Rabi,Loamy,Nov,May,Rainfed,6.8,88.3,21.0,54.8,108.5,48.6,53.4
Wheat,Rabi,Loamy,Dec,Jun,Irrigated,6.2,82.2,22.9,57.1,98.0,41.3,50.8
Wheat,Rabi,Loamy,Oct,Apr,Rainfed,7.0,81.8,22.6,50.1,101.6,43.5,40.8
Wheat,Rabi,Loamy,Nov,May,Irrigated,6.7,88.1,23.3,51.6,109.2,50.1,41.6
Wheat,Rabi,Loamy,Dec,Jun,Rainfed,6.4,80.5,23.1,56.0,87.0,43.8,46.6
Wheat,Rabi,Loamy,Oct,Apr,Irrigated,6.5,85.4,22.0,59.2,86.8,50.6,48.2
Wheat,Rabi,Loamy,Nov,May,Rainfed,6.1,89.1,23.4,56.1,89.4,53.5,42.9
Wheat,Rabi,Loamy,Dec,Jun,Irrigated,6.5,89.8,21.5,52.2,117.8,47.1,47.9
Wheat,Rabi,Loamy,Oct,Apr,Rainfed,6.8,89.4,21.7,55.3,93.0,44.0,41.5
Wheat,Rabi,Loamy,Nov,May,Irrigated,7.0,83.1,22.3,59.7,109.7,47.5,53.3
Wheat,Rabi,Loamy,Dec,Jun,Rainfed,6.4,84.9,22.4,59.6,97.3,55.3,42.3
Wheat,Rabi,Loamy,Oct,Apr,Irrigated,6.6,85.0,21.5,51.5,102.4,44.2,55.2
Wheat,Rabi,Loamy,Nov,May,Rainfed,6.4,85.4,21.5,55.6,98.2,46.9,43.8
Wheat,Rabi,Loamy,Dec,Jun,Irrigated,6.1,85.8,21.3,52.5,83.9,57.8,41.0
Wheat,Rabi,Loamy,Oct,Apr,Rainfed,6.8,80.4,22.7,55.1,94.3,51.9,40.2
Wheat,Rabi,Loamy,Nov,May,Irrigated,6.5,83.7,22.2,55.9,119.9,57.3,55.9
Wheat,Rabi,Loamy,Dec,Jun,Rainfed,6.7,84.5,22.5,52.5,110.8,51.7,56.4
Wheat,Rabi,Loamy,Oct,Apr,Irrigated,6.3,83.3,21.4,58.3,114.1,44.6,49.0
Wheat,Rabi,Loamy,Nov,May,Rainfed,6.4,84.4,23.3,54.0,80.5,53.5,48.6
Wheat,Rabi,Loamy,Dec,Jun,Irrigated,7.0,87.7,23.6,57.0,111.3,52.9,52.7
Wheat,Rabi,Loamy,Oct,Apr,Rainfed,6.8,86.1,22.3,53.3,86.4,47.4,47.1
Wheat,Rabi,Loamy,Nov,May,Irrigated,6.5,80.9,22.3,51.2,101.3,46.4,43.9
Wheat,Rabi,Loamy,Dec,Jun,Rainfed,6.5,85.4,22.9,50.1,87.2,50.7,45.9
Wheat,Rabi,Loamy,Oct,Apr,Irrigated,6.4,82.0,23.9,58.3,94.5,51.3,42.2
Wheat,Rabi,Loamy,Nov,May,Rainfed,6.7,83.5,22.3,53.9,98.0,59.1,41.8
Wheat,Rabi,Loamy,Dec,Jun,Irrigated,6.3,81.9,23.2,51.5,83.2,41.4,45.3
Wheat,Rabi,Loamy,Oct,Apr,Rainfed,6.7,80.2,23.6,58.1,106.8,43.4,54.9
Wheat,Rabi,Loamy,Nov,May,Irrigated,6.7,87.3,21.3,53.0,83.3,47.9,48.2
Wheat,Rabi,Loamy,Dec,Jun,Rainfed,6.6,80.1,23.7,52.1,119.6,59.0,44.1
Wheat,Rabi,Loamy,Oct,Apr,Irrigated,6.2,81.2,24.0,51.3,86.9,41.8,59.6
Wheat,Rabi,Loamy,Nov,May,Rainfed,6.6,82.2,21.6,55.4,98.9,50.7,42.4
Wheat,Rabi,Loamy,Dec,Jun,Irrigated,6.6,89.6,21.9,50.0,95.4,51.1,44.1
Wheat,Rabi,Loamy,Oct,Apr,Rainfed,6.5,82.5,23.0,53.0,98.8,48.4,51.6
Wheat,Rabi,Loamy,Nov,May,Irrigated,7.0,88.3,22.8,56.5,81.5,57.3,51.2
Wheat,Rabi,Loamy,Dec,Jun,Rainfed,6.7,89.8,21.8,52.3,101.6,43.2,43.1
Wheat,Rabi,Loamy,Oct,Apr,Irrigated,6.2,88.4,22.9,57.8,107.9,54.7,49.7
Wheat,Rabi,Loamy,Nov,May,Rainfed,7.0,87.1,21.3,58.4,86.5,52.1,43.4
Wheat,Rabi,Loamy,Dec,Jun,Irrigated,6.5,85.9,22.4,51.4,99.8,42.7,45.5
Wheat,Rabi,Loamy,Oct,Apr,Rainfed,6.9,82.6,23.9,59.8,97.1,59.0,52.3
Wheat,Rabi,Loamy,Nov,May,Irrigated,6.1,87.5,23.2,54.2,100.0,54.8,49.7
Wheat,Rabi,Loamy,Dec,Jun,Rainfed,6.1,86.7,22.1,51.9,102.4,41.5,53.6
Wheat,Rabi,Loamy,Oct,Apr,Irrigated,6.3,83.1,21.2,57.3,104.0,42.8,44.1
Wheat,Rabi,Loamy,Nov,May,Rainfed,6.4,87.0,22.2,56.6,90.1,53.1,51.9
Wheat,Rabi,Loamy,Dec,Jun,Irrigated,6.0,80.5,22.3,56.5,110.4,49.1,47.4
Wheat,Rabi,Loamy,Oct,Apr,Rainfed,6.4,89.9,21.0,50.0,114.5,40.2,52.7
Wheat,Rabi,Loamy,Nov,May,Irrigated,6.1,89.9,23.9,55.2,103.9,53.0,58.8
Wheat,Rabi,Loamy,Dec,Jun,Rainfed,6.2,84.5,22.9,50.8,108.4,44.4,50.7
Wheat,Rabi,Loamy,Oct,Apr,Irrigated,6.3,85.5,23.4,59.3,111.9,46.1,55.5
Wheat,Rabi,Loamy,Nov,May,Rainfed,6.2,85.8,21.1,56.5,119.9,48.6,40.1
Wheat,Rabi,Loamy,Dec,Jun,Irrigated,6.7,82.5,22.8,56.1,112.3,59.3,44.0
Wheat,Rabi,Loamy,Oct,Apr,Rainfed,6.4,89.6,23.1,50.4,113.9,50.1,56.9
Wheat,Rabi,Loamy,Nov,May,Irrigated,6.6,83.0,22.2,52.7,97.1,56.5,58.1
Wheat,Rabi,Loamy,Dec,Jun,Rainfed,6.8,88.6,22.3,52.6,99.5,50.0,44.9
Wheat,Rabi,Loamy,Oct,Apr,Irrigated,6.5,88.1,21.3,58.5,118.0,57.6,54.8
Wheat,Rabi,Loamy,Nov,May,Rainfed,6.2,87.3,23.2,58.5,97.2,51.9,50.9
Wheat,Rabi,Loamy,Dec,Jun,Irrigated,6.8,86.2,21.6,55.5,116.4,41.0,54.7
Wheat,Rabi,Loamy,Oct,Apr,Rainfed,6.5,84.8,22.4,58.9,95.5,52.4,45.2
Wheat,Rabi,Loamy,Nov,May,Irrigated,6.1,82.0,23.0,51.2,94.7,59.6,49.0
Wheat,Rabi,Loamy,Dec,Jun,Rainfed,6.8,80.7,23.9,51.8,101.9,50.6,49.7
Wheat,Rabi,Loamy,Oct,Apr,Irrigated,7.0,83.4,21.2,52.9,118.8,53.5,43.1
Wheat,Rabi,Loamy,Nov,May,Rainfed,6.0,89.8,22.8,52.6,118.0,43.8,42.5
Wheat,Rabi,Loamy,Dec,Jun,Irrigated,6.4,88.2,23.1,53.5,98.8,52.1,43.2
Wheat,Rabi,Loamy,Oct,Apr,Rainfed,6.2,85.1,22.9,58.9,101.3,44.2,48.0
Wheat,Rabi,Loamy,Nov,May,Irrigated,6.6,84.1,22.1,59.2,83.9,51.2,52.0
Wheat,Rabi,Loamy,Dec,Jun,Rainfed,6.9,83.7,22.8,57.0,87.1,48.1,41.7
Wheat,Rabi,Loamy,Oct,Apr,Irrigated,6.0,82.8,21.0,56.9,109.9,57.9,46.7
Wheat,Rabi,Loamy,Nov,May,Rainfed,6.8,87.4,23.0,52.7,87.7,54.4,42.1
Wheat,Rabi,Loamy,Dec,Jun,Irrigated,6.8,81.4,23.6,57.3,88.4,54.6,53.5
Wheat,Rabi,Loamy,Oct,Apr,Rainfed,6.0,88.6,23.1,57.8,105.5,47.0,54.6
Wheat,Rabi,Loamy,Nov,May,Irrigated,6.4,88.5,21.3,50.7,111.6,45.6,58.9
Wheat,Rabi,Loamy,Dec,Jun,Rainfed,6.7,80.5,22.6,57.8,105.4,45.9,55.4
Wheat,Rabi,Loamy,Oct,Apr,Irrigated,6.4,82.3,23.7,56.8,105.9,54.1,45.9
Wheat,Rabi,Loamy,Nov,May,Rainfed,6.8,85.3,21.4,53.7,81.8,51.2,49.4
Wheat,Rabi,Loamy,Dec,Jun,Irrigated,6.7,88.6,22.5,52.7,94.3,48.5,54.3
Wheat,Rabi,Loamy,Oct,Apr,Rainfed,6.1,82.5,23.3,51.4,111.1,43.3,40.1
Wheat,Rabi,Loamy,Nov,May,Irrigated,6.6,83.8,21.6,59.6,82.9,50.1,57.3
Wheat,Rabi,Loamy,Dec,Jun,Rainfed,6.4,89.4,21.7,50.9,102.2,56.9,52.3
Wheat,Rabi,Loamy,Oct,Apr,Irrigated,6.4,81.4,23.5,51.0,117.8,57.2,54.0
Wheat,Rabi,Loamy,Nov,May,Rainfed,6.0,85.7,21.9,53.3,106.7,49.7,47.3
Wheat,Rabi,Loamy,Dec,Jun,Irrigated,6.2,81.1,21.7,51.2,119.8,54.1,42.8
Wheat,Rabi,Loamy,Oct,Apr,Rainfed,6.8,80.3,23.2,50.2,103.7,58.9,50.3
Wheat,Rabi,Loamy,Nov,May,Irrigated,6.6,83.7,21.1,59.8,95.2,57.3,48.1
Wheat,Rabi,Loamy,Dec,Jun,Rainfed,6.7,84.1,22.5,57.5,99.2,46.5,47.0
Wheat,Rabi,Loamy,Oct,Apr,Irrigated,6.4,84.5,23.0,59.0,117.4,51.3,54.8
Wheat,Rabi,Loamy,Nov,May,Rainfed,6.3,87.4,23.8,51.2,109.1,42.8,54.9
Wheat,Rabi,Loamy,Dec,Jun,Irrigated,6.4,89.8,21.2,50.7,82.7,42.3,49.0
Wheat,Rabi,Loamy,Oct,Apr,Rainfed,6.7,80.4,23.9,56.5,84.9,49.6,56.5
Wheat,Rabi,Loamy,Nov,May,Irrigated,6.2,90.0,22.6,57.5,104.2,47.2,47.8
Wheat,Rabi,Loamy,Dec,Jun,Rainfed,6.4,88.0,22.9,56.0,115.0,45.2,46.7
Wheat,Rabi,Loamy,Oct,Apr,Irrigated,6.8,81.6,23.8,57.4,86.6,41.4,58.8
Wheat,Rabi,Loamy,Nov,May,Rainfed,6.1,88.8,21.0,54.8,82.1,48.9,57.8
Wheat,Rabi,Loamy,Dec,Jun,Irrigated,6.6,80.1,23.8,54.5,90.5,57.5,47.2
Wheat,Rabi,Loamy,Oct,Apr,Rainfed,6.1,86.0,23.4,54.3,85.3,57.5,43.1
Wheat,Rabi,Loamy,Nov,May,Irrigated,6.4,86.8,22.8,53.5,93.6,54.9,58.8
Wheat,Rabi,Loamy,Dec,Jun,Rainfed,6.6,89.8,23.1,58.0,109.2,57.9,58.6
Wheat,Rabi,Loamy,Oct,Apr,Irrigated,6.3,88.7,23.0,58.0,94.7,49.1,42.3
Wheat,Rabi,Loamy,Nov,May,Rainfed,6.4,86.7,23.1,59.0,85.5,45.1,50.6
Wheat,Rabi,Loamy,Dec,Jun,Irrigated,6.1,83.8,21.8,58.2,82.7,40.3,55.7
Wheat,Rabi,Loamy,Oct,Apr,Rainfed,6.6,86.8,21.5,53.2,114.8,42.9,42.9
Wheat,Rabi,Loamy,Nov,May,Irrigated,6.9,89.9,22.7,56.7,99.9,57.5,46.0
Wheat,Rabi,Loamy,Dec,Jun,Rainfed,6.0,86.6,21.9,53.6,117.5,44.5,56.1
Wheat,Rabi,Loamy,Oct,Apr,Irrigated,6.5,85.0,22.9,55.5,104.7,53.6,55.1
Wheat,Rabi,Loamy,Nov,May,Rainfed,6.1,85.4,21.5,58.7,101.3,59.6,55.0
Wheat,Rabi,Loamy,Dec,Jun,Irrigated,6.2,80.4,23.7,51.3,94.7,48.6,54.8
Wheat,Rabi,Loamy,Oct,Apr,Rainfed,6.0,89.3,22.5,51.3,98.8,56.2,47.4
Wheat,Rabi,Loamy,Nov,May,Irrigated,6.5,86.1,22.8,54.2,95.5,52.3,54.8
Wheat,Rabi,Loamy,Dec,Jun,Rainfed,6.7,87.6,21.0,54.4,110.3,51.0,45.3
Wheat,Rabi,Loamy,Oct,Apr,Irrigated,6.8,89.6,22.1,54.0,97.4,53.6,55.1
Wheat,Rabi,Loamy,Nov,May,Rainfed,6.2,88.6,22.3,53.1,105.3,42.1,48.9
Wheat,Rabi,Loamy,Dec,Jun,Irrigated,6.3,80.5,22.0,56.4,119.1,45.3,50.5
Wheat,Rabi,Loamy,Oct,Apr,Rainfed,6.7,88.8,22.1,57.5,81.8,56.7,47.0
Maize,Kharif,Sandy,Jun,Sep,Irrigated,5.7,109.0,24.0,65.5,161.0,87.6,84.5
Maize,Kharif,Sandy,Jul,Oct,Rainfed,6.9,105.2,24.2,76.4,121.1,71.6,82.6
Maize,Kharif,Sandy,Jun,Sep,Irrigated,6.6,106.7,20.9,60.9,166.3,64.0,76.1
Maize,Kharif,Sandy,Jul,Oct,Rainfed,5.9,108.1,19.4,73.8,140.6,78.4,78.7
Maize,Kharif,Sandy,Jun,Sep,Irrigated,6.6,107.2,24.9,78.9,159.1,73.6,73.1
Maize,Kharif,Sandy,Jul,Oct,Rainfed,6.3,108.0,25.5,79.1,129.6,86.5,86.6
Maize,Kharif,Sandy,Jun,Sep,Irrigated,5.6,109.2,24.0,65.4,169.5,64.0,69.6
Maize,Kharif,Sandy,Jul,Oct,Rainfed,6.6,108.5,23.6,83.4,159.3,73.1,70.2
Maize,Kharif,Sandy,Jun,Sep,Irrigated,5.5,105.3,26.1,69.9,129.8,68.1,72.5
Maize,Kharif,Sandy,Jul,Oct,Rainfed,6.0,109.1,24.0,64.9,157.6,66.5,61.4
Maize,Kharif,Sandy,Jun,Sep,Irrigated,6.0,106.3,25.0,63.0,171.7,66.3,68.9
Maize,Kharif,Sandy,Jul,Oct,Rainfed,6.5,106.9,21.3,76.5,158.3,75.0,89.5
Maize,Kharif,Sandy,Jun,Sep,Irrigated,6.7,109.9,18.4,61.3,130.7,62.6,78.2
Maize,Kharif,Sandy,Jul,Oct,Rainfed,6.9,107.2,25.3,83.8,128.4,65.4,69.0
Maize,Kharif,Sandy,Jun,Sep,Irrigated,6.2,108.1,18.8,71.2,129.0,82.1,64.2
Maize,Kharif,Sandy,Jul,Oct,Rainfed,5.9,105.8,24.9,68.5,176.3,85.2,61.0
Maize,Kharif,Sandy,Jun,Sep,Irrigated,6.8,109.0,19.3,60.6,143.8,79.6,70.3
Maize,Kharif,Sandy,Jul,Oct,Rainfed,5.7,106.9,23.4,74.7,147.0,86.0,61.5
Maize,Kharif,Sandy,Jun,Sep,Irrigated,5.8,107.7,21.6,73.6,167.6,67.0,67.3
Maize,Kharif,Sandy,Jul,Oct,Rainfed,6.8,109.3,22.2,83.0,125.7,80.9,87.2
Maize,Kharif,Sandy,Jun,Sep,Irrigated,6.3,106.4,21.7,62.5,166.6,60.4,63.5
Maize,Kharif,Sandy,Jul,Oct,Rainfed,6.8,109.7,22.4,81.0,177.0,63.9,77.9
Maize,Kharif,Sandy,Jun,Sep,Irrigated,6.8,105.8,25.0,65.0,140.5,82.4,69.0
Maize,Kharif,Sandy,Jul,Oct,Rainfed,5.9,107.5,25.3,66.5,151.0,88.1,70.3
Maize,Kharif,Sandy,Jun,Sep,Irrigated,5.7,107.9,23.0,61.5,162.9,83.8,85.6
Maize,Kharif,Sandy,Jul,Oct,Rainfed,6.5,107.1,24.3,77.5,140.7,74.7,64.7
Maize,Kharif,Sandy,Jun,Sep,Irrigated,5.9,105.9,26.1,65.7,136.0,66.5,70.7
Maize,Kharif,Sandy,Jul,Oct,Rainfed,6.7,108.0,26.2,75.5,154.7,75.4,86.9
Maize,Kharif,Sandy,Jun,Sep,Irrigated,6.3,105.5,20.1,63.8,168.7,62.0,80.9
Maize,Kharif,Sandy,Jul,Oct,Rainfed,6.9,108.1,18.5,74.1,138.1,87.3,78.1
Maize,Kharif,Sandy,Jun,Sep,Irrigated,5.8,106.1,19.1,66.1,132.1,66.9,70.9
Maize,Kharif,Sandy,Jul,Oct,Rainfed,6.1,105.5,23.0,62.5,138.0,68.2,83.7
Maize,Kharif,Sandy,Jun,Sep,Irrigated,6.8,108.3,18.8,72.1,137.2,68.5,89.6
Maize,Kharif,Sandy,Jul,Oct,Rainfed,6.8,106.2,18.8,79.0,174.5,66.8,84.2
Maize,Kharif,Sandy,Jun,Sep,Irrigated,6.9,105.3,24.1,77.0,154.3,68.4,84.1
Maize,Kharif,Sandy,Jul,Oct,Rainfed,6.1,108.3,22.8,77.9,138.1,68.2,83.1
Maize,Kharif,Sandy,Jun,Sep,Irrigated,6.7,109.0,26.9,64.0,177.9,70.6,87.0
Maize,Kharif,Sandy,Jul,Oct,Rainfed,5.7,109.8,19.9,81.3,150.8,85.9,68.4
Maize,Kharif,Sandy,Jun,Sep,Irrigated,6.9,106.4,26.2,82.0,157.4,87.6,66.2
Maize,Kharif,Sandy,Jul,Oct,Rainfed,6.9,106.1,26.1,79.5,169.5,83.5,67.8
Maize,Kharif,Sandy,Jun,Sep,Irrigated,5.7,106.1,18.9,73.9,127.1,65.7,71.8
Maize,Kharif,Sandy,Jul,Oct,Rainfed,6.8,106.7,24.0,63.5,149.4,88.9,78.5
Maize,Kharif,Sandy,Jun,Sep,Irrigated,6.4,105.4,19.5,67.5,138.9,78.2,71.2
Maize,Kharif,Sandy,Jul,Oct,Rainfed,6.1,106.7,21.7,72.6,147.3,80.2,88.5
Maize,Kharif,Sandy,Jun,Sep,Irrigated,6.2,105.7,19.6,81.7,161.4,73.4,69.4
Maize,Kharif,Sandy,Jul,Oct,Rainfed,5.7,106.9,23.0,83.2,129.7,68.7,79.1
Maize,Kharif,Sandy,Jun,Sep,Irrigated,5.8,107.2,24.3,80.6,165.4,70.2,79.0
Maize,Kharif,Sandy,Jul,Oct,Rainfed,6.5,109.9,18.1,83.5,142.5,69.7,85.6
Maize,Kharif,Sandy,Jun,Sep,Irrigated,5.9,107.1,22.0,81.6,123.8,64.1,75.5
Maize,Kharif,Sandy,Jul,Oct,Rainfed,6.4,108.0,25.5,80.3,122.3,77.5,67.2
Maize,Kharif,Sandy,Jun,Sep,Irrigated,6.3,107.4,23.5,72.6,129.2,60.3,85.3
Maize,Kharif,Sandy,Jul,Oct,Rainfed,6.6,108.1,19.8,73.7,161.9,74.4,85.5
Maize,Kharif,Sandy,Jun,Sep,Irrigated,5.6,109.1,24.2,76.5,162.5,78.8,85.0
Maize,Kharif,Sandy,Jul,Oct,Rainfed,6.5,107.1,21.1,76.9,158.3,85.0,88.7
Maize,Kharif,Sandy,Jun,Sep,Irrigated,6.8,107.9,19.9,73.8,157.1,80.1,88.7
Maize,Kharif,Sandy,Jul,Oct,Rainfed,6.7,105.2,24.3,60.3,133.2,60.9,73.6
Maize,Kharif,Sandy,Jun,Sep,Irrigated,5.9,108.3,25.9,72.4,156.4,73.8,71.7
Maize,Kharif,Sandy,Jul,Oct,Rainfed,5.7,107.1,22.3,78.2,131.2,78.3,84.2
Maize,Kharif,Sandy,Jun,Sep,Irrigated,6.8,108.8,22.3,69.1,130.4,70.4,78.5
Maize,Kharif,Sandy,Jul,Oct,Rainfed,6.1,108.2,25.3,62.5,120.5,73.9,89.0
Maize,Kharif,Sandy,Jun,Sep,Irrigated,5.8,107.1,21.6,70.9,167.2,86.7,80.5
Maize,Kharif,Sandy,Jul,Oct,Rainfed,6.4,109.2,26.9,84.0,146.1,66.2,70.1
Maize,Kharif,Sandy,Jun,Sep,Irrigated,6.9,107.3,19.7,74.4,132.0,60.1,65.2
Maize,Kharif,Sandy,Jul,Oct,Rainfed,5.6,105.3,25.8,78.1,176.9,68.5,86.6
Maize,Kharif,Sandy,Jun,Sep,Irrigated,6.8,108.7,25.4,77.8,155.7,71.3,85.1
Maize,Kharif,Sandy,Jul,Oct,Rainfed,6.8,106.2,20.1,61.3,122.8,86.1,85.7
Maize,Kharif,Sandy,Jun,Sep,Irrigated,6.9,107.6,19.7,71.0,147.2,83.6,80.3
Maize,Kharif,Sandy,Jul,Oct,Rainfed,6.8,109.5,26.8,83.5,135.7,77.6,89.6
Maize,Kharif,Sandy,Jun,Sep,Irrigated,6.6,108.6,23.0,69.5,130.3,79.4,63.7
Maize,Kharif,Sandy,Jul,Oct,Rainfed,5.7,107.6,22.8,78.1,148.0,84.1,78.8
Maize,Kharif,Sandy,Jun,Sep,Irrigated,6.0,106.3,22.1,76.1,149.1,70.3,65.9
Maize,Kharif,Sandy,Jul,Oct,Rainfed,7.0,106.4,23.3,73.7,162.4,73.0,86.2
Maize,Kharif,Sandy,Jun,Sep,Irrigated,6.4,108.4,22.1,72.0,175.9,68.0,84.3
Maize,Kharif,Sandy,Jul,Oct,Rainfed,6.2,105.6,25.6,78.8,126.5,86.9,77.2
Maize,Kharif,Sandy,Jun,Sep,Irrigated,6.0,106.9,24.1,80.9,138.3,68.9,89.9
Maize,Kharif,Sandy,Jul,Oct,Rainfed,6.1,106.8,22.8,77.6,151.7,72.7,72.9
Maize,Kharif,Sandy,Jun,Sep,Irrigated,7.0,109.8,19.6,81.5,177.6,74.5,80.9
Maize,Kharif,Sandy,Jul,Oct,Rainfed,6.3,109.0,18.8,84.5,125.5,65.7,79.1
Maize,Kharif,Sandy,Jun,Sep,Irrigated,5.8,107.2,23.6,77.1,146.9,62.2,63.2
Maize,Kharif,Sandy,Jul,Oct,Rainfed,5.8,107.3,22.2,71.5,150.9,68.5,80.1
Maize,Kharif,Sandy,Jun,Sep,Irrigated,5.6,106.1,19.9,68.8,158.3,63.0,71.5
Maize,Kharif,Sandy,Jul,Oct,Rainfed,6.1,109.8,21.9,79.3,148.8,81.7,83.4
Maize,Kharif,Sandy,Jun,Sep,Irrigated,6.8,106.4,25.5,82.6,150.2,79.2,84.7
Maize,Kharif,Sandy,Jul,Oct,Rainfed,6.8,105.9,19.7,71.6,164.7,69.5,85.6
Maize,Kharif,Sandy,Jun,Sep,Irrigated,6.1,106.3,24.5,65.0,153.0,70.2,61.4
Maize,Kharif,Sandy,Jul,Oct,Rainfed,6.1,108.3,22.1,82.0,151.4,71.7,77.2
Maize,Kharif,Sandy,Jun,Sep,Irrigated,6.1,109.2,20.7,77.1,162.2,66.8,76.6
Maize,Kharif,Sandy,Jul,Oct,Rainfed,6.7,105.2,20.1,61.4,159.9,65.3,83.7
Maize,Kharif,Sandy,Jun,Sep,Irrigated,5.8,109.9,23.0,72.5,125.2,68.5,71.0
Maize,Kharif,Sandy,Jul,Oct,Rainfed,6.4,106.2,23.2,60.4,165.5,79.4,65.3
Maize,Kharif,Sandy,Jun,Sep,Irrigated,5.7,107.7,25.5,78.8,175.1,73.9,84.7
Maize,Kharif,Sandy,Jul,Oct,Rainfed,6.1,109.5,18.7,76.6,173.4,73.8,62.0
Maize,Kharif,Sandy,Jun,Sep,Irrigated,5.9,108.4,22.0,66.6,152.1,87.6,61.4
Maize,Kharif,Sandy,Jul,Oct,Rainfed,6.5,106.0,26.1,69.6,142.4,77.4,63.0
Maize,Kharif,Sandy,Jun,Sep,Irrigated,6.9,105.2,25.6,62.1,159.7,63.6,72.7
Maize,Kharif,Sandy,Jul,Oct,Rainfed,5.9,105.6,20.4,72.3,120.6,85.6,78.5
Maize,Kharif,Sandy,Jun,Sep,Irrigated,6.8,106.5,19.3,82.9,154.5,88.2,79.4
Maize,Kharif,Sandy,Jul,Oct,Rainfed,6.0,108.6,24.0,77.7,173.1,78.0,61.4
Maize,Kharif,Sandy,Jun,Sep,Irrigated,6.9,107.2,25.8,82.5,158.4,79.6,79.7
Maize,Kharif,Sandy,Jul,Oct,Rainfed,6.2,106.0,25.0,63.4,160.7,72.4,71.8
Maize,Kharif,Sandy,Jun,Sep,Irrigated,6.2,108.3,19.7,70.8,151.2,82.6,78.4
Maize,Kharif,Sandy,Jul,Oct,Rainfed,6.0,107.5,24.4,60.9,162.1,86.7,84.5
Maize,Kharif,Sandy,Jun,Sep,Irrigated,6.6,107.9,23.3,60.8,139.8,71.7,89.8
Maize,Kharif,Sandy,Jul,Oct,Rainfed,5.5,106.5,22.7,71.5,145.4,60.6,77.0
Maize,Kharif,Sandy,Jun,Sep,Irrigated,6.5,105.2,24.9,73.7,151.7,65.9,89.5
Maize,Kharif,Sandy,Jul,Oct,Rainfed,5.6,109.6,26.0,77.4,141.3,68.2,64.2
Maize,Kharif,Sandy,Jun,Sep,Irrigated,6.7,108.9,23.0,81.4,177.3,89.9,85.1
Maize,Kharif,Sandy,Jul,Oct,Rainfed,6.7,108.7,23.1,72.9,179.8,89.4,66.9
Maize,Kharif,Sandy,Jun,Sep,Irrigated,6.8,108.4,22.5,67.0,155.6,71.4,63.7
Maize,Kharif,Sandy,Jul,Oct,Rainfed,5.6,106.4,20.8,71.7,160.3,71.3,86.0
Maize,Kharif,Sandy,Jun,Sep,Irrigated,6.0,105.2,24.3,77.7,172.1,75.8,84.7
Maize,Kharif,Sandy,Jul,Oct,Rainfed,6.3,106.6,26.3,62.4,152.9,70.2,80.2
Maize,Kharif,Sandy,Jun,Sep,Irrigated,6.2,108.5,26.1,61.6,149.3,82.1,64.0
Maize,Kharif,Sandy,Jul,Oct,Rainfed,6.0,108.9,25.2,74.2,135.0,66.0,83.2
Maize,Kharif,Sandy,Jun,Sep,Irrigated,7.0,109.3,25.0,82.7,133.1,75.6,73.7
Maize,Kharif,Sandy,Jul,Oct,Rainfed,5.6,108.5,20.4,65.0,154.4,88.3,88.0
Maize,Kharif,Sandy,Jun,Sep,Irrigated,6.9,106.6,25.3,69.4,125.8,83.9,81.3
Maize,Kharif,Sandy,Jul,Oct,Rainfed,5.9,107.0,25.9,67.1,151.5,73.7,69.2
Maize,Kharif,Sandy,Jun,Sep,Irrigated,6.0,109.3,24.6,66.6,164.5,86.0,61.3
Maize,Kharif,Sandy,Jul,Oct,Rainfed,5.5,105.1,23.1,84.6,167.9,77.3,87.8
Maize,Kharif,Sandy,Jun,Sep,Irrigated,6.2,109.1,19.3,62.9,158.6,61.4,71.3
Maize,Kharif,Sandy,Jul,Oct,Rainfed,5.9,108.5,21.7,79.4,163.0,78.6,71.3
Maize,Kharif,Sandy,Jun,Sep,Irrigated,6.1,109.1,18.4,81.4,153.3,81.6,70.5
Maize,Kharif,Sandy,Jul,Oct,Rainfed,6.1,106.4,20.2,67.8,123.5,80.9,65.0
Maize,Kharif,Sandy,Jun,Sep,Irrigated,6.8,107.0,24.1,84.1,130.6,69.9,87.6
Maize,Kharif,Sandy,Jul,Oct,Rainfed,6.5,106.7,21.3,84.3,166.5,64.9,73.7
Maize,Kharif,Sandy,Jun,Sep,Irrigated,6.8,106.6,18.1,75.4,120.5,87.9,68.3
Maize,Kharif,Sandy,Jul,Oct,Rainfed,6.4,109.2,24.0,63.6,137.5,73.6,86.5
Maize,Kharif,Sandy,Jun,Sep,Irrigated,6.1,107.1,19.3,66.0,143.4,70.3,84.7
Maize,Kharif,Sandy,Jul,Oct,Rainfed,7.0,105.4,19.8,76.3,121.8,81.9,65.5
Maize,Kharif,Sandy,Jun,Sep,Irrigated,6.0,106.6,24.0,83.5,134.8,76.5,69.1
Maize,Kharif,Sandy,Jul,Oct,Rainfed,6.4,108.5,19.3,72.3,176.8,73.8,69.3
Maize,Kharif,Sandy,Jun,Sep,Irrigated,6.4,107.7,23.2,73.3,125.9,70.5,62.7
Maize,Kharif,Sandy,Jul,Oct,Rainfed,6.5,109.2,26.9,80.8,135.8,65.5,71.5
Maize,Kharif,Sandy,Jun,Sep,Irrigated,6.2,107.8,26.5,74.5,135.2,82.9,62.3
Maize,Kharif,Sandy,Jul,Oct,Rainfed,6.2,108.7,22.9,77.0,162.9,74.5,89.9
Maize,Kharif,Sandy,Jun,Sep,Irrigated,7.0,108.0,21.6,72.8,124.1,64.6,81.5
Maize,Kharif,Sandy,Jul,Oct,Rainfed,6.4,106.8,26.8,78.6,122.5,65.8,62.8
Maize,Kharif,Sandy,Jun,Sep,Irrigated,6.7,108.6,22.9,80.6,163.5,66.9,69.1
Maize,Kharif,Sandy,Jul,Oct,Rainfed,6.8,106.8,24.2,84.1,127.7,79.8,63.0
Maize,Kharif,Sandy,Jun,Sep,Irrigated,5.8,105.4,22.1,80.4,154.3,83.0,72.6
Maize,Kharif,Sandy,Jul,Oct,Rainfed,6.6,109.5,25.9,73.1,151.2,84.8,79.2
Maize,Kharif,Sandy,Jun,Sep,Irrigated,6.3,109.6,24.9,77.8,142.4,61.4,70.1
Maize,Kharif,Sandy,Jul,Oct,Rainfed,6.3,107.9,25.5,66.2,147.1,81.5,73.2
Maize,Kharif,Sandy,Jun,Sep,Irrigated,6.1,106.4,21.3,68.1,146.8,73.8,68.9
Maize,Kharif,Sandy,Jul,Oct,Rainfed,6.0,109.8,23.1,80.9,160.0,80.6,85.3
Maize,Kharif,Sandy,Jun,Sep,Irrigated,7.0,107.6,24.3,65.3,158.6,81.4,60.4
Maize,Kharif,Sandy,Jul,Oct,Rainfed,6.3,107.1,23.6,75.8,152.7,71.3,72.2
Maize,Kharif,Sandy,Jun,Sep,Irrigated,5.9,105.6,21.5,79.4,121.3,70.9,83.5
Maize,Kharif,Sandy,Jul,Oct,Rainfed,6.0,107.9,18.0,63.0,164.2,76.0,73.4
Maize,Kharif,Sandy,Jun,Sep,Irrigated,6.2,108.1,21.4,72.6,171.5,75.3,79.8
Maize,Kharif,Sandy,Jul,Oct,Rainfed,7.0,108.2,23.4,62.7,139.6,67.4,68.6
Maize,Kharif,Sandy,Jun,Sep,Irrigated,6.9,107.9,19.3,66.6,146.3,84.2,73.9
Maize,Kharif,Sandy,Jul,Oct,Rainfed,6.7,106.2,20.8,66.6,134.3,61.4,87.7
Maize,Kharif,Sandy,Jun,Sep,Irrigated,6.9,105.1,23.8,68.4,160.1,73.6,78.1
Maize,Kharif,Sandy,Jul,Oct,Rainfed,6.4,108.7,21.4,80.7,132.0,82.4,81.7
Maize,Kharif,Sandy,Jun,Sep,Irrigated,6.3,107.3,20.1,84.8,152.0,75.5,79.1
Maize,Kharif,Sandy,Jul,Oct,Rainfed,6.4,106.1,21.0,76.3,174.0,88.4,73.9
Maize,Kharif,Sandy,Jun,Sep,Irrigated,6.9,107.8,21.3,69.6,141.7,62.8,80.3
Maize,Kharif,Sandy,Jul,Oct,Rainfed,6.3,109.9,26.4,66.4,125.4,68.2,60.0
Maize,Kharif,Sandy,Jun,Sep,Irrigated,6.0,108.9,24.8,66.0,127.2,81.5,89.1
Maize,Kharif,Sandy,Jul,Oct,Rainfed,6.6,109.0,26.3,73.3,172.0,70.8,82.3
Maize,Kharif,Sandy,Jun,Sep,Irrigated,6.7,105.4,22.3,64.1,136.0,75.3,73.9
Maize,Kharif,Sandy,Jul,Oct,Rainfed,5.7,105.6,23.9,82.3,152.6,81.0,76.5
Maize,Kharif,Sandy,Jun,Sep,Irrigated,6.2,105.8,23.8,84.8,158.5,67.4,87.6
Maize,Kharif,Sandy,Jul,Oct,Rainfed,6.1,106.2,26.9,83.9,167.9,88.7,68.8
Maize,Kharif,Sandy,Jun,Sep,Irrigated,5.7,106.5,25.4,75.4,135.2,86.1,79.8
Maize,Kharif,Sandy,Jul,Oct,Rainfed,5.9,105.9,23.0,70.9,120.1,79.3,74.9
Maize,Kharif,Sandy,Jun,Sep,Irrigated,6.3,109.1,20.7,77.8,122.2,71.9,78.2
Maize,Kharif,Sandy,Jul,Oct,Rainfed,5.8,107.6,22.3,69.7,157.2,61.5,65.8
Maize,Kharif,Sandy,Jun,Sep,Irrigated,6.7,107.6,21.8,79.3,160.1,83.6,77.4
Maize,Kharif,Sandy,Jul,Oct,Rainfed,6.2,105.0,23.4,65.6,120.3,68.9,63.1
Maize,Kharif,Sandy,Jun,Sep,Irrigated,6.4,107.3,21.6,66.2,148.7,67.1,69.2
Maize,Kharif,Sandy,Jul,Oct,Rainfed,6.1,108.0,26.1,84.3,155.3,63.6,80.4
Maize,Kharif,Sandy,Jun,Sep,Irrigated,6.0,105.1,22.5,65.1,144.4,64.6,85.6
Maize,Kharif,Sandy,Jul,Oct,Rainfed,6.8,105.0,23.6,67.1,153.3,88.8,69.2
Maize,Kharif,Sandy,Jun,Sep,Irrigated,6.4,106.0,22.8,80.4,167.6,65.4,74.1
Maize,Kharif,Sandy,Jul,Oct,Rainfed,6.4,110.0,19.6,76.1,137.3,84.2,89.0
Maize,Kharif,Sandy,Jun,Sep,Irrigated,5.6,109.1,25.0,68.3,164.7,75.2,64.6
Maize,Kharif,Sandy,Jul,Oct,Rainfed,6.1,107.5,23.3,82.6,155.4,83.8,89.7
Maize,Kharif,Sandy,Jun,Sep,Irrigated,7.0,108.9,26.9,79.4,173.0,79.0,82.7
Maize,Kharif,Sandy,Jul,Oct,Rainfed,5.7,108.8,20.0,65.1,170.9,81.8,84.0
Maize,Kharif,Sandy,Jun,Sep,Irrigated,6.2,108.9,18.7,62.6,175.5,71.6,76.4
Maize,Kharif,Sandy,Jul,Oct,Rainfed,6.1,110.0,21.2,68.4,153.5,79.2,65.7
Maize,Kharif,Sandy,Jun,Sep,Irrigated,5.6,106.4,18.9,65.7,160.8,68.5,73.7
Maize,Kharif,Sandy,Jul,Oct,Rainfed,6.6,105.4,24.2,60.3,164.2,88.8,76.7
Maize,Kharif,Sandy,Jun,Sep,Irrigated,6.5,107.9,24.2,82.9,133.8,82.4,79.2
Maize,Kharif,Sandy,Jul,Oct,Rainfed,6.2,105.6,21.5,76.2,153.3,88.2,68.6
Maize,Kharif,Sandy,Jun,Sep,Irrigated,6.3,108.0,24.3,60.0,169.4,61.4,72.8
Maize,Kharif,Sandy,Jul,Oct,Rainfed,5.6,107.0,25.3,73.1,146.3,74.6,90.0
Maize,Kharif,Sandy,Jun,Sep,Irrigated,5.6,108.3,19.9,63.0,134.6,65.4,86.6
Maize,Kharif,Sandy,Jul,Oct,Rainfed,5.7,105.9,22.8,75.0,147.7,80.8,66.2
Maize,Kharif,Sandy,Jun,Sep,Irrigated,6.4,109.0,22.2,76.4,138.5,61.6,72.9
Maize,Kharif,Sandy,Jul,Oct,Rainfed,5.9,105.1,21.6,82.9,122.5,70.1,76.6
Maize,Kharif,Sandy,Jun,Sep,Irrigated,7.0,109.3,24.2,72.8,157.4,74.7,75.0
Maize,Kharif,Sandy,Jul,Oct,Rainfed,6.1,108.5,24.9,70.6,141.8,86.0,87.0
Maize,Kharif,Sandy,Jun,Sep,Irrigated,6.4,107.0,22.8,67.9,132.9,74.9,67.9
Maize,Kharif,Sandy,Jul,Oct,Rainfed,5.8,109.4,18.6,81.4,175.1,74.4,89.7
Maize,Kharif,Sandy,Jun,Sep,Irrigated,6.0,106.5,19.1,66.5,125.0,67.2,73.7
Maize,Kharif,Sandy,Jul,Oct,Rainfed,6.4,105.5,26.4,68.8,126.4,64.1,83.8
Maize,Kharif,Sandy,Jun,Sep,Irrigated,6.6,108.5,23.7,70.5,156.0,82.4,82.8
Maize,Kharif,Sandy,Jul,Oct,Rainfed,5.6,109.7,18.8,77.6,158.8,77.2,65.6
Maize,Kharif,Sandy,Jun,Sep,Irrigated,5.9,108.0,23.1,77.9,129.8,66.5,82.1
Maize,Kharif,Sandy,Jul,Oct,Rainfed,6.1,109.7,19.7,66.3,178.2,62.6,76.9
Maize,Kharif,Sandy,Jun,Sep,Irrigated,5.8,108.9,20.8,70.4,163.4,65.1,65.9
Maize,Kharif,Sandy,Jul,Oct,Rainfed,6.3,106.3,26.3,69.4,163.2,86.1,76.7
Maize,Kharif,Sandy,Jun,Sep,Irrigated,5.6,107.3,24.2,63.3,140.0,79.9,76.3
Maize,Kharif,Sandy,Jul,Oct,Rainfed,6.4,107.7,24.0,81.3,152.4,82.2,82.1
Maize,Kharif,Sandy,Jun,Sep,Irrigated,7.0,105.4,19.3,66.9,122.9,81.6,90.0
Maize,Kharif,Sandy,Jul,Oct,Rainfed,6.5,109.4,26.0,61.4,165.7,60.8,71.9
Maize,Kharif,Sandy,Jun,Sep,Irrigated,5.9,107.7,19.3,74.4,164.1,75.3,69.6
Maize,Kharif,Sandy,Jul,Oct,Rainfed,5.9,109.7,23.4,83.7,130.6,88.0,65.6
Maize,Kharif,Sandy,Jun,Sep,Irrigated,6.7,105.4,23.4,65.8,170.7,83.2,76.8
Maize,Kharif,Sandy,Jul,Oct,Rainfed,6.7,109.5,21.0,72.6,165.2,78.8,76.7
Maize,Kharif,Sandy,Jun,Sep,Irrigated,6.6,109.3,26.1,65.4,128.3,66.5,87.4
Maize,Kharif,Sandy,Jul,Oct,Rainfed,6.7,108.1,23.5,72.7,156.3,78.3,72.7
Maize,Kharif,Sandy,Jun,Sep,Irrigated,6.6,109.9,22.9,67.6,121.3,81.4,84.5
Maize,Kharif,Sandy,Jul,Oct,Rainfed,6.7,105.9,26.4,78.7,144.3,87.1,64.4
Maize,Kharif,Sandy,Jun,Sep,Irrigated,5.5,106.3,27.0,78.9,129.8,68.7,66.8
Maize,Kharif,Sandy,Jul,Oct,Rainfed,6.3,106.9,21.6,60.1,159.1,67.9,63.3
Maize,Kharif,Sandy,Jun,Sep,Irrigated,6.8,108.8,19.4,62.0,153.4,70.4,84.6
Maize,Kharif,Sandy,Jul,Oct,Rainfed,6.2,108.7,20.2,61.3,154.1,89.6,74.0
Maize,Kharif,Sandy,Jun,Sep,Irrigated,5.7,106.3,19.5,72.8,160.0,70.1,70.8
Maize,Kharif,Sandy,Jul,Oct,Rainfed,6.1,109.8,25.5,82.1,174.3,60.4,83.8
Maize,Kharif,Sandy,Jun,Sep,Irrigated,6.0,107.1,24.6,63.2,120.7,87.3,65.3
Maize,Kharif,Sandy,Jul,Oct,Rainfed,6.1,106.8,24.0,80.6,129.3,78.0,62.5
Maize,Kharif,Sandy,Jun,Sep,Irrigated,6.1,107.9,18.6,68.7,177.1,79.4,77.9
Maize,Kharif,Sandy,Jul,Oct,Rainfed,6.8,107.6,24.3,74.6,150.2,73.4,76.8
Maize,Kharif,Sandy,Jun,Sep,Irrigated,6.6,107.3,22.2,61.2,135.0,85.9,75.2
Maize,Kharif,Sandy,Jul,Oct,Rainfed,5.6,106.5,20.1,78.4,129.5,72.3,81.8
Maize,Kharif,Sandy,Jun,Sep,Irrigated,6.5,106.4,25.4,61.2,131.4,62.1,66.2
Maize,Kharif,Sandy,Jul,Oct,Rainfed,6.3,107.0,18.5,65.1,123.9,64.0,80.1
Maize,Kharif,Sandy,Jun,Sep,Irrigated,5.7,105.0,25.1,81.9,152.6,86.2,80.4
Maize,Kharif,Sandy,Jul,Oct,Rainfed,6.6,106.6,21.4,65.5,164.7,80.6,77.9
Maize,Kharif,Sandy,Jun,Sep,Irrigated,5.7,107.0,25.4,84.6,133.6,60.9,85.3
Maize,Kharif,Sandy,Jul,Oct,Rainfed,5.9,109.3,23.4,74.4,128.0,75.9,63.2
Maize,Kharif,Sandy,Jun,Sep,Irrigated,5.8,107.5,20.8,61.0,154.0,73.2,66.0
Maize,Kharif,Sandy,Jul,Oct,Rainfed,6.2,106.1,22.8,74.9,127.5,78.5,60.0
Maize,Kharif,Sandy,Jun,Sep,Irrigated,6.8,108.7,24.2,60.9,157.6,77.1,83.2
Maize,Kharif,Sandy,Jul,Oct,Rainfed,6.2,109.1,26.4,83.5,157.1,66.0,82.1
Maize,Kharif,Sandy,Jun,Sep,Irrigated,5.7,108.8,25.6,81.9,168.4,81.7,85.7
Maize,Kharif,Sandy,Jul,Oct,Rainfed,5.9,108.9,22.4,72.9,178.0,60.5,89.8
Maize,Kharif,Sandy,Jun,Sep,Irrigated,5.5,106.5,25.0,82.5,162.8,86.8,68.3
Maize,Kharif,Sandy,Jul,Oct,Rainfed,6.3,110.0,18.3,60.6,146.6,68.6,65.2
Maize,Kharif,Sandy,Jun,Sep,Irrigated,5.6,108.3,20.8,66.6,158.6,76.6,63.7
Maize,Kharif,Sandy,Jul,Oct,Rainfed,5.9,108.0,20.4,79.2,131.7,76.2,74.6
Maize,Kharif,Sandy,Jun,Sep,Irrigated,6.5,107.5,18.2,73.4,169.0,75.4,76.1
Maize,Kharif,Sandy,Jul,Oct,Rainfed,5.6,105.4,21.1,68.8,167.8,81.3,63.4
Maize,Kharif,Sandy,Jun,Sep,Irrigated,6.5,106.3,24.7,82.8,157.5,78.6,63.2
Maize,Kharif,Sandy,Jul,Oct,Rainfed,6.9,106.4,19.3,77.6,140.9,71.4,79.8
Maize,Kharif,Sandy,Jun,Sep,Irrigated,7.0,106.2,26.1,64.5,142.4,80.2,76.7
Maize,Kharif,Sandy,Jul,Oct,Rainfed,5.7,109.0,21.6,84.0,159.6,88.4,63.6
Maize,Kharif,Sandy,Jun,Sep,Irrigated,6.0,109.0,22.2,70.9,140.3,69.7,69.2
Maize,Kharif,Sandy,Jul,Oct,Rainfed,5.6,107.0,20.2,79.3,163.7,79.1,83.1
Maize,Kharif,Sandy,Jun,Sep,Irrigated,5.5,106.7,22.8,70.7,124.0,87.2,74.5
Maize,Kharif,Sandy,Jul,Oct,Rainfed,6.2,106.8,26.4,75.6,159.9,72.6,75.4
Maize,Kharif,Sandy,Jun,Sep,Irrigated,7.0,107.9,22.2,66.8,121.3,72.8,64.1
Maize,Kharif,Sandy,Jul,Oct,Rainfed,6.0,106.6,21.1,68.5,151.9,81.9,80.6
Maize,Kharif,Sandy,Jun,Sep,Irrigated,6.1,107.5,22.9,81.8,134.5,87.9,69.5
Maize,Kharif,Sandy,Jul,Oct,Rainfed,6.8,107.7,26.8,74.0,158.5,64.7,75.5
Maize,Kharif,Sandy,Jun,Sep,Irrigated,6.1,105.1,23.7,68.5,173.5,78.8,72.7
Maize,Kharif,Sandy,Jul,Oct,Rainfed,6.3,105.8,24.9,63.5,129.4,68.3,66.1
Maize,Kharif,Sandy,Jun,Sep,Irrigated,6.9,109.8,23.4,61.6,175.1,75.2,68.5
Maize,Kharif,Sandy,Jul,Oct,Rainfed,6.4,106.9,21.9,66.3,178.2,80.6,65.5
Maize,Kharif,Sandy,Jun,Sep,Irrigated,6.8,107.0,26.4,81.3,129.6,84.6,69.9
Maize,Kharif,Sandy,Jul,Oct,Rainfed,5.9,109.0,24.8,69.6,134.8,76.2,82.0
Maize,Kharif,Sandy,Jun,Sep,Irrigated,7.0,106.5,18.2,79.9,122.0,81.0,86.2
Maize,Kharif,Sandy,Jul,Oct,Rainfed,6.6,106.4,20.1,74.1,155.4,68.8,87.0
Maize,Kharif,Sandy,Jun,Sep,Irrigated,6.4,106.7,24.7,69.2,168.9,72.9,66.5
Maize,Kharif,Sandy,Jul,Oct,Rainfed,6.6,108.4,19.3,68.9,175.5,63.7,62.0
Maize,Kharif,Sandy,Jun,Sep,Irrigated,6.3,106.9,24.9,62.3,122.6,65.1,73.0
Maize,Kharif,Sandy,Jul,Oct,Rainfed,5.9,107.6,18.7,71.4,125.9,69.3,70.4
Maize,Kharif,Sandy,Jun,Sep,Irrigated,5.9,107.6,18.8,76.8,178.3,64.9,83.1
Maize,Kharif,Sandy,Jul,Oct,Rainfed,6.4,105.3,24.6,71.7,140.5,62.3,76.7
Maize,Kharif,Sandy,Jun,Sep,Irrigated,5.6,108.0,21.4,60.9,163.5,61.4,70.7
Maize,Kharif,Sandy,Jul,Oct,Rainfed,6.0,105.4,23.1,73.8,147.5,74.0,60.1
Maize,Kharif,Sandy,Jun,Sep,Irrigated,6.4,108.0,21.9,70.4,173.4,81.1,64.3
Maize,Kharif,Sandy,Jul,Oct,Rainfed,6.9,108.2,18.3,70.0,148.4,66.1,89.7
Maize,Kharif,Sandy,Jun,Sep,Irrigated,5.8,105.5,21.9,71.1,125.1,86.5,89.9
Maize,Kharif,Sandy,Jul,Oct,Rainfed,6.5,105.6,26.9,68.1,163.4,79.1,68.6
Maize,Kharif,Sandy,Jun,Sep,Irrigated,6.7,108.0,19.7,63.0,139.4,79.6,71.7
Maize,Kharif,Sandy,Jul,Oct,Rainfed,6.4,107.0,22.5,84.3,179.5,76.6,67.9
Maize,Kharif,Sandy,Jun,Sep,Irrigated,6.1,109.8,23.6,67.2,129.2,74.6,72.0
Maize,Kharif,Sandy,Jul,Oct,Rainfed,5.8,105.9,18.4,71.9,126.4,81.5,74.4
Maize,Kharif,Sandy,Jun,Sep,Irrigated,5.9,109.9,21.4,60.4,141.2,84.3,82.5
Maize,Kharif,Sandy,Jul,Oct,Rainfed,6.3,105.4,19.2,60.8,175.6,89.7,66.5
Maize,Kharif,Sandy,Jun,Sep,Irrigated,6.8,105.8,19.8,65.9,171.8,85.5,62.6
Maize,Kharif,Sandy,Jul,Oct,Rainfed,6.9,108.0,25.8,60.2,164.3,70.5,83.5
Maize,Kharif,Sandy,Jun,Sep,Irrigated,5.8,105.1,25.5,75.2,136.7,77.6,70.7
Maize,Kharif,Sandy,Jul,Oct,Rainfed,6.2,107.4,23.7,66.7,151.0,67.9,72.2
Maize,Kharif,Sandy,Jun,Sep,Irrigated,6.3,105.1,20.6,81.5,160.2,74.8,66.2
Maize,Kharif,Sandy,Jul,Oct,Rainfed,5.9,106.2,25.9,70.1,142.7,71.5,78.7
Maize,Kharif,Sandy,Jun,Sep,Irrigated,6.7,107.9,20.6,62.3,126.0,87.5,73.9
Maize,Kharif,Sandy,Jul,Oct,Rainfed,6.7,106.6,18.1,78.6,166.0,61.8,63.6
Maize,Kharif,Sandy,Jun,Sep,Irrigated,7.0,109.3,22.2,65.5,177.8,72.4,66.7
Maize,Kharif,Sandy,Jul,Oct,Rainfed,5.8,109.5,21.9,77.0,147.9,64.1,86.1
Maize,Kharif,Sandy,Jun,Sep,Irrigated,5.7,109.7,22.7,69.4,161.3,84.4,80.5
Maize,Kharif,Sandy,Jul,Oct,Rainfed,6.7,106.3,23.4,69.6,150.1,70.5,88.8
Maize,Kharif,Sandy,Jun,Sep,Irrigated,6.1,108.3,23.3,64.9,126.9,84.1,71.1
Maize,Kharif,Sandy,Jul,Oct,Rainfed,6.7,105.6,22.1,61.7,128.6,69.2,89.7
Maize,Kharif,Sandy,Jun,Sep,Irrigated,5.9,108.5,23.1,75.1,144.9,61.3,88.4
Maize,Kharif,Sandy,Jul,Oct,Rainfed,6.6,105.6,20.2,63.2,167.4,89.1,86.3
Maize,Kharif,Sandy,Jun,Sep,Irrigated,6.8,108.4,21.3,73.8,156.3,75.7,79.5
Maize,Kharif,Sandy,Jul,Oct,Rainfed,6.2,107.8,25.3,82.0,135.5,61.5,73.6
Maize,Kharif,Sandy,Jun,Sep,Irrigated,7.0,107.1,24.6,72.4,122.9,88.1,67.1
Maize,Kharif,Sandy,Jul,Oct,Rainfed,5.9,108.3,23.8,60.9,176.0,78.0,80.9
Maize,Kharif,Sandy,Jun,Sep,Irrigated,5.5,107.6,23.3,80.4,171.2,67.0,65.2
Maize,Kharif,Sandy,Jul,Oct,Rainfed,5.9,108.7,19.3,63.5,140.2,64.6,62.7
Maize,Kharif,Sandy,Jun,Sep,Irrigated,6.2,106.7,18.5,67.5,152.4,80.9,67.8
Maize,Kharif,Sandy,Jul,Oct,Rainfed,6.4,105.1,25.0,62.8,158.7,67.3,61.9
Maize,Kharif,Sandy,Jun,Sep,Irrigated,5.9,107.2,18.3,71.6,142.3,87.8,71.3
Maize,Kharif,Sandy,Jul,Oct,Rainfed,6.3,108.9,22.5,70.7,159.5,71.8,82.0
Maize,Kharif,Sandy,Jun,Sep,Irrigated,6.0,105.1,25.8,81.4,130.9,70.5,89.9
Maize,Kharif,Sandy,Jul,Oct,Rainfed,6.6,108.0,22.1,78.3,136.1,66.7,89.0
Maize,Kharif,Sandy,Jun,Sep,Irrigated,5.9,105.9,22.4,60.6,158.4,71.2,61.8
Maize,Kharif,Sandy,Jul,Oct,Rainfed,6.3,109.1,21.1,69.6,178.1,69.6,70.4
Maize,Kharif,Sandy,Jun,Sep,Irrigated,5.7,109.0,18.2,78.0,132.6,62.0,64.9
Maize,Kharif,Sandy,Jul,Oct,Rainfed,6.7,106.3,23.5,84.8,149.8,62.6,83.8
Maize,Kharif,Sandy,Jun,Sep,Irrigated,6.5,107.2,21.4,78.8,131.3,87.8,63.4
Maize,Kharif,Sandy,Jul,Oct,Rainfed,5.7,109.1,20.9,78.7,141.1,66.9,69.3
Maize,Kharif,Sandy,Jun,Sep,Irrigated,6.2,109.8,21.0,64.2,132.3,81.2,71.7
Maize,Kharif,Sandy,Jul,Oct,Rainfed,6.1,108.1,19.9,67.4,155.3,87.3,67.5
Maize,Kharif,Sandy,Jun,Sep,Irrigated,6.4,107.1,26.4,84.8,147.3,62.7,76.8
Maize,Kharif,Sandy,Jul,Oct,Rainfed,6.5,107.2,24.7,61.2,148.7,85.2,87.7
Maize,Kharif,Sandy,Jun,Sep,Irrigated,6.2,109.7,24.5,84.7,169.3,72.8,74.0
Maize,Kharif,Sandy,Jul,Oct,Rainfed,6.3,108.6,24.8,77.4,135.6,81.0,79.5
Maize,Kharif,Sandy,Jun,Sep,Irrigated,5.8,107.1,20.5,72.1,134.9,78.0,83.6
Maize,Kharif,Sandy,Jul,Oct,Rainfed,6.0,106.9,26.9,71.1,168.1,78.3,71.6
Maize,Kharif,Sandy,Jun,Sep,Irrigated,7.0,105.6,23.7,83.2,175.2,68.1,80.3
Maize,Kharif,Sandy,Jul,Oct,Rainfed,6.3,105.2,22.0,66.7,164.6,79.1,67.7
Maize,Kharif,Sandy,Jun,Sep,Irrigated,7.0,105.7,25.2,75.8,128.0,68.0,74.6
Maize,Kharif,Sandy,Jul,Oct,Rainfed,7.0,109.0,20.0,60.8,126.3,62.7,60.2
Maize,Kharif,Sandy,Jun,Sep,Irrigated,6.7,109.7,26.4,72.4,146.2,66.8,87.5
Maize,Kharif,Sandy,Jul,Oct,Rainfed,6.6,108.8,25.0,63.5,174.1,64.5,89.1
Maize,Kharif,Sandy,Jun,Sep,Irrigated,6.9,109.5,18.4,80.5,126.5,72.8,85.4
Maize,Kharif,Sandy,Jul,Oct,Rainfed,6.2,109.0,23.1,75.0,171.2,65.8,69.9
Maize,Kharif,Sandy,Jun,Sep,Irrigated,6.0,105.2,26.8,64.2,171.1,86.0,66.3
Maize,Kharif,Sandy,Jul,Oct,Rainfed,5.7,109.5,18.9,68.0,121.8,66.2,70.5
Maize,Kharif,Sandy,Jun,Sep,Irrigated,6.1,105.4,25.5,83.8,122.6,60.3,71.0
Maize,Kharif,Sandy,Jul,Oct,Rainfed,5.8,109.2,19.1,80.9,170.7,88.9,62.2
Maize,Kharif,Sandy,Jun,Sep,Irrigated,6.5,105.2,22.5,80.9,159.3,61.2,69.2
Maize,Kharif,Sandy,Jul,Oct,Rainfed,6.7,105.6,18.9,71.5,154.5,83.2,70.7
Maize,Kharif,Sandy,Jun,Sep,Irrigated,5.6,106.8,25.4,70.5,166.2,76.8,73.0
Maize,Kharif,Sandy,Jul,Oct,Rainfed,5.7,108.9,22.2,74.2,135.8,67.6,77.9
Maize,Kharif,Sandy,Jun,Sep,Irrigated,5.8,107.1,21.4,73.6,148.9,65.7,64.2
Maize,Kharif,Sandy,Jul,Oct,Rainfed,6.2,105.6,26.0,73.8,138.7,84.8,86.3
Maize,Kharif,Sandy,Jun,Sep,Irrigated,6.6,108.8,26.7,83.5,145.1,81.5,86.1
Maize,Kharif,Sandy,Jul,Oct,Rainfed,5.6,105.4,24.9,72.1,131.2,67.6,78.9
Maize,Kharif,Sandy,Jun,Sep,Irrigated,6.3,109.2,25.8,82.5,126.9,80.4,88.6
Maize,Kharif,Sandy,Jul,Oct,Rainfed,6.3,106.6,21.7,67.2,143.8,65.7,77.7
Maize,Kharif,Sandy,Jun,Sep,Irrigated,6.9,105.9,22.8,65.5,157.7,71.9,79.7
Maize,Kharif,Sandy,Jul,Oct,Rainfed,6.2,109.3,24.2,61.3,169.6,67.6,86.3
Maize,Kharif,Sandy,Jun,Sep,Irrigated,6.3,108.9,18.3,70.7,178.0,75.6,74.9
Maize,Kharif,Sandy,Jul,Oct,Rainfed,6.8,109.1,25.9,80.6,138.4,72.0,70.5
Maize,Kharif,Sandy,Jun,Sep,Irrigated,6.2,109.6,23.7,67.1,149.7,76.8,61.1
Maize,Kharif,Sandy,Jul,Oct,Rainfed,5.8,105.7,23.4,69.5,136.4,79.2,78.4
Maize,Kharif,Sandy,Jun,Sep,Irrigated,6.1,109.4,26.6,65.9,120.9,62.0,73.9
Maize,Kharif,Sandy,Jul,Oct,Rainfed,6.8,109.5,22.7,77.2,174.6,67.5,67.3
Maize,Kharif,Sandy,Jun,Sep,Irrigated,6.9,105.9,25.9,73.8,124.8,76.6,83.4
Maize,Kharif,Sandy,Jul,Oct,Rainfed,5.9,106.7,18.4,73.6,161.7,84.3,67.1
Maize,Kharif,Sandy,Jun,Sep,Irrigated,6.8,105.4,23.4,81.6,172.2,87.3,60.6
Maize,Kharif,Sandy,Jul,Oct,Rainfed,7.0,106.3,24.4,69.5,122.9,67.1,89.0
Maize,Kharif,Sandy,Jun,Sep,Irrigated,6.7,109.0,22.8,73.6,133.1,63.7,85.0
Maize,Kharif,Sandy,Jul,Oct,Rainfed,6.1,108.7,26.4,80.2,153.4,69.7,76.9
Maize,Kharif,Sandy,Jun,Sep,Irrigated,5.8,106.8,20.1,74.2,135.7,81.8,89.3
Maize,Kharif,Sandy,Jul,Oct,Rainfed,6.8,108.0,19.3,71.5,178.9,67.3,66.9
Maize,Kharif,Sandy,Jun,Sep,Irrigated,7.0,106.7,27.0,84.4,170.8,66.8,79.9
Maize,Kharif,Sandy,Jul,Oct,Rainfed,6.3,106.5,25.4,64.6,140.1,82.2,88.6
Maize,Kharif,Sandy,Jun,Sep,Irrigated,6.5,109.3,20.5,82.3,166.6,75.6,82.6
Maize,Kharif,Sandy,Jul,Oct,Rainfed,6.9,105.9,26.1,69.2,153.6,87.1,75.6
Maize,Kharif,Sandy,Jun,Sep,Irrigated,7.0,106.4,25.2,60.7,158.6,86.4,83.0
Maize,Kharif,Sandy,Jul,Oct,Rainfed,5.8,109.2,18.8,70.9,151.4,83.7,79.5
Maize,Kharif,Sandy,Jun,Sep,Irrigated,5.9,108.8,21.5,83.2,161.6,73.7,88.0
Maize,Kharif,Sandy,Jul,Oct,Rainfed,6.3,108.4,22.4,73.3,144.8,85.0,77.5
Maize,Kharif,Sandy,Jun,Sep,Irrigated,6.6,106.9,23.6,71.2,124.9,70.6,61.4
Maize,Kharif,Sandy,Jul,Oct,Rainfed,6.3,106.7,24.8,80.6,152.6,71.0,87.6
Maize,Kharif,Sandy,Jun,Sep,Irrigated,5.9,110.0,23.8,81.8,163.9,74.9,81.1
Maize,Kharif,Sandy,Jul,Oct,Rainfed,5.9,108.3,26.9,83.9,175.8,71.1,84.3
Maize,Kharif,Sandy,Jun,Sep,Irrigated,6.7,108.3,23.7,78.9,176.3,74.4,66.8
Maize,Kharif,Sandy,Jul,Oct,Rainfed,6.1,105.2,20.4,67.7,130.8,61.4,65.8
Maize,Kharif,Sandy,Jun,Sep,Irrigated,6.2,107.7,20.5,64.8,132.5,60.7,66.0
Maize,Kharif,Sandy,Jul,Oct,Rainfed,5.5,105.1,19.0,83.0,178.8,86.4,77.1
Maize,Kharif,Sandy,Jun,Sep,Irrigated,6.5,105.6,18.2,65.6,136.4,66.4,63.6
Maize,Kharif,Sandy,Jul,Oct,Rainfed,6.6,109.0,24.5,76.1,174.5,74.9,86.4
Maize,Kharif,Sandy,Jun,Sep,Irrigated,6.8,106.3,18.5,81.1,174.3,62.7,87.3
Maize,Kharif,Sandy,Jul,Oct,Rainfed,6.5,105.4,22.3,68.2,178.7,71.4,77.5
Maize,Kharif,Sandy,Jun,Sep,Irrigated,6.1,105.3,25.3,79.2,163.1,74.9,83.1
Maize,Kharif,Sandy,Jul,Oct,Rainfed,6.4,107.9,23.2,67.2,125.7,88.8,72.2
Maize,Kharif,Sandy,Jun,Sep,Irrigated,6.2,105.9,25.0,80.7,128.7,71.4,62.4
Maize,Kharif,Sandy,Jul,Oct,Rainfed,5.6,107.2,24.0,69.1,141.0,66.6,89.8
Maize,Kharif,Sandy,Jun,Sep,Irrigated,6.9,109.1,21.7,73.1,158.5,67.2,68.1
Maize,Kharif,Sandy,Jul,Oct,Rainfed,5.6,108.9,22.2,62.1,180.0,65.4,75.4
Maize,Kharif,Sandy,Jun,Sep,Irrigated,7.0,106.1,19.9,68.3,142.1,75.9,87.1
Maize,Kharif,Sandy,Jul,Oct,Rainfed,5.7,109.9,23.0,72.7,133.0,87.1,86.3
Maize,Kharif,Sandy,Jun,Sep,Irrigated,6.7,108.5,20.0,70.8,142.7,78.2,70.0
Maize,Kharif,Sandy,Jul,Oct,Rainfed,5.7,105.4,24.5,72.9,145.6,66.9,80.2
Maize,Kharif,Sandy,Jun,Sep,Irrigated,7.0,108.1,19.0,61.1,163.6,76.1,69.7
Maize,Kharif,Sandy,Jul,Oct,Rainfed,6.9,108.0,21.0,65.4,178.1,77.0,84.7
Maize,Kharif,Sandy,Jun,Sep,Irrigated,6.1,109.6,19.3,74.3,145.7,75.7,73.5
Maize,Kharif,Sandy,Jul,Oct,Rainfed,6.9,108.5,20.6,78.1,137.4,85.0,72.6
Maize,Kharif,Sandy,Jun,Sep,Irrigated,5.9,107.3,19.7,65.0,141.8,89.3,81.4
Maize,Kharif,Sandy,Jul,Oct,Rainfed,6.6,109.7,21.8,69.7,123.9,85.6,84.1
Maize,Kharif,Sandy,Jun,Sep,Irrigated,6.2,105.5,20.8,84.8,162.1,73.5,68.6
Maize,Kharif,Sandy,Jul,Oct,Rainfed,5.7,108.7,22.0,83.2,120.9,89.3,83.1
Maize,Kharif,Sandy,Jun,Sep,Irrigated,5.7,106.1,18.2,68.1,158.8,85.5,74.7
Maize,Kharif,Sandy,Jul,Oct,Rainfed,5.7,105.5,25.3,71.6,142.6,69.3,60.2
Maize,Kharif,Sandy,Jun,Sep,Irrigated,5.6,109.4,20.9,78.4,126.4,88.5,79.3
Maize,Kharif,Sandy,Jul,Oct,Rainfed,6.5,106.6,24.9,69.3,126.0,77.7,74.4
Maize,Kharif,Sandy,Jun,Sep,Irrigated,6.7,109.4,21.9,72.1,162.7,68.3,77.4
Maize,Kharif,Sandy,Jul,Oct,Rainfed,6.8,107.9,24.7,63.1,143.3,65.3,77.9
Maize,Kharif,Sandy,Jun,Sep,Irrigated,6.1,105.3,18.5,80.4,133.7,77.7,84.7
Maize,Kharif,Sandy,Jul,Oct,Rainfed,5.6,109.1,22.6,71.2,133.6,89.2,83.7
Maize,Kharif,Sandy,Jun,Sep,Irrigated,7.0,109.1,22.0,71.1,146.7,61.2,75.7
Maize,Kharif,Sandy,Jul,Oct,Rainfed,6.9,105.9,25.3,84.3,165.0,86.7,67.3
Maize,Kharif,Sandy,Jun,Sep,Irrigated,5.9,107.2,25.7,65.9,168.7,73.9,63.8
Maize,Kharif,Sandy,Jul,Oct,Rainfed,6.1,106.7,26.9,81.7,136.9,69.6,74.9
Maize,Kharif,Sandy,Jun,Sep,Irrigated,6.5,107.8,23.9,78.7,156.0,65.2,82.7
Maize,Kharif,Sandy,Jul,Oct,Rainfed,6.4,107.5,24.3,69.2,149.1,89.7,88.6
Maize,Kharif,Sandy,Jun,Sep,Irrigated,6.8,109.3,21.5,70.4,160.6,80.7,74.2
Maize,Kharif,Sandy,Jul,Oct,Rainfed,5.8,110.0,25.3,66.3,176.2,68.7,87.8
Maize,Kharif,Sandy,Jun,Sep,Irrigated,5.9,107.2,22.6,71.1,132.0,65.4,87.0
Maize,Kharif,Sandy,Jul,Oct,Rainfed,6.9,107.7,24.7,79.2,155.4,67.8,89.4
Maize,Kharif,Sandy,Jun,Sep,Irrigated,6.8,105.5,20.8,83.0,175.1,69.0,78.9
Maize,Kharif,Sandy,Jul,Oct,Rainfed,6.5,108.5,19.0,60.5,148.9,78.1,73.5
Maize,Kharif,Sandy,Jun,Sep,Irrigated,6.7,106.6,24.4,68.4,155.4,60.5,67.4
Maize,Kharif,Sandy,Jul,Oct,Rainfed,5.9,109.1,18.6,62.4,166.4,65.8,64.5
Maize,Kharif,Sandy,Jun,Sep,Irrigated,5.6,107.1,25.4,62.5,157.2,62.6,82.1
Maize,Kharif,Sandy,Jul,Oct,Rainfed,5.7,106.9,22.4,82.4,138.0,77.4,82.9
Maize,Kharif,Sandy,Jun,Sep,Irrigated,6.9,109.5,22.0,60.5,121.6,73.7,77.4
Maize,Kharif,Sandy,Jul,Oct,Rainfed,5.6,105.2,22.2,67.7,176.9,65.6,68.8
Maize,Kharif,Sandy,Jun,Sep,Irrigated,6.8,107.2,21.2,74.6,157.0,65.4,82.6
Maize,Kharif,Sandy,Jul,Oct,Rainfed,5.7,105.0,21.3,79.7,175.2,87.2,83.0
Maize,Kharif,Sandy,Jun,Sep,Irrigated,6.1,107.0,18.4,62.2,124.4,66.3,86.3
Maize,Kharif,Sandy,Jul,Oct,Rainfed,6.6,108.6,24.5,71.0,170.2,74.5,75.8
Maize,Kharif,Sandy,Jun,Sep,Irrigated,6.5,109.6,24.3,75.5,120.1,80.7,67.8
Maize,Kharif,Sandy,Jul,Oct,Rainfed,6.7,109.7,20.6,75.5,121.7,66.3,88.4
Maize,Kharif,Sandy,Jun,Sep,Irrigated,6.4,108.9,25.4,60.8,123.5,86.3,62.2
Maize,Kharif,Sandy,Jul,Oct,Rainfed,6.4,109.0,21.2,72.4,145.3,68.7,77.7
Maize,Kharif,Sandy,Jun,Sep,Irrigated,5.5,107.4,22.3,71.4,143.8,67.9,69.9
Maize,Kharif,Sandy,Jul,Oct,Rainfed,5.6,105.5,23.9,82.8,176.8,89.3,63.8
Maize,Kharif,Sandy,Jun,Sep,Irrigated,5.9,110.0,22.3,68.4,129.1,82.2,76.0
Maize,Kharif,Sandy,Jul,Oct,Rainfed,6.3,108.9,22.8,75.6,129.6,71.4,61.4
Maize,Kharif,Sandy,Jun,Sep,Irrigated,5.5,105.2,26.1,82.4,122.7,75.0,70.8
Maize,Kharif,Sandy,Jul,Oct,Rainfed,6.6,109.0,23.2,64.7,178.8,81.2,78.0
Maize,Kharif,Sandy,Jun,Sep,Irrigated,5.8,106.3,19.9,83.0,144.1,67.9,79.2
Maize,Kharif,Sandy,Jul,Oct,Rainfed,5.9,105.9,21.5,78.1,131.5,74.7,78.6
Maize,Kharif,Sandy,Jun,Sep,Irrigated,7.0,109.3,20.5,67.0,153.5,86.5,79.0
Maize,Kharif,Sandy,Jul,Oct,Rainfed,5.9,106.7,21.0,72.0,166.1,85.9,89.4
Maize,Kharif,Sandy,Jun,Sep,Irrigated,5.6,105.5,23.8,78.7,142.7,73.1,77.2
Maize,Kharif,Sandy,Jul,Oct,Rainfed,6.7,105.7,22.6,68.3,138.5,67.3,83.1
Maize,Kharif,Sandy,Jun,Sep,Irrigated,7.0,107.3,26.6,60.4,125.8,89.2,87.5
Maize,Kharif,Sandy,Jul,Oct,Rainfed,5.9,109.5,25.2,73.5,140.2,66.6,72.7
Maize,Kharif,Sandy,Jun,Sep,Irrigated,6.0,108.1,24.2,62.7,135.2,78.5,66.3
Maize,Kharif,Sandy,Jul,Oct,Rainfed,6.0,107.5,25.2,62.6,138.4,62.1,81.5
Maize,Kharif,Sandy,Jun,Sep,Irrigated,6.5,106.1,21.5,62.7,130.2,89.1,67.6
Maize,Kharif,Sandy,Jul,Oct,Rainfed,6.9,108.5,21.3,64.6,150.8,66.9,65.9
Maize,Kharif,Sandy,Jun,Sep,Irrigated,5.9,106.2,25.1,70.0,159.4,62.3,72.3
Maize,Kharif,Sandy,Jul,Oct,Rainfed,5.5,107.5,20.6,67.5,172.0,61.1,86.8
Maize,Kharif,Sandy,Jun,Sep,Irrigated,5.8,107.2,20.2,80.9,128.0,65.0,62.3
Maize,Kharif,Sandy,Jul,Oct,Rainfed,6.1,109.8,22.9,66.0,178.1,75.4,60.5
Maize,Kharif,Sandy,Jun,Sep,Irrigated,7.0,106.4,18.5,62.7,123.1,79.8,61.3
Maize,Kharif,Sandy,Jul,Oct,Rainfed,6.9,105.6,21.0,71.7,135.2,87.0,85.3
Maize,Kharif,Sandy,Jun,Sep,Irrigated,6.6,105.2,25.7,80.1,156.4,88.0,87.2
Maize,Kharif,Sandy,Jul,Oct,Rainfed,6.0,107.0,21.8,81.5,169.3,81.0,80.3
Maize,Kharif,Sandy,Jun,Sep,Irrigated,6.2,106.2,21.4,77.9,172.9,72.2,66.4
Maize,Kharif,Sandy,Jul,Oct,Rainfed,5.5,108.4,19.5,79.0,137.4,80.3,85.6
Maize,Kharif,Sandy,Jun,Sep,Irrigated,5.9,107.3,19.5,62.0,132.1,87.0,67.4
Maize,Kharif,Sandy,Jul,Oct,Rainfed,6.4,109.2,25.0,76.4,177.1,77.2,67.3
Maize,Kharif,Sandy,Jun,Sep,Irrigated,5.8,105.6,22.8,80.7,174.7,66.6,89.0
Maize,Kharif,Sandy,Jul,Oct,Rainfed,5.7,109.5,22.9,73.1,160.2,86.2,89.5
Maize,Kharif,Sandy,Jun,Sep,Irrigated,5.7,107.2,22.8,76.1,166.4,72.8,75.8
Maize,Kharif,Sandy,Jul,Oct,Rainfed,6.2,106.8,19.8,80.8,144.8,70.8,72.4
Maize,Kharif,Sandy,Jun,Sep,Irrigated,5.6,108.4,18.8,64.7,163.5,68.3,70.3
Maize,Kharif,Sandy,Jul,Oct,Rainfed,6.5,108.6,20.0,62.0,128.0,87.9,77.7
Maize,Kharif,Sandy,Jun,Sep,Irrigated,6.3,106.9,21.5,65.2,166.0,83.9,82.3
Maize,Kharif,Sandy,Jul,Oct,Rainfed,6.4,109.7,24.4,66.1,155.3,72.5,86.8
Maize,Kharif,Sandy,Jun,Sep,Irrigated,6.5,106.1,23.3,82.1,175.2,67.5,76.4
Maize,Kharif,Sandy,Jul,Oct,Rainfed,6.2,108.2,21.7,76.9,150.3,83.1,85.8
Maize,Kharif,Sandy,Jun,Sep,Irrigated,5.8,109.7,21.8,80.4,150.6,82.6,85.2
Maize,Kharif,Sandy,Jul,Oct,Rainfed,5.6,109.5,20.3,75.3,132.8,73.6,62.0
Maize,Kharif,Sandy,Jun,Sep,Irrigated,6.3,107.4,19.1,72.2,155.9,66.0,62.0
Maize,Kharif,Sandy,Jul,Oct,Rainfed,6.2,110.0,24.8,84.4,146.1,82.3,70.2
Maize,Kharif,Sandy,Jun,Sep,Irrigated,6.8,107.4,26.6,64.7,125.0,65.4,87.8
Maize,Kharif,Sandy,Jul,Oct,Rainfed,7.0,105.5,26.4,77.6,121.2,73.9,67.9
Maize,Kharif,Sandy,Jun,Sep,Irrigated,6.1,109.6,25.6,81.4,135.7,64.9,63.6
Maize,Kharif,Sandy,Jul,Oct,Rainfed,5.6,108.9,19.1,74.1,127.4,74.6,77.4
Maize,Kharif,Sandy,Jun,Sep,Irrigated,6.7,105.4,18.2,63.3,122.9,74.7,71.3
Maize,Kharif,Sandy,Jul,Oct,Rainfed,5.6,105.1,25.3,70.2,179.1,69.6,83.9
Maize,Kharif,Sandy,Jun,Sep,Irrigated,6.1,107.2,24.1,71.7,125.1,83.4,76.9
Maize,Kharif,Sandy,Jul,Oct,Rainfed,6.7,106.6,25.7,84.4,126.5,88.5,63.5
Maize,Kharif,Sandy,Jun,Sep,Irrigated,6.7,105.4,20.1,72.9,142.9,84.9,84.8
Maize,Kharif,Sandy,Jul,Oct,Rainfed,5.6,107.1,25.1,81.8,159.3,86.0,63.6
Maize,Kharif,Sandy,Jun,Sep,Irrigated,6.1,106.7,20.9,75.9,139.4,69.4,67.3
Maize,Kharif,Sandy,Jul,Oct,Rainfed,6.5,108.6,26.8,84.4,163.3,89.6,89.9
Maize,Kharif,Sandy,Jun,Sep,Irrigated,6.8,109.8,26.2,64.7,156.8,87.1,63.2
Maize,Kharif,Sandy,Jul,Oct,Rainfed,6.8,108.2,23.5,71.0,134.4,79.5,89.8
Maize,Kharif,Sandy,Jun,Sep,Irrigated,6.0,107.3,20.6,81.7,149.8,70.3,82.6
Maize,Kharif,Sandy,Jul,Oct,Rainfed,6.1,109.5,20.9,63.3,136.0,65.5,64.0
Maize,Kharif,Sandy,Jun,Sep,Irrigated,6.9,106.7,26.2,84.8,122.6,71.4,86.0
Maize,Kharif,Sandy,Jul,Oct,Rainfed,6.1,105.3,22.1,68.0,139.9,62.9,62.7
Maize,Kharif,Sandy,Jun,Sep,Irrigated,6.4,106.5,25.8,60.9,126.8,88.8,78.6
Maize,Kharif,Sandy,Jul,Oct,Rainfed,6.3,106.4,18.6,67.0,151.5,89.1,84.7
Maize,Kharif,Sandy,Jun,Sep,Irrigated,5.5,109.7,21.8,63.5,167.6,85.3,89.9
Maize,Kharif,Sandy,Jul,Oct,Rainfed,6.8,109.2,19.7,70.6,128.7,72.1,71.6
Maize,Kharif,Sandy,Jun,Sep,Irrigated,6.1,107.8,24.0,64.6,173.4,62.2,67.6
Maize,Kharif,Sandy,Jul,Oct,Rainfed,5.6,105.8,24.7,84.6,168.9,81.3,67.2
Maize,Kharif,Sandy,Jun,Sep,Irrigated,6.0,107.5,22.2,69.0,154.4,62.3,86.5
Maize,Kharif,Sandy,Jul,Oct,Rainfed,6.8,106.4,18.9,77.7,132.5,62.1,73.7
Maize,Kharif,Sandy,Jun,Sep,Irrigated,5.7,105.2,24.7,71.1,169.5,72.9,81.4
Maize,Kharif,Sandy,Jul,Oct,Rainfed,6.5,107.6,20.5,79.8,144.9,65.1,75.7
Maize,Kharif,Sandy,Jun,Sep,Irrigated,6.7,105.6,21.4,67.2,150.3,76.9,65.2
Maize,Kharif,Sandy,Jul,Oct,Rainfed,6.0,109.1,23.7,83.8,129.5,85.2,77.5
Maize,Kharif,Sandy,Jun,Sep,Irrigated,5.8,105.5,22.5,65.4,140.9,70.1,72.2
Maize,Kharif,Sandy,Jul,Oct,Rainfed,5.9,107.3,20.9,63.8,158.6,65.9,74.7
Maize,Kharif,Sandy,Jun,Sep,Irrigated,6.3,106.8,19.8,61.0,133.7,85.0,71.8
Maize,Kharif,Sandy,Jul,Oct,Rainfed,5.7,108.2,26.9,65.1,161.0,62.4,67.5
Maize,Kharif,Sandy,Jun,Sep,Irrigated,5.6,105.5,19.2,74.4,158.4,67.5,64.4
Maize,Kharif,Sandy,Jul,Oct,Rainfed,6.1,106.3,22.2,77.7,139.8,67.7,62.4
Maize,Kharif,Sandy,Jun,Sep,Irrigated,5.7,109.2,26.2,62.6,171.7,64.2,70.7
Maize,Kharif,Sandy,Jul,Oct,Rainfed,5.8,109.0,24.2,81.8,159.3,68.9,82.8
Maize,Kharif,Sandy,Jun,Sep,Irrigated,5.9,108.4,25.4,70.7,122.0,67.0,88.1
Maize,Kharif,Sandy,Jul,Oct,Rainfed,6.4,108.6,23.2,78.1,180.0,76.1,82.0
Maize,Kharif,Sandy,Jun,Sep,Irrigated,5.9,108.0,25.9,67.2,139.2,65.7,60.0
Maize,Kharif,Sandy,Jul,Oct,Rainfed,6.1,106.5,20.4,70.7,128.8,87.3,73.8
Maize,Kharif,Sandy,Jun,Sep,Irrigated,6.9,105.9,23.8,82.9,151.3,81.1,62.8
Maize,Kharif,Sandy,Jul,Oct,Rainfed,6.7,108.7,20.2,67.5,178.8,64.3,84.4
Maize,Kharif,Sandy,Jun,Sep,Irrigated,6.9,105.3,21.6,77.4,177.2,88.9,71.3
Maize,Kharif,Sandy,Jul,Oct,Rainfed,7.0,109.5,24.5,60.2,141.1,78.0,80.7
Maize,Kharif,Sandy,Jun,Sep,Irrigated,5.7,107.3,24.8,70.2,146.6,77.5,74.9
Maize,Kharif,Sandy,Jul,Oct,Rainfed,5.5,109.4,18.8,68.5,177.6,71.9,89.6
Maize,Kharif,Sandy,Jun,Sep,Irrigated,6.1,106.2,20.0,77.1,142.1,71.2,76.4
Maize,Kharif,Sandy,Jul,Oct,Rainfed,6.0,107.3,24.3,77.5,134.3,88.1,77.6
Maize,Kharif,Sandy,Jun,Sep,Irrigated,5.7,109.5,23.5,71.7,177.7,68.6,78.5
Maize,Kharif,Sandy,Jul,Oct,Rainfed,5.8,107.2,22.0,64.3,164.5,70.2,82.6
Maize,Kharif,Sandy,Jun,Sep,Irrigated,5.7,109.2,25.9,69.8,171.9,61.6,72.4
Maize,Kharif,Sandy,Jul,Oct,Rainfed,6.2,109.4,26.0,70.8,173.9,83.4,71.9
Maize,Kharif,Sandy,Jun,Sep,Irrigated,6.8,106.1,20.4,60.5,149.4,82.7,84.7
Maize,Kharif,Sandy,Jul,Oct,Rainfed,6.5,110.0,19.4,68.2,173.1,78.3,74.4
Maize,Kharif,Sandy,Jun,Sep,Irrigated,6.7,108.2,22.3,67.4,163.2,84.5,88.1
Maize,Kharif,Sandy,Jul,Oct,Rainfed,6.3,105.0,18.8,71.7,161.4,74.2,86.0
Maize,Kharif,Sandy,Jun,Sep,Irrigated,5.8,109.6,19.2,84.6,159.1,63.1,74.5
Maize,Kharif,Sandy,Jul,Oct,Rainfed,6.8,107.2,21.5,81.5,136.2,72.7,85.9
Maize,Kharif,Sandy,Jun,Sep,Irrigated,7.0,107.0,18.2,76.9,164.6,78.6,82.1
Maize,Kharif,Sandy,Jul,Oct,Rainfed,6.1,108.8,19.7,62.6,129.4,88.3,86.0
Maize,Kharif,Sandy,Jun,Sep,Irrigated,5.7,108.9,19.5,71.5,164.2,66.3,88.8
Maize,Kharif,Sandy,Jul,Oct,Rainfed,7.0,108.8,24.2,66.3,139.8,83.9,86.5
Maize,Kharif,Sandy,Jun,Sep,Irrigated,6.5,107.4,20.4,79.0,161.3,88.1,80.0
Maize,Kharif,Sandy,Jul,Oct,Rainfed,6.2,108.7,18.3,69.9,158.9,71.5,68.0
Maize,Kharif,Sandy,Jun,Sep,Irrigated,6.0,109.6,19.7,66.5,162.3,88.9,71.8
Maize,Kharif,Sandy,Jul,Oct,Rainfed,6.9,107.8,24.7,69.8,160.4,69.7,80.6
Maize,Kharif,Sandy,Jun,Sep,Irrigated,6.0,108.3,19.5,84.6,179.0,76.0,83.3
Maize,Kharif,Sandy,Jul,Oct,Rainfed,6.6,108.9,22.6,84.2,151.1,78.9,71.2
Maize,Kharif,Sandy,Jun,Sep,Irrigated,6.1,108.2,25.2,63.5,153.4,76.2,88.0
Maize,Kharif,Sandy,Jul,Oct,Rainfed,5.8,107.7,20.4,80.7,158.3,61.2,75.5
Maize,Kharif,Sandy,Jun,Sep,Irrigated,7.0,108.1,22.9,82.6,125.5,80.6,77.8
Maize,Kharif,Sandy,Jul,Oct,Rainfed,6.2,108.7,20.1,80.1,160.2,64.8,85.4
Maize,Kharif,Sandy,Jun,Sep,Irrigated,5.9,105.1,22.5,79.1,149.8,69.3,72.7
Maize,Kharif,Sandy,Jul,Oct,Rainfed,5.9,106.1,19.2,82.9,127.6,63.6,87.7
Maize,Kharif,Sandy,Jun,Sep,Irrigated,6.7,108.2,26.9,60.4,154.3,74.0,65.7
Maize,Kharif,Sandy,Jul,Oct,Rainfed,6.4,105.6,22.0,81.6,152.5,61.4,79.2
Maize,Kharif,Sandy,Jun,Sep,Irrigated,6.6,107.5,20.5,68.2,165.2,73.1,67.3
Maize,Kharif,Sandy,Jul,Oct,Rainfed,6.7,108.4,18.6,80.3,172.2,79.2,83.6
Maize,Kharif,Sandy,Jun,Sep,Irrigated,6.8,108.6,18.3,83.0,172.9,61.1,62.2
Maize,Kharif,Sandy,Jul,Oct,Rainfed,6.4,105.7,25.8,60.6,138.2,71.9,60.5
Maize,Kharif,Sandy,Jun,Sep,Irrigated,6.9,105.9,22.7,79.1,122.0,71.9,85.5
Maize,Kharif,Sandy,Jul,Oct,Rainfed,6.9,108.4,18.4,67.3,151.3,79.7,70.9
Maize,Kharif,Sandy,Jun,Sep,Irrigated,6.9,106.1,20.0,63.1,130.8,82.4,81.5
Maize,Kharif,Sandy,Jul,Oct,Rainfed,6.5,105.0,19.2,60.1,132.3,65.5,67.8
Maize,Kharif,Sandy,Jun,Sep,Irrigated,5.6,109.8,22.4,69.9,135.8,76.8,60.5
Maize,Kharif,Sandy,Jul,Oct,Rainfed,6.2,108.7,18.2,65.5,163.5,86.1,67.7
Maize,Kharif,Sandy,Jun,Sep,Irrigated,6.7,108.4,21.3,71.9,124.8,86.2,64.9
Maize,Kharif,Sandy,Jul,Oct,Rainfed,5.9,106.0,24.6,83.4,174.8,85.6,63.0
Maize,Kharif,Sandy,Jun,Sep,Irrigated,6.3,106.8,22.1,70.4,153.1,84.7,82.1
Maize,Kharif,Sandy,Jul,Oct,Rainfed,6.5,105.3,23.9,64.3,143.0,89.1,83.5
Maize,Kharif,Sandy,Jun,Sep,Irrigated,6.9,106.1,24.6,73.2,127.5,83.2,65.6
Maize,Kharif,Sandy,Jul,Oct,Rainfed,6.5,108.8,22.9,72.5,154.9,86.3,65.0
Maize,Kharif,Sandy,Jun,Sep,Irrigated,5.9,109.9,19.8,64.0,144.5,76.8,63.8
Maize,Kharif,Sandy,Jul,Oct,Rainfed,6.1,107.0,19.5,68.2,174.4,83.3,78.2
Maize,Kharif,Sandy,Jun,Sep,Irrigated,6.7,107.8,25.8,71.6,179.8,81.2,76.9
Maize,Kharif,Sandy,Jul,Oct,Rainfed,5.6,105.4,18.7,65.5,139.4,78.2,67.7
Maize,Kharif,Sandy,Jun,Sep,Irrigated,6.5,105.3,19.5,80.6,140.7,69.8,83.3
Maize,Kharif,Sandy,Jul,Oct,Rainfed,5.8,107.2,20.9,71.6,156.0,74.8,67.5
Maize,Kharif,Sandy,Jun,Sep,Irrigated,6.9,109.9,25.5,80.7,131.8,62.5,62.0
Maize,Kharif,Sandy,Jul,Oct,Rainfed,5.7,105.1,20.4,82.8,126.1,79.7,73.0
Maize,Kharif,Sandy,Jun,Sep,Irrigated,5.9,107.8,20.3,65.5,155.3,70.0,70.2
Maize,Kharif,Sandy,Jul,Oct,Rainfed,6.3,109.5,19.7,66.0,123.8,71.7,72.8
Maize,Kharif,Sandy,Jun,Sep,Irrigated,6.0,107.8,22.5,74.4,179.8,68.6,80.9
Maize,Kharif,Sandy,Jul,Oct,Rainfed,5.5,105.5,23.9,82.6,129.6,86.2,80.1
Maize,Kharif,Sandy,Jun,Sep,Irrigated,6.1,107.5,18.3,76.6,149.3,60.2,87.9
Maize,Kharif,Sandy,Jul,Oct,Rainfed,5.9,105.9,19.8,81.6,141.9,85.8,81.7
Maize,Kharif,Sandy,Jun,Sep,Irrigated,6.6,105.6,24.1,75.1,168.8,68.8,81.2
Maize,Kharif,Sandy,Jul,Oct,Rainfed,5.6,108.8,19.3,84.5,120.0,63.5,63.4
Maize,Kharif,Sandy,Jun,Sep,Irrigated,5.9,107.0,26.4,85.0,176.9,87.0,64.2
Maize,Kharif,Sandy,Jul,Oct,Rainfed,6.6,105.6,25.0,83.2,167.3,65.7,64.7
Maize,Kharif,Sandy,Jun,Sep,Irrigated,6.1,107.9,19.3,60.0,129.4,63.7,77.7
Maize,Kharif,Sandy,Jul,Oct,Rainfed,5.8,105.6,22.9,69.9,158.6,61.7,63.3
Maize,Kharif,Sandy,Jun,Sep,Irrigated,6.1,108.5,20.1,79.0,140.7,82.2,86.8
Maize,Kharif,Sandy,Jul,Oct,Rainfed,7.0,105.8,19.9,74.9,177.9,68.7,80.5
Maize,Kharif,Sandy,Jun,Sep,Irrigated,5.7,105.2,18.8,84.6,145.1,66.8,60.5
Maize,Kharif,Sandy,Jul,Oct,Rainfed,5.8,106.5,24.0,68.7,151.8,79.7,60.1
Maize,Kharif,Sandy,Jun,Sep,Irrigated,6.4,107.1,19.0,60.4,123.6,62.6,63.8
Maize,Kharif,Sandy,Jul,Oct,Rainfed,6.6,108.4,21.1,66.9,123.8,64.4,64.2
Maize,Kharif,Sandy,Jun,Sep,Irrigated,6.8,108.2,22.3,63.1,144.5,71.0,87.9
Maize,Kharif,Sandy,Jul,Oct,Rainfed,5.8,106.2,26.7,72.0,179.1,77.0,69.5
Maize,Kharif,Sandy,Jun,Sep,Irrigated,6.6,108.6,23.6,70.9,142.2,78.9,61.9
Maize,Kharif,Sandy,Jul,Oct,Rainfed,5.9,108.2,25.9,63.8,126.7,61.5,64.1
Maize,Kharif,Sandy,Jun,Sep,Irrigated,6.5,108.7,18.5,61.8,159.9,76.1,71.1
Maize,Kharif,Sandy,Jul,Oct,Rainfed,6.1,105.9,18.9,83.9,148.8,78.7,79.0
Maize,Kharif,Sandy,Jun,Sep,Irrigated,6.8,107.7,19.8,62.4,133.9,60.0,65.2
Maize,Kharif,Sandy,Jul,Oct,Rainfed,6.6,108.3,26.3,71.0,178.6,80.7,85.1
Maize,Kharif,Sandy,Jun,Sep,Irrigated,6.2,106.1,26.2,64.4,143.9,66.3,81.8
Maize,Kharif,Sandy,Jul,Oct,Rainfed,5.9,108.9,26.5,63.8,142.5,81.9,68.0
Maize,Kharif,Sandy,Jun,Sep,Irrigated,6.0,109.5,18.6,75.7,141.6,86.9,72.2
Maize,Kharif,Sandy,Jul,Oct,Rainfed,6.9,105.8,23.2,73.5,178.5,74.9,83.2
Maize,Kharif,Sandy,Jun,Sep,Irrigated,6.2,109.7,21.8,74.4,157.3,81.0,64.1
Maize,Kharif,Sandy,Jul,Oct,Rainfed,5.9,109.2,25.0,68.3,136.7,70.5,70.5
Maize,Kharif,Sandy,Jun,Sep,Irrigated,6.4,109.5,20.9,80.3,141.1,88.2,89.5
Maize,Kharif,Sandy,Jul,Oct,Rainfed,5.8,109.8,25.8,64.3,147.5,79.2,73.8
Maize,Kharif,Sandy,Jun,Sep,Irrigated,6.4,107.5,19.9,81.8,165.8,89.1,63.4
Maize,Kharif,Sandy,Jul,Oct,Rainfed,5.6,107.2,21.1,83.7,160.5,83.1,72.8
Maize,Kharif,Sandy,Jun,Sep,Irrigated,5.6,109.7,23.2,77.6,162.8,60.6,78.0
Maize,Kharif,Sandy,Jul,Oct,Rainfed,6.9,105.4,18.6,81.5,162.7,74.2,69.2
Maize,Kharif,Sandy,Jun,Sep,Irrigated,6.9,105.2,21.0,81.3,162.6,65.0,88.7
Maize,Kharif,Sandy,Jul,Oct,Rainfed,5.8,108.7,18.9,77.2,137.3,77.0,63.7
Maize,Kharif,Sandy,Jun,Sep,Irrigated,6.9,108.5,21.1,66.4,176.3,60.6,80.6
Maize,Kharif,Sandy,Jul,Oct,Rainfed,6.7,108.4,24.6,63.5,172.1,78.1,84.8
Maize,Kharif,Sandy,Jun,Sep,Irrigated,5.9,106.4,18.3,68.5,141.5,84.4,66.8
Maize,Kharif,Sandy,Jul,Oct,Rainfed,6.3,108.7,21.6,72.5,139.7,72.8,77.4
Maize,Kharif,Sandy,Jun,Sep,Irrigated,6.7,107.0,22.7,79.4,136.4,60.1,73.2
Maize,Kharif,Sandy,Jul,Oct,Rainfed,6.8,106.4,20.8,64.7,146.8,82.5,79.1
Maize,Kharif,Sandy,Jun,Sep,Irrigated,5.7,105.2,23.1,82.2,135.1,85.8,77.4
Maize,Kharif,Sandy,Jul,Oct,Rainfed,6.0,108.8,20.8,66.3,179.2,86.7,68.4
Maize,Kharif,Sandy,Jun,Sep,Irrigated,7.0,108.1,20.9,75.4,159.5,80.6,61.4
Maize,Kharif,Sandy,Jul,Oct,Rainfed,5.6,105.1,23.0,68.5,124.0,61.4,76.6
Maize,Kharif,Sandy,Jun,Sep,Irrigated,6.1,106.6,22.8,60.4,168.2,83.6,66.0
Maize,Kharif,Sandy,Jul,Oct,Rainfed,5.5,106.6,23.5,81.7,127.6,78.4,86.7
Maize,Kharif,Sandy,Jun,Sep,Irrigated,6.1,106.6,20.8,67.7,169.8,82.9,86.4
Maize,Kharif,Sandy,Jul,Oct,Rainfed,6.2,105.8,23.4,60.2,166.5,64.3,78.3
Maize,Kharif,Sandy,Jun,Sep,Irrigated,6.3,107.2,19.1,65.5,178.5,87.2,74.9
Maize,Kharif,Sandy,Jul,Oct,Rainfed,6.6,106.3,19.1,70.2,171.3,81.4,60.8
Maize,Kharif,Sandy,Jun,Sep,Irrigated,6.5,107.8,22.4,83.1,135.3,79.8,82.7
Maize,Kharif,Sandy,Jul,Oct,Rainfed,5.8,108.7,19.4,81.4,163.3,87.6,68.3
Maize,Kharif,Sandy,Jun,Sep,Irrigated,6.1,109.9,18.3,80.4,154.2,86.7,77.4
Maize,Kharif,Sandy,Jul,Oct,Rainfed,6.4,109.5,26.0,70.0,142.1,63.0,73.9
Maize,Kharif,Sandy,Jun,Sep,Irrigated,6.5,105.8,25.5,60.7,159.8,74.8,72.0
Maize,Kharif,Sandy,Jul,Oct,Rainfed,6.8,107.2,26.8,75.8,174.5,80.4,78.9
Maize,Kharif,Sandy,Jun,Sep,Irrigated,6.8,105.5,26.6,69.5,143.3,70.0,70.0
Maize,Kharif,Sandy,Jul,Oct,Rainfed,6.0,105.9,22.3,63.3,162.4,61.3,90.0
Maize,Kharif,Sandy,Jun,Sep,Irrigated,5.9,109.9,25.3,68.9,127.1,62.5,69.0
Maize,Kharif,Sandy,Jul,Oct,Rainfed,6.9,106.5,24.5,75.5,145.9,60.1,75.7
Maize,Kharif,Sandy,Jun,Sep,Irrigated,6.1,109.4,18.5,80.1,148.0,85.5,81.3
Maize,Kharif,Sandy,Jul,Oct,Rainfed,6.0,109.8,22.0,78.9,133.9,70.4,84.9
Maize,Kharif,Sandy,Jun,Sep,Irrigated,5.8,105.2,18.7,62.9,171.5,82.8,66.2
Maize,Kharif,Sandy,Jul,Oct,Rainfed,6.0,108.8,26.7,64.3,135.8,82.2,76.0
Maize,Kharif,Sandy,Jun,Sep,Irrigated,6.0,108.1,23.2,66.3,136.7,82.8,72.0
Maize,Kharif,Sandy,Jul,Oct,Rainfed,5.7,106.5,19.5,82.1,172.3,76.3,73.5
Maize,Kharif,Sandy,Jun,Sep,Irrigated,7.0,109.1,23.1,71.5,148.3,75.7,79.3
Maize,Kharif,Sandy,Jul,Oct,Rainfed,5.7,106.9,21.8,71.6,144.7,86.4,71.2
Maize,Kharif,Sandy,Jun,Sep,Irrigated,6.7,109.4,26.3,67.6,126.8,75.9,74.0
Maize,Kharif,Sandy,Jul,Oct,Rainfed,6.1,106.8,25.8,81.8,169.5,84.2,69.4
Maize,Kharif,Sandy,Jun,Sep,Irrigated,6.0,107.6,22.4,61.9,175.3,86.4,74.9
Maize,Kharif,Sandy,Jul,Oct,Rainfed,5.9,107.7,24.7,78.3,145.5,82.2,89.1
Maize,Kharif,Sandy,Jun,Sep,Irrigated,5.5,107.8,26.7,83.8,170.5,89.4,64.3
Maize,Kharif,Sandy,Jul,Oct,Rainfed,6.5,105.8,23.9,63.4,135.5,84.9,74.3
Maize,Kharif,Sandy,Jun,Sep,Irrigated,6.5,105.8,23.0,77.8,160.1,77.4,73.5
Maize,Kharif,Sandy,Jul,Oct,Rainfed,6.3,105.7,26.4,67.9,164.4,82.4,68.4
Maize,Kharif,Sandy,Jun,Sep,Irrigated,6.8,109.7,21.1,61.2,158.4,83.6,60.7
Maize,Kharif,Sandy,Jul,Oct,Rainfed,6.6,105.7,25.3,72.5,162.0,79.2,76.9
Maize,Kharif,Sandy,Jun,Sep,Irrigated,6.4,109.4,26.5,67.4,164.0,68.9,66.3
Maize,Kharif,Sandy,Jul,Oct,Rainfed,5.5,109.8,21.5,67.0,172.1,68.5,85.7
Maize,Kharif,Sandy,Jun,Sep,Irrigated,5.5,106.2,19.5,67.6,127.6,74.9,86.3
Maize,Kharif,Sandy,Jul,Oct,Rainfed,6.0,106.8,25.5,64.8,136.7,60.8,69.1
Maize,Kharif,Sandy,Jun,Sep,Irrigated,6.9,106.7,23.4,70.8,148.6,79.7,87.6
Maize,Kharif,Sandy,Jul,Oct,Rainfed,6.2,109.7,18.1,79.5,147.2,88.3,86.1
Maize,Kharif,Sandy,Jun,Sep,Irrigated,6.2,107.4,18.7,79.8,154.4,74.8,71.9
Maize,Kharif,Sandy,Jul,Oct,Rainfed,6.4,106.9,22.6,78.3,147.0,74.0,70.8
Maize,Kharif,Sandy,Jun,Sep,Irrigated,5.7,106.0,25.1,65.8,149.6,71.7,67.0
Maize,Kharif,Sandy,Jul,Oct,Rainfed,5.8,107.7,26.9,74.0,158.2,83.4,86.0
Maize,Kharif,Sandy,Jun,Sep,Irrigated,6.3,109.4,22.9,75.5,156.0,63.6,67.9
Maize,Kharif,Sandy,Jul,Oct,Rainfed,5.7,107.7,18.2,82.4,128.8,60.0,79.2
Maize,Kharif,Sandy,Jun,Sep,Irrigated,6.4,106.1,24.0,77.9,179.4,79.4,78.8
Maize,Kharif,Sandy,Jul,Oct,Rainfed,5.7,108.0,25.9,68.5,130.5,74.0,79.2
Maize,Kharif,Sandy,Jun,Sep,Irrigated,5.8,107.1,26.5,79.8,166.6,73.9,87.7
Maize,Kharif,Sandy,Jul,Oct,Rainfed,6.4,108.3,25.1,67.7,167.1,76.3,84.1
Maize,Kharif,Sandy,Jun,Sep,Irrigated,6.4,105.2,20.1,76.1,149.7,78.3,80.9
Maize,Kharif,Sandy,Jul,Oct,Rainfed,5.6,107.1,23.1,68.1,145.4,72.7,87.6
Maize,Kharif,Sandy,Jun,Sep,Irrigated,6.1,105.3,18.1,81.8,130.7,72.8,61.9
Maize,Kharif,Sandy,Jul,Oct,Rainfed,6.3,106.4,19.7,76.8,126.6,70.5,60.7
Maize,Kharif,Sandy,Jun,Sep,Irrigated,5.6,106.1,21.3,78.0,137.5,86.1,67.3
Maize,Kharif,Sandy,Jul,Oct,Rainfed,5.7,107.4,24.3,75.4,162.6,87.4,60.1
Maize,Kharif,Sandy,Jun,Sep,Irrigated,5.9,109.0,18.9,62.0,175.2,70.6,65.0
Maize,Kharif,Sandy,Jul,Oct,Rainfed,5.7,109.1,25.4,78.9,152.6,80.0,89.7
Maize,Kharif,Sandy,Jun,Sep,Irrigated,6.0,108.4,23.1,72.7,128.0,87.0,86.6
Maize,Kharif,Sandy,Jul,Oct,Rainfed,6.2,105.6,23.9,80.9,129.5,72.2,66.6
Maize,Kharif,Sandy,Jun,Sep,Irrigated,5.9,109.8,22.3,74.8,175.4,69.5,74.4
Maize,Kharif,Sandy,Jul,Oct,Rainfed,5.6,105.2,22.4,80.6,130.0,77.0,78.0
Maize,Kharif,Sandy,Jun,Sep,Irrigated,5.5,107.1,24.9,82.8,146.1,84.0,80.7
Maize,Kharif,Sandy,Jul,Oct,Rainfed,5.7,107.7,22.5,81.7,136.6,63.3,75.1
Maize,Kharif,Sandy,Jun,Sep,Irrigated,5.7,106.7,18.8,75.5,153.8,89.0,78.5
Maize,Kharif,Sandy,Jul,Oct,Rainfed,6.2,105.1,26.8,61.2,168.5,60.8,68.8
Maize,Kharif,Sandy,Jun,Sep,Irrigated,6.2,107.1,23.1,84.1,154.7,78.8,89.6
Maize,Kharif,Sandy,Jul,Oct,Rainfed,7.0,105.4,19.6,81.9,169.8,64.2,81.1
Maize,Kharif,Sandy,Jun,Sep,Irrigated,6.2,109.2,26.4,68.7,123.9,73.1,84.9
Maize,Kharif,Sandy,Jul,Oct,Rainfed,6.9,105.3,22.8,75.8,165.4,72.3,85.9
Maize,Kharif,Sandy,Jun,Sep,Irrigated,6.2,105.9,22.8,84.1,160.0,66.1,82.5
Maize,Kharif,Sandy,Jul,Oct,Rainfed,6.8,106.1,20.4,80.5,142.8,80.9,89.0
Maize,Kharif,Sandy,Jun,Sep,Irrigated,6.3,106.8,24.9,80.4,162.3,74.0,89.9
Maize,Kharif,Sandy,Jul,Oct,Rainfed,6.9,109.1,26.4,85.0,167.3,69.5,85.6
Maize,Kharif,Sandy,Jun,Sep,Irrigated,6.6,107.8,25.2,78.7,168.6,76.4,64.6
Maize,Kharif,Sandy,Jul,Oct,Rainfed,6.1,106.5,25.9,81.7,141.8,76.9,66.5
Maize,Kharif,Sandy,Jun,Sep,Irrigated,5.7,109.7,23.2,83.6,176.7,84.0,60.4
Maize,Kharif,Sandy,Jul,Oct,Rainfed,6.7,106.2,19.6,74.1,164.4,86.4,81.6
Maize,Kharif,Sandy,Jun,Sep,Irrigated,5.9,108.4,22.7,84.3,163.1,60.6,72.6
Maize,Kharif,Sandy,Jul,Oct,Rainfed,5.6,108.9,19.8,78.8,150.0,77.8,62.8
Maize,Kharif,Sandy,Jun,Sep,Irrigated,5.9,105.2,21.7,71.7,122.5,80.9,79.0
Maize,Kharif,Sandy,Jul,Oct,Rainfed,6.7,106.8,24.9,82.7,125.1,73.1,72.6
Maize,Kharif,Sandy,Jun,Sep,Irrigated,6.1,108.2,22.8,66.7,133.4,76.4,83.7
Maize,Kharif,Sandy,Jul,Oct,Rainfed,6.5,109.3,25.1,82.4,165.2,66.4,76.1
Maize,Kharif,Sandy,Jun,Sep,Irrigated,5.7,105.5,25.8,74.8,123.7,74.7,80.7
Maize,Kharif,Sandy,Jul,Oct,Rainfed,5.6,106.1,23.7,76.4,168.5,71.2,67.4
Maize,Kharif,Sandy,Jun,Sep,Irrigated,6.5,105.7,24.3,75.1,122.2,88.7,78.0
Maize,Kharif,Sandy,Jul,Oct,Rainfed,6.2,105.1,23.7,60.5,166.0,63.9,84.7
Maize,Kharif,Sandy,Jun,Sep,Irrigated,6.5,109.9,19.9,72.6,140.4,86.0,65.2
Maize,Kharif,Sandy,Jul,Oct,Rainfed,5.9,106.9,26.6,78.6,151.8,72.1,63.2
Maize,Kharif,Sandy,Jun,Sep,Irrigated,6.8,108.3,21.3,71.3,174.5,84.0,88.2
Maize,Kharif,Sandy,Jul,Oct,Rainfed,6.6,106.2,22.5,62.3,139.8,63.8,86.2
Maize,Kharif,Sandy,Jun,Sep,Irrigated,6.4,109.8,24.1,61.5,121.1,82.5,85.2
Maize,Kharif,Sandy,Jul,Oct,Rainfed,6.1,107.7,25.4,74.4,146.1,87.4,83.2
Maize,Kharif,Sandy,Jun,Sep,Irrigated,6.4,105.6,21.4,78.1,131.2,86.1,61.2
Maize,Kharif,Sandy,Jul,Oct,Rainfed,5.7,109.8,18.2,81.4,130.1,73.1,61.7
Maize,Kharif,Sandy,Jun,Sep,Irrigated,6.3,108.5,21.5,60.3,124.2,63.1,66.3
Maize,Kharif,Sandy,Jul,Oct,Rainfed,6.1,107.2,22.2,72.2,173.8,61.2,64.6
Maize,Kharif,Sandy,Jun,Sep,Irrigated,6.5,109.6,21.3,60.5,166.2,78.5,89.2
Maize,Kharif,Sandy,Jul,Oct,Rainfed,6.8,107.5,26.3,65.9,121.8,89.2,62.8
Maize,Kharif,Sandy,Jun,Sep,Irrigated,6.5,108.1,20.9,78.9,152.6,89.0,73.6
Maize,Kharif,Sandy,Jul,Oct,Rainfed,5.8,106.7,19.6,74.4,140.2,71.0,61.5
Maize,Kharif,Sandy,Jun,Sep,Irrigated,6.9,109.6,23.1,69.0,176.0,64.6,78.6
Maize,Kharif,Sandy,Jul,Oct,Rainfed,5.8,106.6,25.1,73.4,162.8,67.0,61.3
Maize,Kharif,Sandy,Jun,Sep,Irrigated,6.5,108.8,20.1,78.1,121.6,65.3,85.2
Maize,Kharif,Sandy,Jul,Oct,Rainfed,6.2,108.7,25.4,67.1,131.0,62.9,84.8
Maize,Kharif,Sandy,Jun,Sep,Irrigated,5.6,109.1,19.7,81.1,179.6,76.3,77.4
Maize,Kharif,Sandy,Jul,Oct,Rainfed,6.7,105.3,21.6,73.8,143.9,78.9,81.8
Maize,Kharif,Sandy,Jun,Sep,Irrigated,6.7,106.0,24.1,83.5,168.1,71.6,61.0
Maize,Kharif,Sandy,Jul,Oct,Rainfed,6.6,105.8,19.5,61.8,146.9,65.0,69.3
Maize,Kharif,Sandy,Jun,Sep,Irrigated,6.3,108.7,25.5,77.9,133.8,68.3,83.2
Maize,Kharif,Sandy,Jul,Oct,Rainfed,7.0,105.1,22.1,80.7,139.3,88.3,73.9
Maize,Kharif,Sandy,Jun,Sep,Irrigated,6.7,106.7,24.2,63.6,124.7,76.4,87.7
Maize,Kharif,Sandy,Jul,Oct,Rainfed,5.6,107.5,20.6,61.7,171.8,77.4,77.0
Maize,Kharif,Sandy,Jun,Sep,Irrigated,5.9,110.0,24.4,68.5,177.2,88.2,76.5
Maize,Kharif,Sandy,Jul,Oct,Rainfed,6.2,105.5,23.7,68.0,153.7,71.5,83.7
Maize,Kharif,Sandy,Jun,Sep,Irrigated,5.7,107.2,18.1,62.0,179.6,86.6,88.5
Maize,Kharif,Sandy,Jul,Oct,Rainfed,5.7,107.2,19.0,73.1,143.3,70.0,86.1
Maize,Kharif,Sandy,Jun,Sep,Irrigated,6.6,105.1,20.4,72.4,148.7,76.5,89.5
Maize,Kharif,Sandy,Jul,Oct,Rainfed,6.6,107.1,24.0,77.6,121.7,64.3,83.7
Maize,Kharif,Sandy,Jun,Sep,Irrigated,6.9,107.1,26.3,67.9,120.6,68.0,89.7
Maize,Kharif,Sandy,Jul,Oct,Rainfed,5.9,107.5,20.3,77.3,151.8,83.8,84.0
Maize,Kharif,Sandy,Jun,Sep,Irrigated,6.3,105.2,19.2,60.4,130.9,78.9,79.8
Maize,Kharif,Sandy,Jul,Oct,Rainfed,6.6,109.4,23.8,79.6,121.2,61.9,70.0
Maize,Kharif,Sandy,Jun,Sep,Irrigated,6.4,108.3,21.5,80.2,154.0,69.3,60.0
Maize,Kharif,Sandy,Jul,Oct,Rainfed,6.6,108.9,18.5,62.3,164.4,66.2,87.9
Maize,Kharif,Sandy,Jun,Sep,Irrigated,6.6,107.6,18.7,81.3,152.4,87.2,66.1
Maize,Kharif,Sandy,Jul,Oct,Rainfed,5.8,107.5,20.7,78.2,144.6,76.0,64.1
Maize,Kharif,Sandy,Jun,Sep,Irrigated,6.7,105.3,24.6,63.2,153.0,62.2,67.3
Maize,Kharif,Sandy,Jul,Oct,Rainfed,5.9,109.1,25.0,60.9,122.1,87.3,65.2
Maize,Kharif,Sandy,Jun,Sep,Irrigated,6.2,105.7,21.3,80.8,179.2,69.8,81.2
Maize,Kharif,Sandy,Jul,Oct,Rainfed,5.9,106.9,18.4,61.2,148.2,88.6,70.4
Maize,Kharif,Sandy,Jun,Sep,Irrigated,6.4,106.1,24.6,60.1,133.0,70.4,73.3
Maize,Kharif,Sandy,Jul,Oct,Rainfed,5.8,106.9,18.6,69.3,139.2,81.1,65.8
Maize,Kharif,Sandy,Jun,Sep,Irrigated,6.5,109.2,19.1,69.5,158.8,88.5,82.4
Maize,Kharif,Sandy,Jul,Oct,Rainfed,6.2,106.4,20.7,62.6,134.0,76.1,65.8
Maize,Kharif,Sandy,Jun,Sep,Irrigated,6.7,109.6,20.8,73.6,148.3,69.0,70.4
Maize,Kharif,Sandy,Jul,Oct,Rainfed,6.3,109.8,20.0,64.2,173.8,61.6,86.5
Maize,Kharif,Sandy,Jun,Sep,Irrigated,6.1,106.5,24.0,75.2,131.2,85.5,70.1
Maize,Kharif,Sandy,Jul,Oct,Rainfed,5.9,105.7,23.9,73.7,158.0,72.8,60.8
Maize,Kharif,Sandy,Jun,Sep,Irrigated,6.7,109.5,24.1,80.7,171.0,72.8,86.3
Maize,Kharif,Sandy,Jul,Oct,Rainfed,5.7,107.9,24.2,74.7,179.7,64.5,61.0
Maize,Kharif,Sandy,Jun,Sep,Irrigated,7.0,107.3,21.3,78.2,156.5,88.1,74.9
Maize,Kharif,Sandy,Jul,Oct,Rainfed,5.6,105.5,19.5,66.6,128.6,84.5,74.5
Maize,Kharif,Sandy,Jun,Sep,Irrigated,6.3,106.3,21.8,66.6,157.2,76.6,63.6
Maize,Kharif,Sandy,Jul,Oct,Rainfed,5.5,106.2,19.9,71.1,158.8,69.8,64.2
Maize,Kharif,Sandy,Jun,Sep,Irrigated,6.6,107.4,24.7,74.3,132.4,77.7,64.7
Maize,Kharif,Sandy,Jul,Oct,Rainfed,6.8,107.7,24.7,64.1,138.1,89.8,85.7
Maize,Kharif,Sandy,Jun,Sep,Irrigated,6.2,105.1,24.0,83.5,155.0,64.3,60.8
Maize,Kharif,Sandy,Jul,Oct,Rainfed,6.4,108.4,23.4,83.5,141.1,81.4,61.9
Maize,Kharif,Sandy,Jun,Sep,Irrigated,6.7,109.3,18.4,75.8,175.1,88.4,68.7
Maize,Kharif,Sandy,Jul,Oct,Rainfed,6.7,106.2,19.4,81.9,128.0,60.1,77.5
Maize,Kharif,Sandy,Jun,Sep,Irrigated,6.8,109.8,19.8,84.1,123.1,87.0,88.1
Maize,Kharif,Sandy,Jul,Oct,Rainfed,6.1,109.3,24.5,72.0,120.4,89.2,67.0
Maize,Kharif,Sandy,Jun,Sep,Irrigated,6.1,108.8,26.1,67.2,128.6,66.4,63.4
Maize,Kharif,Sandy,Jul,Oct,Rainfed,5.8,108.5,24.1,80.2,176.6,68.6,87.2
Maize,Kharif,Sandy,Jun,Sep,Irrigated,5.9,107.9,24.7,81.2,152.8,76.3,71.5
Maize,Kharif,Sandy,Jul,Oct,Rainfed,6.6,106.7,26.8,66.4,150.1,67.3,62.7
Maize,Kharif,Sandy,Jun,Sep,Irrigated,6.3,109.9,20.3,72.7,157.8,67.4,67.0
Maize,Kharif,Sandy,Jul,Oct,Rainfed,6.8,107.4,22.0,84.3,179.5,88.2,60.9
Maize,Kharif,Sandy,Jun,Sep,Irrigated,7.0,105.1,25.4,60.3,177.2,82.5,84.4
Maize,Kharif,Sandy,Jul,Oct,Rainfed,6.8,107.7,21.7,65.3,157.3,70.9,84.9
Maize,Kharif,Sandy,Jun,Sep,Irrigated,6.3,108.6,22.4,65.8,171.5,67.2,88.3
Maize,Kharif,Sandy,Jul,Oct,Rainfed,6.7,107.7,24.4,81.6,152.0,71.7,69.2
Maize,Kharif,Sandy,Jun,Sep,Irrigated,6.8,109.7,25.5,76.4,157.2,79.0,75.0
Maize,Kharif,Sandy,Jul,Oct,Rainfed,6.8,107.6,24.5,77.3,152.6,75.4,74.7
Maize,Kharif,Sandy,Jun,Sep,Irrigated,6.3,106.7,23.8,72.5,166.2,86.5,70.2
Maize,Kharif,Sandy,Jul,Oct,Rainfed,6.4,108.9,20.0,76.7,136.8,74.8,61.5
Maize,Kharif,Sandy,Jun,Sep,Irrigated,6.4,109.0,26.4,74.4,153.1,74.0,64.1
Maize,Kharif,Sandy,Jul,Oct,Rainfed,6.6,107.1,20.9,64.2,123.1,65.9,83.8
Maize,Kharif,Sandy,Jun,Sep,Irrigated,6.6,109.9,19.7,83.9,123.2,74.1,85.1
Maize,Kharif,Sandy,Jul,Oct,Rainfed,7.0,106.6,19.2,81.7,160.4,71.6,71.6
Maize,Kharif,Sandy,Jun,Sep,Irrigated,6.9,109.9,23.1,62.4,158.5,70.3,66.9
Maize,Kharif,Sandy,Jul,Oct,Rainfed,6.8,109.6,18.3,64.7,124.0,82.1,72.6
Maize,Kharif,Sandy,Jun,Sep,Irrigated,6.8,109.9,21.7,64.2,144.9,83.8,72.9
Maize,Kharif,Sandy,Jul,Oct,Rainfed,6.0,107.6,20.1,83.3,124.6,76.1,72.7
Maize,Kharif,Sandy,Jun,Sep,Irrigated,6.6,106.3,22.0,76.5,164.4,61.3,79.3
Maize,Kharif,Sandy,Jul,Oct,Rainfed,5.7,109.4,24.2,69.0,141.6,77.9,64.4
Maize,Kharif,Sandy,Jun,Sep,Irrigated,6.2,106.7,24.3,84.3,145.8,67.7,75.5
Maize,Kharif,Sandy,Jul,Oct,Rainfed,5.8,109.1,21.1,66.4,151.5,65.0,70.2
Maize,Kharif,Sandy,Jun,Sep,Irrigated,6.7,108.6,26.6,69.0,141.1,77.3,74.8
Maize,Kharif,Sandy,Jul,Oct,Rainfed,6.9,105.2,22.1,61.7,120.8,73.2,66.3
Maize,Kharif,Sandy,Jun,Sep,Irrigated,5.8,109.3,25.8,77.2,159.9,73.4,66.0
Maize,Kharif,Sandy,Jul,Oct,Rainfed,5.8,107.5,26.0,63.4,124.3,64.4,67.0
Maize,Kharif,Sandy,Jun,Sep,Irrigated,6.3,109.1,22.7,75.7,135.9,74.4,69.9
Maize,Kharif,Sandy,Jul,Oct,Rainfed,6.0,106.7,24.3,76.8,130.7,74.8,83.6
Maize,Kharif,Sandy,Jun,Sep,Irrigated,5.7,108.8,20.8,72.6,158.2,74.7,84.6
Maize,Kharif,Sandy,Jul,Oct,Rainfed,6.6,107.9,26.1,76.8,127.8,85.0,70.2
Maize,Kharif,Sandy,Jun,Sep,Irrigated,5.5,106.3,21.5,64.5,179.7,63.7,71.1
Maize,Kharif,Sandy,Jul,Oct,Rainfed,7.0,107.6,23.4,70.1,124.5,79.0,73.9
Maize,Kharif,Sandy,Jun,Sep,Irrigated,6.9,109.8,20.1,69.3,125.1,66.4,69.9
Maize,Kharif,Sandy,Jul,Oct,Rainfed,5.7,107.7,26.8,78.2,133.9,80.7,67.9
Maize,Kharif,Sandy,Jun,Sep,Irrigated,5.6,109.7,24.0,83.8,148.8,60.9,88.3
Maize,Kharif,Sandy,Jul,Oct,Rainfed,6.1,107.5,22.1,69.7,125.2,65.8,89.0
Maize,Kharif,Sandy,Jun,Sep,Irrigated,6.3,110.0,22.0,73.7,168.8,66.7,66.7
Maize,Kharif,Sandy,Jul,Oct,Rainfed,6.1,109.2,22.9,72.8,159.1,73.0,84.2
Maize,Kharif,Sandy,Jun,Sep,Irrigated,5.5,106.7,22.1,68.4,158.6,87.8,71.1
Maize,Kharif,Sandy,Jul,Oct,Rainfed,6.8,105.3,22.6,81.9,176.4,84.7,79.4
Maize,Kharif,Sandy,Jun,Sep,Irrigated,5.8,109.7,21.1,60.6,150.6,63.7,62.7
Maize,Kharif,Sandy,Jul,Oct,Rainfed,6.3,109.8,21.1,66.1,173.8,78.5,82.0
Maize,Kharif,Sandy,Jun,Sep,Irrigated,6.4,106.7,26.6,84.9,137.0,84.3,66.9
Maize,Kharif,Sandy,Jul,Oct,Rainfed,5.6,106.3,22.3,75.0,128.4,83.0,85.1
Maize,Kharif,Sandy,Jun,Sep,Irrigated,5.5,109.2,22.6,81.5,152.6,68.0,73.3
Maize,Kharif,Sandy,Jul,Oct,Rainfed,6.0,105.9,26.8,84.9,135.0,70.5,73.1
Maize,Kharif,Sandy,Jun,Sep,Irrigated,6.9,107.5,21.8,63.6,130.0,66.3,88.3
Maize,Kharif,Sandy,Jul,Oct,Rainfed,5.9,109.2,25.7,71.9,132.3,66.4,65.6
Maize,Kharif,Sandy,Jun,Sep,Irrigated,6.8,105.9,19.4,81.5,167.4,65.1,65.8
Maize,Kharif,Sandy,Jul,Oct,Rainfed,6.6,105.9,25.0,66.2,122.1,76.0,78.0
Maize,Kharif,Sandy,Jun,Sep,Irrigated,6.3,109.7,19.0,60.3,139.7,80.9,88.1
Maize,Kharif,Sandy,Jul,Oct,Rainfed,6.4,107.0,22.6,78.8,142.7,70.7,72.3
Maize,Kharif,Sandy,Jun,Sep,Irrigated,5.6,106.2,20.5,71.4,124.3,73.7,87.7
Maize,Kharif,Sandy,Jul,Oct,Rainfed,5.6,109.7,18.4,77.3,156.9,73.0,82.7
Maize,Kharif,Sandy,Jun,Sep,Irrigated,5.6,105.6,18.1,78.1,175.0,63.0,77.8
Maize,Kharif,Sandy,Jul,Oct,Rainfed,6.3,108.4,25.8,79.9,143.3,87.4,64.7
Maize,Kharif,Sandy,Jun,Sep,Irrigated,5.7,109.4,22.9,80.5,146.8,65.0,78.0
Maize,Kharif,Sandy,Jul,Oct,Rainfed,6.2,107.3,23.4,63.4,159.9,64.2,65.5
Maize,Kharif,Sandy,Jun,Sep,Irrigated,6.7,105.0,18.8,84.2,135.4,74.8,67.6
Maize,Kharif,Sandy,Jul,Oct,Rainfed,6.3,108.5,25.1,83.9,137.3,63.2,60.9
Maize,Kharif,Sandy,Jun,Sep,Irrigated,6.3,108.4,24.9,78.5,142.0,69.0,84.2
Maize,Kharif,Sandy,Jul,Oct,Rainfed,6.3,108.2,21.4,70.6,167.4,75.7,88.7
Maize,Kharif,Sandy,Jun,Sep,Irrigated,6.6,107.4,19.4,70.4,158.1,63.4,62.7
Maize,Kharif,Sandy,Jul,Oct,Rainfed,5.6,107.6,20.3,77.4,158.3,87.7,71.9
Maize,Kharif,Sandy,Jun,Sep,Irrigated,5.6,106.2,24.1,79.9,158.4,76.5,67.8
Maize,Kharif,Sandy,Jul,Oct,Rainfed,5.8,106.5,26.5,82.5,170.7,71.0,83.1
Maize,Kharif,Sandy,Jun,Sep,Irrigated,5.5,106.3,22.4,68.2,120.1,85.8,65.7
Maize,Kharif,Sandy,Jul,Oct,Rainfed,6.9,109.1,18.4,66.5,145.7,76.5,61.6
Maize,Kharif,Sandy,Jun,Sep,Irrigated,6.5,108.1,23.9,81.2,139.2,70.2,73.5
Maize,Kharif,Sandy,Jul,Oct,Rainfed,6.0,108.4,21.1,64.7,125.5,83.1,62.2
Maize,Kharif,Sandy,Jun,Sep,Irrigated,5.9,105.8,26.3,70.2,138.7,82.8,66.0
Maize,Kharif,Sandy,Jul,Oct,Rainfed,6.8,106.5,22.7,76.9,167.8,63.6,78.6
Maize,Kharif,Sandy,Jun,Sep,Irrigated,7.0,109.8,22.1,67.0,148.6,60.8,60.8
Maize,Kharif,Sandy,Jul,Oct,Rainfed,6.7,105.2,18.4,79.4,155.0,80.2,76.5
Maize,Kharif,Sandy,Jun,Sep,Irrigated,6.3,105.1,21.6,77.9,126.1,74.2,75.5
Maize,Kharif,Sandy,Jul,Oct,Rainfed,5.6,106.1,22.1,80.9,146.4,87.0,76.7
Maize,Kharif,Sandy,Jun,Sep,Irrigated,6.0,109.7,26.5,84.7,169.6,71.8,74.6
Maize,Kharif,Sandy,Jul,Oct,Rainfed,5.5,107.1,22.7,84.6,159.7,70.2,78.0
Maize,Kharif,Sandy,Jun,Sep,Irrigated,5.6,106.7,22.8,68.8,131.2,81.1,78.8
Maize,Kharif,Sandy,Jul,Oct,Rainfed,6.7,105.7,24.9,83.0,132.2,71.9,60.4
Maize,Kharif,Sandy,Jun,Sep,Irrigated,6.9,106.9,26.1,64.6,127.0,89.6,83.2
Maize,Kharif,Sandy,Jul,Oct,Rainfed,6.3,108.8,23.6,71.9,120.9,68.9,85.8
Maize,Kharif,Sandy,Jun,Sep,Irrigated,6.5,106.7,19.6,83.4,175.1,67.0,86.7
Maize,Kharif,Sandy,Jul,Oct,Rainfed,6.4,106.3,19.8,73.7,123.0,71.3,86.1
Maize,Kharif,Sandy,Jun,Sep,Irrigated,6.8,105.5,24.4,84.4,142.8,75.1,84.4
Maize,Kharif,Sandy,Jul,Oct,Rainfed,5.5,109.6,21.2,69.1,173.6,66.9,72.1
Maize,Kharif,Sandy,Jun,Sep,Irrigated,6.0,109.9,23.9,61.7,175.0,79.1,82.2
Maize,Kharif,Sandy,Jul,Oct,Rainfed,5.7,108.8,19.9,60.6,180.0,63.9,68.7
Maize,Kharif,Sandy,Jun,Sep,Irrigated,5.7,105.9,19.8,67.4,135.6,87.4,79.3
Maize,Kharif,Sandy,Jul,Oct,Rainfed,6.6,108.5,24.9,65.7,161.0,64.9,74.2
Maize,Kharif,Sandy,Jun,Sep,Irrigated,5.6,106.0,22.0,72.1,177.7,83.6,88.7
Maize,Kharif,Sandy,Jul,Oct,Rainfed,5.9,109.8,22.2,69.9,167.3,69.9,69.1
Maize,Kharif,Sandy,Jun,Sep,Irrigated,6.7,105.4,25.3,83.0,121.1,88.3,76.9
Maize,Kharif,Sandy,Jul,Oct,Rainfed,6.2,105.2,21.2,64.5,135.0,81.6,64.2
Maize,Kharif,Sandy,Jun,Sep,Irrigated,5.7,107.3,20.3,78.1,155.6,64.2,86.8
Maize,Kharif,Sandy,Jul,Oct,Rainfed,5.8,107.3,24.8,74.9,131.5,84.8,71.5
Maize,Kharif,Sandy,Jun,Sep,Irrigated,5.7,107.2,21.6,81.2,129.6,67.1,88.2
Maize,Kharif,Sandy,Jul,Oct,Rainfed,5.9,108.2,22.0,70.8,152.9,78.4,75.4
Maize,Kharif,Sandy,Jun,Sep,Irrigated,6.9,109.6,20.3,67.5,123.3,62.1,60.7
Maize,Kharif,Sandy,Jul,Oct,Rainfed,6.3,105.8,18.9,74.7,171.5,62.0,63.6
Maize,Kharif,Sandy,Jun,Sep,Irrigated,6.0,105.4,19.1,64.1,158.7,73.3,66.5
Maize,Kharif,Sandy,Jul,Oct,Rainfed,5.6,108.4,21.7,67.6,139.6,61.0,61.9
Maize,Kharif,Sandy,Jun,Sep,Irrigated,6.5,106.9,24.5,72.9,179.7,87.2,88.9
Maize,Kharif,Sandy,Jul,Oct,Rainfed,5.5,106.1,20.9,74.6,152.5,63.2,71.7
Maize,Kharif,Sandy,Jun,Sep,Irrigated,5.9,107.5,25.7,81.2,141.7,84.5,86.3
Maize,Kharif,Sandy,Jul,Oct,Rainfed,5.8,110.0,22.4,84.1,158.6,88.0,88.4
Maize,Kharif,Sandy,Jun,Sep,Irrigated,6.0,106.1,26.3,71.7,139.6,66.8,71.6
Maize,Kharif,Sandy,Jul,Oct,Rainfed,6.7,105.3,23.0,63.7,130.8,68.7,77.3
Maize,Kharif,Sandy,Jun,Sep,Irrigated,6.4,107.5,20.1,83.8,148.8,78.2,67.7
Maize,Kharif,Sandy,Jul,Oct,Rainfed,6.8,108.6,23.3,74.2,153.2,84.9,85.0
Maize,Kharif,Sandy,Jun,Sep,Irrigated,6.2,107.9,21.8,64.3,144.7,67.5,85.5
Maize,Kharif,Sandy,Jul,Oct,Rainfed,5.8,108.0,20.2,70.2,161.8,87.2,62.3
Maize,Kharif,Sandy,Jun,Sep,Irrigated,6.9,108.9,25.7,64.7,154.4,80.3,68.0
Maize,Kharif,Sandy,Jul,Oct,Rainfed,6.0,106.2,23.2,71.0,154.6,65.3,84.8
Maize,Kharif,Sandy,Jun,Sep,Irrigated,5.5,107.9,20.2,64.3,144.4,69.8,67.6
Maize,Kharif,Sandy,Jul,Oct,Rainfed,6.2,107.3,20.0,69.5,179.3,76.7,81.9
Maize,Kharif,Sandy,Jun,Sep,Irrigated,6.4,108.3,21.8,61.3,176.3,87.1,82.0
Maize,Kharif,Sandy,Jul,Oct,Rainfed,6.1,109.1,20.2,79.8,173.6,67.3,67.8
Maize,Kharif,Sandy,Jun,Sep,Irrigated,6.1,109.0,18.7,62.5,138.1,72.0,72.7
Maize,Kharif,Sandy,Jul,Oct,Rainfed,6.6,108.2,18.2,84.0,178.2,67.9,68.1
Maize,Kharif,Sandy,Jun,Sep,Irrigated,5.8,106.3,20.1,79.4,179.1,72.8,86.9
Maize,Kharif,Sandy,Jul,Oct,Rainfed,5.9,109.6,19.8,80.0,167.4,66.4,65.8
Maize,Kharif,Sandy,Jun,Sep,Irrigated,7.0,107.8,23.0,75.6,169.0,65.7,65.2
Maize,Kharif,Sandy,Jul,Oct,Rainfed,5.6,108.6,18.9,68.2,128.4,82.7,87.3
Maize,Kharif,Sandy,Jun,Sep,Irrigated,6.2,105.4,26.6,72.6,139.2,60.0,75.9
Maize,Kharif,Sandy,Jul,Oct,Rainfed,5.6,107.6,26.6,71.2,153.8,75.2,78.3
Maize,Kharif,Sandy,Jun,Sep,Irrigated,6.9,109.2,22.4,78.6,174.4,75.8,71.2
Maize,Kharif,Sandy,Jul,Oct,Rainfed,5.5,108.9,22.9,83.7,154.5,70.9,69.5
Maize,Kharif,Sandy,Jun,Sep,Irrigated,5.6,106.2,18.8,84.1,170.6,75.0,76.0
Maize,Kharif,Sandy,Jul,Oct,Rainfed,6.7,105.9,18.2,80.7,178.2,81.0,64.2
Maize,Kharif,Sandy,Jun,Sep,Irrigated,6.7,108.9,24.7,71.3,179.2,79.7,60.8
Maize,Kharif,Sandy,Jul,Oct,Rainfed,5.6,106.9,26.9,69.5,156.0,86.0,87.0
Maize,Kharif,Sandy,Jun,Sep,Irrigated,6.9,108.6,21.9,83.4,132.3,88.5,64.4
Maize,Kharif,Sandy,Jul,Oct,Rainfed,6.3,109.9,26.0,82.1,144.6,82.2,78.6
Maize,Kharif,Sandy,Jun,Sep,Irrigated,5.7,106.4,22.0,74.3,153.9,85.6,61.8
Maize,Kharif,Sandy,Jul,Oct,Rainfed,6.6,107.3,22.4,76.8,137.4,80.7,72.6
Maize,Kharif,Sandy,Jun,Sep,Irrigated,6.0,106.5,21.1,81.7,155.2,83.6,69.1
Maize,Kharif,Sandy,Jul,Oct,Rainfed,6.7,106.2,20.6,74.5,179.4,61.3,66.1
Maize,Kharif,Sandy,Jun,Sep,Irrigated,6.2,109.0,26.2,67.3,149.0,89.6,77.3
Maize,Kharif,Sandy,Jul,Oct,Rainfed,6.1,106.7,21.3,80.2,180.0,85.3,80.2
Maize,Kharif,Sandy,Jun,Sep,Irrigated,7.0,108.6,21.0,76.6,139.0,76.1,61.8
Maize,Kharif,Sandy,Jul,Oct,Rainfed,6.9,106.7,24.6,81.8,123.5,83.0,74.4
Maize,Kharif,Sandy,Jun,Sep,Irrigated,5.8,106.8,25.4,79.0,127.6,71.4,60.4
Maize,Kharif,Sandy,Jul,Oct,Rainfed,6.8,107.8,24.6,65.7,168.9,73.9,74.4
Maize,Kharif,Sandy,Jun,Sep,Irrigated,6.7,108.0,19.8,62.9,141.0,63.9,89.1
Maize,Kharif,Sandy,Jul,Oct,Rainfed,6.3,108.9,19.0,63.2,122.8,71.4,67.1
Maize,Kharif,Sandy,Jun,Sep,Irrigated,6.4,106.8,26.6,75.3,127.4,82.1,88.1
Maize,Kharif,Sandy,Jul,Oct,Rainfed,6.0,105.9,24.4,61.0,121.9,85.1,87.1
Maize,Kharif,Sandy,Jun,Sep,Irrigated,6.8,107.1,25.8,60.4,145.1,67.2,84.5
Maize,Kharif,Sandy,Jul,Oct,Rainfed,6.2,106.5,18.7,77.2,178.5,80.2,82.6
Maize,Kharif,Sandy,Jun,Sep,Irrigated,7.0,108.4,24.6,63.6,150.9,60.1,70.3
Maize,Kharif,Sandy,Jul,Oct,Rainfed,6.3,108.0,24.4,75.8,152.6,65.9,86.6
Maize,Kharif,Sandy,Jun,Sep,Irrigated,5.7,109.9,18.5,73.1,125.5,84.9,77.9
Maize,Kharif,Sandy,Jul,Oct,Rainfed,6.6,107.3,26.7,79.7,158.3,71.2,68.2
Maize,Kharif,Sandy,Jun,Sep,Irrigated,6.3,107.1,21.0,71.5,125.6,70.2,85.4
Maize,Kharif,Sandy,Jul,Oct,Rainfed,5.7,108.5,18.8,83.2,152.8,84.3,85.5
Maize,Kharif,Sandy,Jun,Sep,Irrigated,5.6,105.9,23.9,83.6,124.0,61.8,87.4
Maize,Kharif,Sandy,Jul,Oct,Rainfed,5.7,106.5,21.8,71.2,143.7,62.2,88.5
Maize,Kharif,Sandy,Jun,Sep,Irrigated,5.7,108.9,21.2,65.9,135.7,77.0,67.3
Maize,Kharif,Sandy,Jul,Oct,Rainfed,6.7,106.8,20.4,72.4,176.6,80.7,77.2
Maize,Kharif,Sandy,Jun,Sep,Irrigated,5.5,108.6,19.5,60.5,167.2,85.8,70.9
Maize,Kharif,Sandy,Jul,Oct,Rainfed,5.6,109.7,19.2,67.4,157.9,68.1,78.1
Maize,Kharif,Sandy,Jun,Sep,Irrigated,6.1,108.7,19.3,80.1,150.4,88.6,85.9
Maize,Kharif,Sandy,Jul,Oct,Rainfed,6.5,105.7,24.9,63.4,151.8,82.3,67.6
Maize,Kharif,Sandy,Jun,Sep,Irrigated,6.2,108.7,18.4,70.6,163.7,68.8,75.3
Maize,Kharif,Sandy,Jul,Oct,Rainfed,6.7,108.9,19.2,72.2,178.5,83.0,89.8
Maize,Kharif,Sandy,Jun,Sep,Irrigated,6.1,105.9,25.2,60.6,121.8,67.9,80.2
Maize,Kharif,Sandy,Jul,Oct,Rainfed,6.5,105.8,26.6,83.9,152.4,79.6,81.9
Maize,Kharif,Sandy,Jun,Sep,Irrigated,6.7,109.4,18.2,68.0,129.4,67.3,66.6
Maize,Kharif,Sandy,Jul,Oct,Rainfed,5.7,108.5,22.2,67.6,167.5,65.8,77.8
Maize,Kharif,Sandy,Jun,Sep,Irrigated,6.9,106.8,21.2,73.4,154.4,75.5,87.5
Maize,Kharif,Sandy,Jul,Oct,Rainfed,5.7,107.9,26.0,69.6,158.1,86.0,72.3
Maize,Kharif,Sandy,Jun,Sep,Irrigated,6.2,107.1,26.7,82.0,169.3,89.2,77.3
Maize,Kharif,Sandy,Jul,Oct,Rainfed,6.9,108.1,25.2,81.3,146.0,77.7,75.9
Maize,Kharif,Sandy,Jun,Sep,Irrigated,6.1,106.2,23.1,72.4,140.5,68.3,72.4
Maize,Kharif,Sandy,Jul,Oct,Rainfed,6.5,108.6,22.8,74.5,120.7,86.1,73.5
Maize,Kharif,Sandy,Jun,Sep,Irrigated,5.6,107.7,19.3,65.4,178.3,78.1,84.5
Maize,Kharif,Sandy,Jul,Oct,Rainfed,6.0,107.5,20.8,63.5,177.6,60.6,84.3
Maize,Kharif,Sandy,Jun,Sep,Irrigated,6.7,108.1,21.4,74.7,149.6,72.7,77.4
Maize,Kharif,Sandy,Jul,Oct,Rainfed,6.3,108.3,25.5,80.3,154.0,87.2,77.9
Maize,Kharif,Sandy,Jun,Sep,Irrigated,6.2,107.9,25.5,71.9,155.5,81.5,84.2
Maize,Kharif,Sandy,Jul,Oct,Rainfed,6.7,108.0,20.9,68.6,143.3,64.4,67.4
Maize,Kharif,Sandy,Jun,Sep,Irrigated,6.4,107.9,21.3,76.7,179.0,85.9,75.6
Maize,Kharif,Sandy,Jul,Oct,Rainfed,5.6,107.5,26.0,70.6,154.3,74.7,67.5
Maize,Kharif,Sandy,Jun,Sep,Irrigated,5.6,109.5,20.6,78.7,143.8,64.6,77.6
Maize,Kharif,Sandy,Jul,Oct,Rainfed,6.8,109.7,20.9,60.0,160.7,77.0,79.2
Maize,Kharif,Sandy,Jun,Sep,Irrigated,6.9,107.0,21.5,72.8,122.7,67.4,65.1
Maize,Kharif,Sandy,Jul,Oct,Rainfed,6.3,109.1,24.1,75.9,160.7,64.8,62.8
Maize,Kharif,Sandy,Jun,Sep,Irrigated,6.7,107.4,22.6,70.3,158.9,78.1,80.1
Maize,Kharif,Sandy,Jul,Oct,Rainfed,6.5,105.8,21.7,75.7,170.1,86.3,70.7
Maize,Kharif,Sandy,Jun,Sep,Irrigated,6.7,107.4,22.9,65.9,174.2,89.6,77.6
Maize,Kharif,Sandy,Jul,Oct,Rainfed,6.0,108.7,20.5,81.4,164.7,75.8,70.4
Maize,Kharif,Sandy,Jun,Sep,Irrigated,5.7,108.9,19.5,77.0,121.0,88.3,75.9
Maize,Kharif,Sandy,Jul,Oct,Rainfed,6.7,107.7,25.1,61.2,125.3,63.3,79.5
Maize,Kharif,Sandy,Jun,Sep,Irrigated,6.1,108.2,19.2,76.3,129.3,63.1,81.0
Maize,Kharif,Sandy,Jul,Oct,Rainfed,5.5,105.4,18.9,60.7,142.3,64.9,65.8
Maize,Kharif,Sandy,Jun,Sep,Irrigated,6.7,108.8,18.2,82.1,149.3,72.5,63.0
Maize,Kharif,Sandy,Jul,Oct,Rainfed,6.5,106.1,25.0,68.9,123.9,68.6,64.6
Maize,Kharif,Sandy,Jun,Sep,Irrigated,5.7,109.2,21.4,60.3,147.2,71.0,85.6
Maize,Kharif,Sandy,Jul,Oct,Rainfed,6.3,105.9,18.8,72.7,171.1,63.6,60.7
Maize,Kharif,Sandy,Jun,Sep,Irrigated,6.7,109.7,22.5,68.5,127.1,66.4,71.1
Maize,Kharif,Sandy,Jul,Oct,Rainfed,6.1,109.6,24.7,60.3,124.4,73.2,81.6
Maize,Kharif,Sandy,Jun,Sep,Irrigated,6.7,107.2,22.1,64.6,122.8,74.1,68.9
Maize,Kharif,Sandy,Jul,Oct,Rainfed,5.8,105.8,26.3,83.7,138.0,87.1,80.1
Maize,Kharif,Sandy,Jun,Sep,Irrigated,6.9,105.5,20.8,64.2,171.4,89.3,79.0
Maize,Kharif,Sandy,Jul,Oct,Rainfed,5.9,106.9,22.4,67.9,121.4,71.7,84.9
Maize,Kharif,Sandy,Jun,Sep,Irrigated,6.4,108.7,19.4,79.4,166.8,67.3,87.0
Maize,Kharif,Sandy,Jul,Oct,Rainfed,5.9,106.2,19.0,82.0,139.5,71.4,87.0
Cotton,Kharif,Clay,Jun,Sep,Irrigated,7.6,138.5,29.0,75.1,119.1,52.2,57.9
Cotton,Kharif,Sandy,Jul,Oct,Rainfed,7.0,137.9,27.0,74.2,116.4,41.8,49.8
Cotton,Kharif,Silt,Jun,Sep,Irrigated,7.1,135.0,21.5,83.4,90.7,55.4,40.3
Cotton,Kharif,Clay,Jul,Oct,Rainfed,7.1,137.0,27.1,77.3,111.5,43.4,48.6
Cotton,Kharif,Sandy,Jun,Sep,Irrigated,7.3,138.0,26.1,70.2,88.3,51.6,54.5
Cotton,Kharif,Silt,Jul,Oct,Rainfed,7.3,138.4,27.1,77.7,114.6,55.5,51.6
Cotton,Kharif,Clay,Jun,Sep,Irrigated,7.2,137.7,26.8,84.0,81.0,54.5,53.2
Cotton,Kharif,Sandy,Jul,Oct,Rainfed,7.4,138.8,29.6,83.4,116.2,43.1,48.2
Cotton,Kharif,Silt,Jun,Sep,Irrigated,7.3,136.8,25.5,78.4,111.4,56.8,56.5
Cotton,Kharif,Clay,Jul,Oct,Rainfed,7.7,138.2,29.3,84.0,85.4,59.1,54.6
Cotton,Kharif,Sandy,Jun,Sep,Irrigated,7.6,137.7,22.4,83.1,92.2,58.2,51.9
Cotton,Kharif,Silt,Jul,Oct,Rainfed,7.9,135.2,27.2,80.9,101.2,45.1,48.2
Cotton,Kharif,Clay,Jun,Sep,Irrigated,7.5,139.5,24.1,75.7,98.5,43.8,54.5
Cotton,Kharif,Sandy,Jul,Oct,Rainfed,7.0,139.1,28.4,77.4,110.3,48.4,59.6
Cotton,Kharif,Silt,Jun,Sep,Irrigated,7.8,138.6,24.0,70.3,114.4,55.1,51.5
Cotton,Kharif,Clay,Jul,Oct,Rainfed,7.1,136.8,22.4,80.3,95.1,44.2,55.1
Cotton,Kharif,Sandy,Jun,Sep,Irrigated,7.9,135.2,29.4,77.8,94.4,42.6,48.7
Cotton,Kharif,Silt,Jul,Oct,Rainfed,7.5,138.6,26.8,88.2,84.0,59.5,56.2
Cotton,Kharif,Clay,Jun,Sep,Irrigated,7.1,139.4,22.4,86.7,114.2,41.2,58.8
Cotton,Kharif,Sandy,Jul,Oct,Rainfed,7.2,138.0,24.8,88.8,88.1,53.8,57.1
Cotton,Kharif,Silt,Jun,Sep,Irrigated,7.2,138.2,22.8,73.0,115.0,52.5,52.2
Cotton,Kharif,Clay,Jul,Oct,Rainfed,7.1,135.4,25.9,86.3,119.8,47.1,49.3
Cotton,Kharif,Sandy,Jun,Sep,Irrigated,7.5,135.5,29.1,85.6,90.5,59.0,58.0
Cotton,Kharif,Silt,Jul,Oct,Rainfed,7.0,139.3,28.4,73.5,83.8,45.9,59.6
Cotton,Kharif,Clay,Jun,Sep,Irrigated,7.9,139.9,22.1,74.1,82.8,48.0,44.3
Cotton,Kharif,Sandy,Jul,Oct,Rainfed,7.1,136.1,25.3,81.9,113.6,49.0,43.2
Cotton,Kharif,Silt,Jun,Sep,Irrigated,7.4,135.1,28.1,83.0,115.9,50.6,50.3
Cotton,Kharif,Clay,Jul,Oct,Rainfed,7.8,139.8,26.2,70.2,116.9,54.3,51.0
Cotton,Kharif,Sandy,Jun,Sep,Irrigated,7.2,138.4,23.7,87.6,112.0,54.9,59.8
Cotton,Kharif,Silt,Jul,Oct,Rainfed,7.3,138.9,27.8,80.3,110.1,59.0,52.3
Cotton,Kharif,Clay,Jun,Sep,Irrigated,7.2,137.4,24.8,72.3,118.1,58.5,59.7
Cotton,Kharif,Sandy,Jul,Oct,Rainfed,7.1,138.6,22.0,75.8,111.1,51.2,44.3
Cotton,Kharif,Silt,Jun,Sep,Irrigated,7.8,136.6,25.5,80.0,87.9,52.4,45.5
Cotton,Kharif,Clay,Jul,Oct,Rainfed,7.8,135.3,24.3,75.6,83.1,40.9,41.3
Cotton,Kharif,Sandy,Jun,Sep,Irrigated,7.7,135.4,24.1,72.3,86.4,51.5,52.6
Cotton,Kharif,Silt,Jul,Oct,Rainfed,7.4,139.3,28.4,74.5,88.5,40.6,46.4
Cotton,Kharif,Clay,Jun,Sep,Irrigated,7.6,137.3,26.7,70.3,114.8,43.6,55.8
Cotton,Kharif,Sandy,Jul,Oct,Rainfed,7.5,139.4,23.9,77.0,119.1,51.2,49.3
Cotton,Kharif,Silt,Jun,Sep,Irrigated,7.9,137.3,26.1,70.2,91.4,53.0,51.3
Cotton,Kharif,Clay,Jul,Oct,Rainfed,7.6,136.4,23.9,79.3,84.0,56.6,58.5
Cotton,Kharif,Sandy,Jun,Sep,Irrigated,7.9,138.7,27.1,79.0,101.4,52.0,50.4
Cotton,Kharif,Silt,Jul,Oct,Rainfed,7.6,135.1,21.2,81.9,80.4,60.0,56.9
Cotton,Kharif,Clay,Jun,Sep,Irrigated,7.9,139.0,22.5,75.2,91.5,43.5,40.2
Cotton,Kharif,Sandy,Jul,Oct,Rainfed,7.2,139.1,21.1,89.7,93.7,45.2,56.9
Cotton,Kharif,Silt,Jun,Sep,Irrigated,7.4,137.5,29.5,76.3,100.8,53.8,49.0
Cotton,Kharif,Clay,Jul,Oct,Rainfed,7.7,137.3,28.5,86.8,101.7,46.2,55.9
Cotton,Kharif,Sandy,Jun,Sep,Irrigated,7.7,135.6,24.1,80.0,85.4,46.2,49.2
Cotton,Kharif,Silt,Jul,Oct,Rainfed,7.2,138.6,22.0,84.8,106.4,55.8,58.0
Cotton,Kharif,Clay,Jun,Sep,Irrigated,7.5,135.4,23.8,89.3,89.5,58.0,45.6
Cotton,Kharif,Sandy,Jul,Oct,Rainfed,7.9,136.0,26.9,84.9,109.2,40.7,41.1
Cotton,Kharif,Silt,Jun,Sep,Irrigated,7.9,138.9,21.9,74.6,107.0,43.4,59.6
Cotton,Kharif,Clay,Jul,Oct,Rainfed,7.6,136.3,25.7,75.4,83.6,57.5,45.2
Cotton,Kharif,Sandy,Jun,Sep,Irrigated,7.1,139.5,27.6,81.2,88.5,59.4,47.7
Cotton,Kharif,Silt,Jul,Oct,Rainfed,7.8,139.7,27.2,71.4,102.1,55.0,59.1
Cotton,Kharif,Clay,Jun,Sep,Irrigated,7.6,137.7,27.3,84.4,80.0,40.7,50.1
Cotton,Kharif,Sandy,Jul,Oct,Rainfed,7.5,139.3,21.3,84.7,112.0,53.5,51.5
Cotton,Kharif,Silt,Jun,Sep,Irrigated,7.5,135.9,21.8,83.5,87.9,51.9,55.7
Cotton,Kharif,Clay,Jul,Oct,Rainfed,7.8,137.0,26.9,71.3,88.7,59.2,41.0
Cotton,Kharif,Sandy,Jun,Sep,Irrigated,7.8,136.4,25.6,70.0,96.3,58.9,59.0
Cotton,Kharif,Silt,Jul,Oct,Rainfed,7.6,136.6,27.0,83.9,114.0,45.7,55.4
Cotton,Kharif,Clay,Jun,Sep,Irrigated,7.5,137.5,27.1,77.9,96.0,40.4,53.2
Cotton,Kharif,Sandy,Jul,Oct,Rainfed,7.6,136.1,25.6,87.1,80.5,42.7,45.1
Cotton,Kharif,Silt,Jun,Sep,Irrigated,7.7,139.2,26.8,80.1,94.2,51.4,43.5
Cotton,Kharif,Clay,Jul,Oct,Rainfed,7.8,139.4,26.1,76.0,98.7,55.3,58.8
Cotton,Kharif,Sandy,Jun,Sep,Irrigated,7.3,135.9,28.0,80.8,87.9,41.3,57.5
Cotton,Kharif,Silt,Jul,Oct,Rainfed,7.9,135.5,29.1,86.9,81.2,55.0,58.1
Cotton,Kharif,Clay,Jun,Sep,Irrigated,7.0,138.2,21.0,89.5,80.3,54.9,45.8
Cotton,Kharif,Sandy,Jul,Oct,Rainfed,7.5,135.6,23.3,88.7,91.3,59.7,55.6
Cotton,Kharif,Silt,Jun,Sep,Irrigated,7.6,137.8,24.2,80.8,82.0,45.0,56.5
Cotton,Kharif,Clay,Jul,Oct,Rainfed,7.6,135.7,24.1,85.5,118.0,55.5,43.6
Cotton,Kharif,Sandy,Jun,Sep,Irrigated,7.2,139.8,26.8,74.2,112.2,41.4,52.6
Cotton,Kharif,Silt,Jul,Oct,Rainfed,7.6,135.5,24.8,89.7,92.9,46.4,56.6
Cotton,Kharif,Clay,Jun,Sep,Irrigated,7.2,136.2,25.8,81.2,90.6,43.2,48.6
Cotton,Kharif,Sandy,Jul,Oct,Rainfed,7.7,135.2,24.2,85.2,93.1,51.7,52.2
Cotton,Kharif,Silt,Jun,Sep,Irrigated,7.7,139.1,24.7,70.6,90.4,57.7,46.2
Cotton,Kharif,Clay,Jul,Oct,Rainfed,7.5,139.6,24.0,89.3,110.1,51.2,53.0
Cotton,Kharif,Sandy,Jun,Sep,Irrigated,7.9,138.2,21.9,80.9,115.7,45.6,40.2
Cotton,Kharif,Silt,Jul,Oct,Rainfed,7.2,137.2,23.1,85.9,95.8,47.7,49.4
Cotton,Kharif,Clay,Jun,Sep,Irrigated,7.2,138.1,22.8,83.9,95.7,53.1,49.5
Cotton,Kharif,Sandy,Jul,Oct,Rainfed,7.5,136.3,23.7,89.9,95.2,50.6,58.8
Cotton,Kharif,Silt,Jun,Sep,Irrigated,7.2,135.8,27.1,77.2,96.6,56.0,50.0
Cotton,Kharif,Clay,Jul,Oct,Rainfed,7.8,136.9,21.8,81.7,106.8,54.4,56.4
Cotton,Kharif,Sandy,Jun,Sep,Irrigated,7.9,138.6,29.5,85.3,115.6,51.9,40.6
Cotton,Kharif,Silt,Jul,Oct,Rainfed,7.2,139.3,27.9,79.4,91.7,57.0,50.7
Cotton,Kharif,Clay,Jun,Sep,Irrigated,7.5,139.7,24.9,74.2,94.2,51.3,58.4
Cotton,Kharif,Sandy,Jul,Oct,Rainfed,7.8,137.7,23.0,84.8,119.5,46.3,47.0
Cotton,Kharif,Silt,Jun,Sep,Irrigated,7.3,136.0,21.5,79.2,118.5,48.4,57.7
Cotton,Kharif,Clay,Jul,Oct,Rainfed,7.3,137.8,28.1,87.3,106.8,59.2,47.9
Cotton,Kharif,Sandy,Jun,Sep,Irrigated,7.4,136.3,22.5,79.2,81.7,54.6,53.5
Cotton,Kharif,Silt,Jul,Oct,Rainfed,7.7,139.5,29.4,79.5,110.4,50.4,49.5
Cotton,Kharif,Clay,Jun,Sep,Irrigated,7.2,137.7,23.3,88.8,100.7,52.7,53.6
Cotton,Kharif,Sandy,Jul,Oct,Rainfed,7.1,138.1,28.2,82.7,115.9,44.5,46.4
Cotton,Kharif,Silt,Jun,Sep,Irrigated,7.2,136.3,23.1,83.1,87.6,41.7,40.2
Cotton,Kharif,Clay,Jul,Oct,Rainfed,7.8,139.9,24.2,81.2,111.8,58.4,41.7
Cotton,Kharif,Sandy,Jun,Sep,Irrigated,7.4,136.4,21.7,71.3,98.5,55.7,45.8
Cotton,Kharif,Silt,Jul,Oct,Rainfed,7.8,135.5,28.0,86.9,83.2,41.2,45.5
Cotton,Kharif,Clay,Jun,Sep,Irrigated,7.1,137.7,25.9,84.3,82.9,44.0,55.6
Cotton,Kharif,Sandy,Jul,Oct,Rainfed,7.6,138.0,24.1,87.6,91.6,40.2,47.0
Cotton,Kharif,Silt,Jun,Sep,Irrigated,7.9,136.2,25.7,88.9,93.1,45.1,48.8
Cotton,Kharif,Clay,Jul,Oct,Rainfed,7.4,137.6,24.7,73.5,96.4,52.1,46.4
Cotton,Kharif,Sandy,Jun,Sep,Irrigated,7.7,135.5,23.1,81.9,104.0,49.5,49.7
Cotton,Kharif,Silt,Jul,Oct,Rainfed,7.2,135.2,24.7,77.8,88.1,49.2,45.1
Cotton,Kharif,Clay,Jun,Sep,Irrigated,7.8,139.5,27.6,71.9,84.4,50.2,43.9
Cotton,Kharif,Sandy,Jul,Oct,Rainfed,7.4,139.2,24.3,74.7,95.8,43.7,48.6
Cotton,Kharif,Silt,Jun,Sep,Irrigated,7.7,135.3,24.3,87.0,116.2,50.2,52.7
Cotton,Kharif,Clay,Jul,Oct,Rainfed,7.7,138.2,24.9,75.4,84.7,57.7,46.1
Cotton,Kharif,Sandy,Jun,Sep,Irrigated,7.4,137.8,24.3,87.0,91.1,58.2,40.5
Cotton,Kharif,Silt,Jul,Oct,Rainfed,7.8,136.4,29.7,72.8,107.5,55.8,56.1
Cotton,Kharif,Clay,Jun,Sep,Irrigated,7.1,136.0,23.4,77.9,89.8,59.7,46.2
Cotton,Kharif,Sandy,Jul,Oct,Rainfed,7.2,135.4,23.1,82.1,87.8,58.5,47.9
Cotton,Kharif,Silt,Jun,Sep,Irrigated,7.1,135.1,25.7,73.0,98.8,53.3,55.8
Cotton,Kharif,Clay,Jul,Oct,Rainfed,7.9,137.0,21.2,73.2,82.7,51.0,47.1
Cotton,Kharif,Sandy,Jun,Sep,Irrigated,7.1,136.4,29.2,88.0,83.4,51.7,43.2
Cotton,Kharif,Silt,Jul,Oct,Rainfed,7.8,136.4,24.4,71.2,106.2,55.9,53.1
Cotton,Kharif,Clay,Jun,Sep,Irrigated,7.1,135.9,30.0,87.6,86.1,58.3,54.0
Cotton,Kharif,Sandy,Jul,Oct,Rainfed,7.1,138.7,26.9,83.4,93.2,49.8,55.5
Cotton,Kharif,Silt,Jun,Sep,Irrigated,7.1,140.0,26.3,81.6,92.4,50.4,51.1
Cotton,Kharif,Clay,Jul,Oct,Rainfed,7.8,137.1,21.5,89.7,115.3,41.0,40.1
Cotton,Kharif,Sandy,Jun,Sep,Irrigated,7.3,137.3,26.0,79.7,112.9,52.7,53.7
Cotton,Kharif,Silt,Jul,Oct,Rainfed,8.0,136.5,25.3,74.6,99.7,50.4,55.2
Cotton,Kharif,Clay,Jun,Sep,Irrigated,7.2,137.4,23.2,77.3,93.1,56.7,47.5
Cotton,Kharif,Sandy,Jul,Oct,Rainfed,7.3,138.1,24.4,84.5,89.7,54.5,58.2
Cotton,Kharif,Silt,Jun,Sep,Irrigated,8.0,139.6,27.0,77.0,115.9,48.7,48.5
Cotton,Kharif,Clay,Jul,Oct,Rainfed,7.5,139.6,26.0,79.8,116.1,43.1,51.6
Cotton,Kharif,Sandy,Jun,Sep,Irrigated,7.5,138.4,24.8,80.6,97.7,44.1,50.4
Cotton,Kharif,Silt,Jul,Oct,Rainfed,7.2,135.8,25.0,70.8,117.6,53.0,40.2
Cotton,Kharif,Clay,Jun,Sep,Irrigated,7.7,139.3,21.1,79.9,98.1,41.6,58.7
Cotton,Kharif,Sandy,Jul,Oct,Rainfed,7.5,137.9,25.5,80.3,80.0,50.1,47.0
Cotton,Kharif,Silt,Jun,Sep,Irrigated,8.0,135.1,21.0,82.7,80.9,53.5,48.1
Cotton,Kharif,Clay,Jul,Oct,Rainfed,8.0,135.2,22.8,85.0,95.9,49.8,52.0
Cotton,Kharif,Sandy,Jun,Sep,Irrigated,7.8,135.4,24.2,82.8,111.6,59.3,44.1
Cotton,Kharif,Silt,Jul,Oct,Rainfed,7.2,135.4,28.7,88.1,86.4,54.5,51.0
Cotton,Kharif,Clay,Jun,Sep,Irrigated,7.5,136.4,25.5,74.0,95.3,58.6,48.9
Cotton,Kharif,Sandy,Jul,Oct,Rainfed,7.5,139.1,27.3,70.9,110.8,50.6,54.7
Cotton,Kharif,Silt,Jun,Sep,Irrigated,7.0,139.0,26.7,78.7,116.5,41.1,47.9
Cotton,Kharif,Clay,Jul,Oct,Rainfed,7.2,136.4,22.1,86.9,89.0,54.4,41.2
Cotton,Kharif,Sandy,Jun,Sep,Irrigated,7.3,136.4,28.9,71.0,88.4,49.4,48.2
Cotton,Kharif,Silt,Jul,Oct,Rainfed,7.3,140.0,25.5,85.2,92.9,43.5,49.3
Cotton,Kharif,Clay,Jun,Sep,Irrigated,7.0,138.9,29.5,83.2,116.2,48.5,43.2
Cotton,Kharif,Sandy,Jul,Oct,Rainfed,7.7,139.5,29.4,86.9,99.4,54.6,44.6
Cotton,Kharif,Silt,Jun,Sep,Irrigated,7.0,138.3,24.2,82.5,85.0,51.7,42.3
Cotton,Kharif,Clay,Jul,Oct,Rainfed,7.1,136.8,24.4,74.1,96.5,49.9,50.9
Cotton,Kharif,Sandy,Jun,Sep,Irrigated,7.3,136.3,21.7,87.0,92.7,52.3,45.6
Cotton,Kharif,Silt,Jul,Oct,Rainfed,7.3,139.4,23.8,74.6,91.6,58.9,49.3
Cotton,Kharif,Clay,Jun,Sep,Irrigated,7.9,136.5,24.6,76.1,119.7,53.2,48.5
Cotton,Kharif,Sandy,Jul,Oct,Rainfed,7.7,138.3,23.0,77.7,82.8,52.9,42.1
Cotton,Kharif,Silt,Jun,Sep,Irrigated,7.9,137.2,21.0,88.7,109.2,49.3,48.3
Cotton,Kharif,Clay,Jul,Oct,Rainfed,7.9,139.8,21.4,81.4,90.3,52.3,43.2
Cotton,Kharif,Sandy,Jun,Sep,Irrigated,7.1,136.1,24.4,87.0,115.0,50.6,53.1
Cotton,Kharif,Silt,Jul,Oct,Rainfed,7.7,137.0,29.3,76.1,114.8,41.5,55.9
Cotton,Kharif,Clay,Jun,Sep,Irrigated,7.8,139.5,29.6,70.8,82.9,58.2,54.4
Cotton,Kharif,Sandy,Jul,Oct,Rainfed,7.5,138.1,24.5,86.2,94.5,58.4,51.3
Cotton,Kharif,Silt,Jun,Sep,Irrigated,7.8,136.9,27.5,73.7,93.4,55.7,41.2
Cotton,Kharif,Clay,Jul,Oct,Rainfed,7.6,137.4,25.9,70.4,119.7,51.9,58.7
Cotton,Kharif,Sandy,Jun,Sep,Irrigated,7.3,138.1,27.9,81.3,83.6,41.7,51.9
Cotton,Kharif,Silt,Jul,Oct,Rainfed,7.7,137.1,27.7,88.4,102.1,52.3,50.4
Cotton,Kharif,Clay,Jun,Sep,Irrigated,7.3,139.0,25.1,88.6,80.6,50.4,47.2
Cotton,Kharif,Sandy,Jul,Oct,Rainfed,7.9,139.1,26.9,79.9,94.6,46.2,43.7
Cotton,Kharif,Silt,Jun,Sep,Irrigated,7.8,139.1,25.4,84.1,90.9,44.6,57.5
Cotton,Kharif,Clay,Jul,Oct,Rainfed,7.1,138.1,28.2,72.4,87.2,58.3,50.4
Cotton,Kharif,Sandy,Jun,Sep,Irrigated,7.6,137.2,21.3,81.2,86.1,51.2,42.4
Cotton,Kharif,Silt,Jul,Oct,Rainfed,7.0,135.2,28.0,77.5,84.1,49.5,46.0
Cotton,Kharif,Clay,Jun,Sep,Irrigated,7.1,137.4,23.5,89.3,97.7,52.5,45.3
Cotton,Kharif,Sandy,Jul,Oct,Rainfed,7.4,139.7,27.2,73.4,80.7,57.7,44.9
Cotton,Kharif,Silt,Jun,Sep,Irrigated,7.6,139.7,22.0,82.7,117.8,52.3,46.0
Cotton,Kharif,Clay,Jul,Oct,Rainfed,7.0,135.7,21.4,72.3,118.9,46.4,42.4
Cotton,Kharif,Sandy,Jun,Sep,Irrigated,7.0,136.5,27.5,82.4,92.5,50.7,58.1
Cotton,Kharif,Silt,Jul,Oct,Rainfed,7.1,137.2,27.4,86.5,98.8,46.9,44.1
Cotton,Kharif,Clay,Jun,Sep,Irrigated,7.4,135.4,28.9,85.3,119.3,57.6,42.0
Cotton,Kharif,Sandy,Jul,Oct,Rainfed,7.5,136.9,22.2,79.0,117.1,44.9,57.3
Cotton,Kharif,Silt,Jun,Sep,Irrigated,7.9,138.5,28.9,87.0,95.6,45.0,42.9
Cotton,Kharif,Clay,Jul,Oct,Rainfed,7.3,138.1,24.4,73.9,103.0,41.1,40.7
Cotton,Kharif,Sandy,Jun,Sep,Irrigated,7.6,135.9,21.5,87.7,114.4,53.4,57.3
Cotton,Kharif,Silt,Jul,Oct,Rainfed,7.5,138.7,29.6,79.5,97.9,58.7,49.1
Cotton,Kharif,Clay,Jun,Sep,Irrigated,7.0,136.5,28.5,78.1,102.7,54.1,47.5
Cotton,Kharif,Sandy,Jul,Oct,Rainfed,7.8,138.8,29.7,88.4,117.3,47.8,43.4
Cotton,Kharif,Silt,Jun,Sep,Irrigated,7.1,137.3,27.0,78.6,117.0,43.7,52.4
Cotton,Kharif,Clay,Jul,Oct,Rainfed,7.9,137.3,27.1,90.0,100.3,44.4,44.4
Cotton,Kharif,Sandy,Jun,Sep,Irrigated,7.1,136.1,27.9,86.6,105.5,46.6,47.5
Cotton,Kharif,Silt,Jul,Oct,Rainfed,7.4,139.9,21.2,82.7,116.3,51.6,57.1
Cotton,Kharif,Clay,Jun,Sep,Irrigated,8.0,138.9,28.9,74.0,105.6,44.6,54.8
Cotton,Kharif,Sandy,Jul,Oct,Rainfed,7.3,135.1,22.5,78.2,118.0,52.0,49.0
Cotton,Kharif,Silt,Jun,Sep,Irrigated,7.4,139.6,26.7,76.4,99.3,50.7,44.3
Cotton,Kharif,Clay,Jul,Oct,Rainfed,7.3,135.9,29.5,83.1,90.7,57.6,50.8
Cotton,Kharif,Sandy,Jun,Sep,Irrigated,7.7,139.6,23.0,87.2,114.0,52.4,55.2
Cotton,Kharif,Silt,Jul,Oct,Rainfed,7.7,138.7,29.3,75.4,82.4,59.8,42.5
Cotton,Kharif,Clay,Jun,Sep,Irrigated,7.2,138.2,27.4,87.9,91.6,50.4,41.5
Cotton,Kharif,Sandy,Jul,Oct,Rainfed,7.1,139.9,25.8,78.0,116.5,40.1,45.9
Cotton,Kharif,Silt,Jun,Sep,Irrigated,7.9,139.7,25.4,82.0,108.9,41.7,45.2
Cotton,Kharif,Clay,Jul,Oct,Rainfed,7.8,136.6,25.6,71.9,95.7,49.0,54.4
Cotton,Kharif,Sandy,Jun,Sep,Irrigated,7.2,135.4,24.3,73.5,109.4,44.1,56.1
Cotton,Kharif,Silt,Jul,Oct,Rainfed,7.4,138.0,25.6,85.1,97.9,41.3,57.5
Cotton,Kharif,Clay,Jun,Sep,Irrigated,7.9,139.0,25.3,85.1,91.0,45.5,59.2
Cotton,Kharif,Sandy,Jul,Oct,Rainfed,7.3,138.3,22.0,72.9,119.5,56.6,49.8
Cotton,Kharif,Silt,Jun,Sep,Irrigated,7.6,136.4,23.0,75.2,118.2,46.0,43.6
Cotton,Kharif,Clay,Jul,Oct,Rainfed,7.2,137.8,23.1,70.9,108.5,48.3,49.4
Cotton,Kharif,Sandy,Jun,Sep,Irrigated,8.0,138.2,24.2,74.1,119.0,45.9,55.6
Cotton,Kharif,Silt,Jul,Oct,Rainfed,7.3,139.0,24.1,72.6,95.2,42.9,43.3
Cotton,Kharif,Clay,Jun,Sep,Irrigated,7.1,137.7,24.4,77.3,81.0,51.6,45.6
Cotton,Kharif,Sandy,Jul,Oct,Rainfed,7.2,139.5,23.0,80.1,96.3,41.6,43.3
Cotton,Kharif,Silt,Jun,Sep,Irrigated,7.3,135.5,28.7,73.6,113.3,58.6,48.3
Cotton,Kharif,Clay,Jul,Oct,Rainfed,7.4,137.4,23.9,72.4,103.3,55.4,55.9
Cotton,Kharif,Sandy,Jun,Sep,Irrigated,7.0,138.4,26.3,77.6,92.8,58.3,46.5
Cotton,Kharif,Silt,Jul,Oct,Rainfed,7.8,139.7,22.9,79.8,84.4,54.1,45.3
Cotton,Kharif,Clay,Jun,Sep,Irrigated,7.6,136.2,26.5,74.2,94.6,43.8,52.5
Cotton,Kharif,Sandy,Jul,Oct,Rainfed,7.4,137.6,29.2,79.1,119.1,59.8,51.7
Cotton,Kharif,Silt,Jun,Sep,Irrigated,7.3,138.1,23.2,82.2,107.7,50.5,45.4
Cotton,Kharif,Clay,Jul,Oct,Rainfed,7.8,136.7,24.0,73.9,82.0,40.0,58.9
Cotton,Kharif,Sandy,Jun,Sep,Irrigated,7.0,136.3,27.8,74.2,106.1,41.1,58.4
Cotton,Kharif,Silt,Jul,Oct,Rainfed,7.4,138.1,29.0,81.9,98.6,43.8,52.4
Cotton,Kharif,Clay,Jun,Sep,Irrigated,7.9,139.2,25.3,83.2,103.1,46.7,52.8
Cotton,Kharif,Sandy,Jul,Oct,Rainfed,7.7,140.0,21.7,79.3,82.6,54.8,41.7
Cotton,Kharif,Silt,Jun,Sep,Irrigated,7.5,138.8,25.2,74.1,105.2,50.8,40.4
Cotton,Kharif,Clay,Jul,Oct,Rainfed,7.1,137.7,28.2,81.0,97.4,44.0,51.5
Cotton,Kharif,Sandy,Jun,Sep,Irrigated,7.9,139.8,29.3,85.7,112.2,47.5,41.1
Cotton,Kharif,Silt,Jul,Oct,Rainfed,7.2,135.1,27.9,81.0,104.3,53.9,46.9
Cotton,Kharif,Clay,Jun,Sep,Irrigated,7.7,139.8,21.6,87.6,94.1,45.8,49.7
Cotton,Kharif,Sandy,Jul,Oct,Rainfed,7.6,139.4,23.4,71.4,84.4,58.5,51.6
Cotton,Kharif,Silt,Jun,Sep,Irrigated,7.3,135.6,27.0,87.6,99.0,52.6,53.9
Cotton,Kharif,Clay,Jul,Oct,Rainfed,7.7,135.8,29.7,86.9,107.7,49.5,45.3
Cotton,Kharif,Sandy,Jun,Sep,Irrigated,7.3,135.0,24.9,79.4,112.1,45.1,52.0
Cotton,Kharif,Silt,Jul,Oct,Rainfed,7.8,136.4,21.3,82.7,95.0,53.9,51.5
Cotton,Kharif,Clay,Jun,Sep,Irrigated,7.7,139.2,23.5,76.9,108.7,58.6,53.8
Cotton,Kharif,Sandy,Jul,Oct,Rainfed,7.2,137.3,29.2,70.5,99.7,54.7,56.0
Cotton,Kharif,Silt,Jun,Sep,Irrigated,7.2,138.7,28.7,82.4,94.9,47.0,48.7
Cotton,Kharif,Clay,Jul,Oct,Rainfed,8.0,139.9,21.0,85.5,87.7,58.0,56.9
Cotton,Kharif,Sandy,Jun,Sep,Irrigated,7.9,139.1,21.3,76.3,109.9,56.7,58.6
Cotton,Kharif,Silt,Jul,Oct,Rainfed,7.2,136.1,24.9,79.6,96.2,58.1,44.1
Cotton,Kharif,Clay,Jun,Sep,Irrigated,7.1,138.7,24.6,81.3,118.9,48.4,50.3
Cotton,Kharif,Sandy,Jul,Oct,Rainfed,7.9,138.3,26.4,77.0,82.9,53.8,58.1
Cotton,Kharif,Silt,Jun,Sep,Irrigated,7.2,136.0,26.9,73.0,91.2,49.4,47.8
Cotton,Kharif,Clay,Jul,Oct,Rainfed,7.1,139.3,29.6,84.4,90.1,42.0,41.7
Cotton,Kharif,Sandy,Jun,Sep,Irrigated,7.2,138.3,24.4,89.2,103.2,58.9,51.6
Cotton,Kharif,Silt,Jul,Oct,Rainfed,7.5,135.3,24.5,84.9,105.3,43.9,53.6
Cotton,Kharif,Clay,Jun,Sep,Irrigated,7.4,140.0,22.7,78.9,104.9,57.4,45.2
Cotton,Kharif,Sandy,Jul,Oct,Rainfed,7.2,136.9,29.0,85.7,83.9,52.9,53.5
Cotton,Kharif,Silt,Jun,Sep,Irrigated,7.8,139.9,25.2,80.9,119.5,56.2,53.4
Cotton,Kharif,Clay,Jul,Oct,Rainfed,7.6,135.7,23.9,75.8,101.9,54.4,58.6
Cotton,Kharif,Sandy,Jun,Sep,Irrigated,7.6,137.2,28.1,81.7,89.0,50.2,52.1
Cotton,Kharif,Silt,Jul,Oct,Rainfed,7.4,138.6,25.0,74.0,85.5,45.1,40.4
Cotton,Kharif,Clay,Jun,Sep,Irrigated,7.2,136.2,24.9,74.1,81.9,49.8,55.8
Cotton,Kharif,Sandy,Jul,Oct,Rainfed,7.7,137.4,21.4,73.6,94.0,55.3,47.3
Cotton,Kharif,Silt,Jun,Sep,Irrigated,7.1,135.5,24.1,70.7,91.7,49.5,48.0
Cotton,Kharif,Clay,Jul,Oct,Rainfed,7.8,139.3,23.5,89.0,112.2,40.0,57.7
Cotton,Kharif,Sandy,Jun,Sep,Irrigated,7.5,138.9,26.9,89.2,103.1,50.9,50.7
Cotton,Kharif,Silt,Jul,Oct,Rainfed,7.2,139.0,26.0,89.4,117.1,59.0,51.3
Cotton,Kharif,Clay,Jun,Sep,Irrigated,8.0,139.9,28.1,71.5,117.7,41.7,46.8
Cotton,Kharif,Sandy,Jul,Oct,Rainfed,7.7,137.9,21.2,73.5,103.7,56.6,49.8
Cotton,Kharif,Silt,Jun,Sep,Irrigated,7.8,137.8,26.0,80.4,103.4,53.4,40.9
Cotton,Kharif,Clay,Jul,Oct,Rainfed,7.3,137.3,27.1,85.6,88.9,52.1,44.6
Cotton,Kharif,Sandy,Jun,Sep,Irrigated,7.3,137.1,27.8,83.0,83.0,41.7,49.4
Cotton,Kharif,Silt,Jul,Oct,Rainfed,7.7,138.0,28.8,83.3,80.3,48.3,58.1
Cotton,Kharif,Clay,Jun,Sep,Irrigated,7.2,136.6,29.8,77.5,112.9,48.8,49.3
Cotton,Kharif,Sandy,Jul,Oct,Rainfed,7.2,135.9,23.3,75.8,111.3,52.5,56.7
Cotton,Kharif,Silt,Jun,Sep,Irrigated,7.1,137.8,21.3,80.2,106.3,40.7,41.9
Cotton,Kharif,Clay,Jul,Oct,Rainfed,7.1,136.4,22.6,83.1,105.4,56.1,50.3
Cotton,Kharif,Sandy,Jun,Sep,Irrigated,7.1,136.2,28.5,81.1,107.5,51.8,48.5
Cotton,Kharif,Silt,Jul,Oct,Rainfed,7.3,138.4,29.4,75.5,92.5,51.7,45.9
Cotton,Kharif,Clay,Jun,Sep,Irrigated,7.0,136.3,24.3,83.4,99.3,46.0,42.3
Cotton,Kharif,Sandy,Jul,Oct,Rainfed,7.7,137.2,29.2,70.7,101.7,55.4,58.6
Cotton,Kharif,Silt,Jun,Sep,Irrigated,7.0,135.2,24.4,76.8,86.9,42.5,45.2
Cotton,Kharif,Clay,Jul,Oct,Rainfed,7.1,139.0,28.6,75.9,99.0,57.6,43.1
Cotton,Kharif,Sandy,Jun,Sep,Irrigated,7.5,138.1,25.3,73.9,84.1,54.4,53.3
Cotton,Kharif,Silt,Jul,Oct,Rainfed,7.0,135.7,21.2,72.5,84.6,57.0,42.4
Cotton,Kharif,Clay,Jun,Sep,Irrigated,7.2,136.6,21.1,82.4,81.5,58.3,51.4
Cotton,Kharif,Sandy,Jul,Oct,Rainfed,7.5,138.8,25.4,77.4,101.7,40.1,55.3
Cotton,Kharif,Silt,Jun,Sep,Irrigated,7.4,139.0,21.7,86.1,83.7,48.6,59.0
Cotton,Kharif,Clay,Jul,Oct,Rainfed,7.5,136.3,23.6,89.2,114.4,53.3,52.9
Cotton,Kharif,Sandy,Jun,Sep,Irrigated,7.0,137.3,29.1,74.1,90.1,58.1,54.1
Cotton,Kharif,Silt,Jul,Oct,Rainfed,7.8,135.8,29.3,87.6,98.7,52.8,49.4
Cotton,Kharif,Clay,Jun,Sep,Irrigated,7.7,138.2,24.6,73.7,94.0,58.5,47.0
Cotton,Kharif,Sandy,Jul,Oct,Rainfed,7.8,137.4,22.8,73.1,91.6,58.0,51.4
Cotton,Kharif,Silt,Jun,Sep,Irrigated,7.9,137.7,28.9,73.4,92.9,52.5,51.9
Cotton,Kharif,Clay,Jul,Oct,Rainfed,7.4,135.1,24.2,85.5,87.1,58.6,57.0
Cotton,Kharif,Sandy,Jun,Sep,Irrigated,7.1,139.1,28.9,83.3,100.8,48.4,52.0
Cotton,Kharif,Silt,Jul,Oct,Rainfed,7.7,136.6,25.4,79.7,116.9,41.7,51.0
Cotton,Kharif,Clay,Jun,Sep,Irrigated,7.4,138.8,25.5,81.2,114.4,52.4,45.8
Cotton,Kharif,Sandy,Jul,Oct,Rainfed,7.7,139.3,29.3,72.7,109.0,51.0,40.2
Cotton,Kharif,Silt,Jun,Sep,Irrigated,7.2,139.7,26.0,78.7,99.1,50.8,53.8
Cotton,Kharif,Clay,Jul,Oct,Rainfed,7.9,139.6,23.8,88.7,97.8,52.6,52.9
Cotton,Kharif,Sandy,Jun,Sep,Irrigated,7.9,135.7,25.5,87.9,97.2,48.3,51.6
Cotton,Kharif,Silt,Jul,Oct,Rainfed,7.5,137.9,25.7,85.6,109.9,59.7,48.3
Cotton,Kharif,Clay,Jun,Sep,Irrigated,7.8,135.1,29.8,79.3,80.8,51.7,59.0
Cotton,Kharif,Sandy,Jul,Oct,Rainfed,7.7,135.9,26.3,73.4,87.5,53.1,48.5
Cotton,Kharif,Silt,Jun,Sep,Irrigated,7.6,139.1,27.8,83.5,116.5,48.7,55.7
Cotton,Kharif,Clay,Jul,Oct,Rainfed,7.0,138.1,27.9,71.3,112.3,54.7,41.5
Cotton,Kharif,Sandy,Jun,Sep,Irrigated,7.8,136.7,24.9,79.8,119.9,50.5,50.2
Cotton,Kharif,Silt,Jul,Oct,Rainfed,7.7,135.4,25.7,85.2,115.5,48.1,44.2
Cotton,Kharif,Clay,Jun,Sep,Irrigated,7.9,139.3,24.2,89.0,95.2,54.4,43.2
Cotton,Kharif,Sandy,Jul,Oct,Rainfed,7.1,135.3,24.7,70.2,86.6,55.0,53.2
Cotton,Kharif,Silt,Jun,Sep,Irrigated,7.5,137.5,27.0,87.1,80.1,56.6,52.8
Cotton,Kharif,Clay,Jul,Oct,Rainfed,7.5,139.4,24.4,74.0,111.3,57.1,58.4
Cotton,Kharif,Sandy,Jun,Sep,Irrigated,7.6,135.2,29.9,70.4,113.0,41.3,54.3
Cotton,Kharif,Silt,Jul,Oct,Rainfed,7.5,135.4,22.0,75.9,107.8,49.2,42.2
Cotton,Kharif,Clay,Jun,Sep,Irrigated,7.4,139.1,27.6,75.4,81.4,42.8,56.2
Cotton,Kharif,Sandy,Jul,Oct,Rainfed,7.7,139.4,28.7,80.1,114.4,45.1,51.8
Cotton,Kharif,Silt,Jun,Sep,Irrigated,7.4,139.2,21.2,77.2,101.6,50.4,58.7
Cotton,Kharif,Clay,Jul,Oct,Rainfed,7.3,137.0,23.5,86.0,95.7,50.0,46.6
Cotton,Kharif,Sandy,Jun,Sep,Irrigated,7.1,137.7,25.8,88.9,115.2,43.0,59.7
Cotton,Kharif,Silt,Jul,Oct,Rainfed,7.5,138.1,27.7,76.3,107.0,50.8,59.5
Cotton,Kharif,Clay,Jun,Sep,Irrigated,8.0,137.4,28.1,73.6,110.8,45.4,55.3
Cotton,Kharif,Sandy,Jul,Oct,Rainfed,7.8,139.9,22.4,78.1,105.1,58.4,48.5
Cotton,Kharif,Silt,Jun,Sep,Irrigated,7.7,137.4,26.2,72.9,102.9,55.8,59.5
Cotton,Kharif,Clay,Jul,Oct,Rainfed,7.2,137.6,28.1,87.7,85.8,41.9,54.4
Cotton,Kharif,Sandy,Jun,Sep,Irrigated,8.0,138.2,22.0,79.3,94.3,47.7,41.9
Cotton,Kharif,Silt,Jul,Oct,Rainfed,7.5,137.3,21.7,78.7,111.1,58.8,57.2
Cotton,Kharif,Clay,Jun,Sep,Irrigated,7.2,135.1,21.8,82.5,109.1,50.9,40.8
Cotton,Kharif,Sandy,Jul,Oct,Rainfed,7.4,137.5,23.2,77.2,111.1,45.2,44.6
Cotton,Kharif,Silt,Jun,Sep,Irrigated,7.9,137.7,24.2,85.1,89.0,46.0,51.2
Cotton,Kharif,Clay,Jul,Oct,Rainfed,7.8,137.1,25.6,87.5,94.1,48.8,47.1
Cotton,Kharif,Sandy,Jun,Sep,Irrigated,7.7,138.2,24.4,77.1,108.1,48.0,55.4
Cotton,Kharif,Silt,Jul,Oct,Rainfed,7.1,137.8,25.3,75.0,84.4,40.7,41.6
Cotton,Kharif,Clay,Jun,Sep,Irrigated,7.8,135.2,23.2,73.1,106.3,54.4,59.6
Cotton,Kharif,Sandy,Jul,Oct,Rainfed,7.9,136.4,24.5,88.2,87.9,45.0,58.0
Cotton,Kharif,Silt,Jun,Sep,Irrigated,7.1,138.8,23.5,87.1,84.3,45.5,40.6
Cotton,Kharif,Clay,Jul,Oct,Rainfed,7.8,135.7,24.5,73.4,113.0,50.1,48.6
Cotton,Kharif,Sandy,Jun,Sep,Irrigated,7.0,135.5,23.8,77.6,95.1,50.6,44.9
Cotton,Kharif,Silt,Jul,Oct,Rainfed,7.1,135.3,21.3,83.8,112.6,46.3,59.4
Cotton,Kharif,Clay,Jun,Sep,Irrigated,8.0,139.7,29.3,89.6,112.5,43.3,44.1
Cotton,Kharif,Sandy,Jul,Oct,Rainfed,7.9,136.1,21.9,70.9,101.1,47.9,55.2
Cotton,Kharif,Silt,Jun,Sep,Irrigated,8.0,139.3,22.5,71.2,119.4,57.9,53.0
Cotton,Kharif,Clay,Jul,Oct,Rainfed,7.3,135.2,21.7,80.6,83.4,41.0,45.8
Cotton,Kharif,Sandy,Jun,Sep,Irrigated,7.8,139.6,25.3,72.9,83.1,40.6,58.7
Cotton,Kharif,Silt,Jul,Oct,Rainfed,7.6,136.7,23.6,70.3,109.6,43.6,41.6
Cotton,Kharif,Clay,Jun,Sep,Irrigated,7.3,135.4,26.4,75.4,112.0,49.0,42.5
Cotton,Kharif,Sandy,Jul,Oct,Rainfed,7.5,139.0,23.7,71.8,94.8,49.1,59.0
Cotton,Kharif,Silt,Jun,Sep,Irrigated,7.3,138.0,22.6,81.6,84.0,56.4,46.2
Cotton,Kharif,Clay,Jul,Oct,Rainfed,7.1,136.3,23.4,73.2,86.0,57.3,43.2
Cotton,Kharif,Sandy,Jun,Sep,Irrigated,7.2,136.5,22.6,86.6,84.8,47.3,46.4
Cotton,Kharif,Silt,Jul,Oct,Rainfed,7.9,135.8,23.5,71.3,99.6,59.7,42.7
Cotton,Kharif,Clay,Jun,Sep,Irrigated,7.3,135.9,28.3,74.9,91.8,57.8,50.4
Cotton,Kharif,Sandy,Jul,Oct,Rainfed,7.4,139.2,23.4,83.4,114.5,40.0,41.5
Cotton,Kharif,Silt,Jun,Sep,Irrigated,7.5,137.2,26.9,71.4,92.0,44.4,55.6
Cotton,Kharif,Clay,Jul,Oct,Rainfed,7.0,135.4,27.2,88.1,107.1,45.4,45.8
Cotton,Kharif,Sandy,Jun,Sep,Irrigated,7.6,139.4,24.9,89.5,113.3,48.3,57.0
Cotton,Kharif,Silt,Jul,Oct,Rainfed,7.3,138.5,22.6,77.3,96.5,57.8,55.0
Cotton,Kharif,Clay,Jun,Sep,Irrigated,7.8,137.1,29.7,82.8,103.8,43.6,53.4
Cotton,Kharif,Sandy,Jul,Oct,Rainfed,7.9,139.7,21.0,75.9,104.2,48.4,59.6
Cotton,Kharif,Silt,Jun,Sep,Irrigated,7.7,139.2,26.7,70.8,116.2,52.7,42.4
Cotton,Kharif,Clay,Jul,Oct,Rainfed,7.4,137.0,28.5,85.6,89.8,42.1,44.3
Cotton,Kharif,Sandy,Jun,Sep,Irrigated,7.4,139.2,24.5,84.4,116.1,46.7,43.4
Cotton,Kharif,Silt,Jul,Oct,Rainfed,7.1,136.2,24.8,86.7,84.7,46.3,55.7
Cotton,Kharif,Clay,Jun,Sep,Irrigated,7.6,136.8,22.1,85.7,90.7,52.0,54.4
Cotton,Kharif,Sandy,Jul,Oct,Rainfed,7.8,135.5,21.4,72.6,94.4,40.1,52.0
Cotton,Kharif,Silt,Jun,Sep,Irrigated,7.4,136.7,21.6,81.1,97.1,44.1,57.9
Cotton,Kharif,Clay,Jul,Oct,Rainfed,7.8,136.1,27.7,74.1,103.6,56.8,40.1
Cotton,Kharif,Sandy,Jun,Sep,Irrigated,7.2,135.9,22.9,83.3,90.4,40.0,56.3
Cotton,Kharif,Silt,Jul,Oct,Rainfed,7.0,136.5,26.1,83.9,80.4,51.3,55.9
Cotton,Kharif,Clay,Jun,Sep,Irrigated,7.2,136.2,25.3,84.5,97.4,43.5,55.6
Cotton,Kharif,Sandy,Jul,Oct,Rainfed,7.6,136.4,24.9,77.7,93.3,43.4,45.7
Cotton,Kharif,Silt,Jun,Sep,Irrigated,7.3,136.5,25.9,79.7,84.8,57.8,44.0
Cotton,Kharif,Clay,Jul,Oct,Rainfed,8.0,138.8,24.0,80.0,100.0,40.9,53.3
Cotton,Kharif,Sandy,Jun,Sep,Irrigated,7.6,139.9,22.5,82.9,85.9,42.7,48.6
Cotton,Kharif,Silt,Jul,Oct,Rainfed,7.1,138.2,21.4,70.7,108.5,42.8,52.0
Cotton,Kharif,Clay,Jun,Sep,Irrigated,7.5,137.5,23.0,77.2,110.5,59.4,51.5
Cotton,Kharif,Sandy,Jul,Oct,Rainfed,7.4,136.8,23.8,84.9,89.7,54.2,41.7
Cotton,Kharif,Silt,Jun,Sep,Irrigated,7.8,138.4,23.1,87.0,106.8,46.1,42.6
Cotton,Kharif,Clay,Jul,Oct,Rainfed,7.9,137.5,22.3,72.7,104.6,59.2,56.3
Cotton,Kharif,Sandy,Jun,Sep,Irrigated,7.4,137.8,21.1,74.7,115.3,44.7,40.6
Cotton,Kharif,Silt,Jul,Oct,Rainfed,7.1,137.7,29.3,76.7,91.5,54.8,54.9
Cotton,Kharif,Clay,Jun,Sep,Irrigated,7.6,138.9,25.7,83.1,80.7,57.6,46.7
Cotton,Kharif,Sandy,Jul,Oct,Rainfed,7.7,139.2,25.0,88.5,119.9,57.3,45.6
Cotton,Kharif,Silt,Jun,Sep,Irrigated,7.6,137.6,28.8,80.5,85.1,43.7,58.8
Cotton,Kharif,Clay,Jul,Oct,Rainfed,7.2,137.7,28.8,83.4,81.7,53.2,40.2
Cotton,Kharif,Sandy,Jun,Sep,Irrigated,7.4,139.7,22.3,70.1,83.8,47.8,54.1
Cotton,Kharif,Silt,Jul,Oct,Rainfed,7.9,137.8,25.6,79.7,108.2,46.1,59.7
Cotton,Kharif,Clay,Jun,Sep,Irrigated,7.1,139.5,29.3,80.0,105.1,56.6,54.0
Cotton,Kharif,Sandy,Jul,Oct,Rainfed,7.1,135.9,28.0,76.0,101.3,47.4,47.0
Cotton,Kharif,Silt,Jun,Sep,Irrigated,7.7,136.1,28.2,87.8,89.2,54.4,54.5
Cotton,Kharif,Clay,Jul,Oct,Rainfed,7.5,136.8,23.6,87.8,84.5,43.4,51.5
Cotton,Kharif,Sandy,Jun,Sep,Irrigated,7.8,135.7,23.0,85.3,98.9,50.9,47.1
Cotton,Kharif,Silt,Jul,Oct,Rainfed,7.3,137.1,26.7,81.9,111.0,44.8,50.7
Cotton,Kharif,Clay,Jun,Sep,Irrigated,7.9,139.1,22.1,79.3,90.3,51.8,50.2
Cotton,Kharif,Sandy,Jul,Oct,Rainfed,7.7,136.3,23.0,83.5,90.2,44.9,44.8
Cotton,Kharif,Silt,Jun,Sep,Irrigated,7.3,137.7,26.4,83.0,97.0,40.6,51.3
Cotton,Kharif,Clay,Jul,Oct,Rainfed,7.9,135.2,27.0,82.8,109.2,44.5,50.0
Cotton,Kharif,Sandy,Jun,Sep,Irrigated,7.6,136.5,21.7,73.4,81.5,51.6,45.6
Cotton,Kharif,Silt,Jul,Oct,Rainfed,7.7,136.8,21.5,80.9,100.9,48.6,43.9
Cotton,Kharif,Clay,Jun,Sep,Irrigated,7.4,138.2,21.5,76.8,110.1,49.9,57.9
Cotton,Kharif,Sandy,Jul,Oct,Rainfed,7.2,137.2,21.3,76.3,97.0,40.9,51.2
Cotton,Kharif,Silt,Jun,Sep,Irrigated,7.7,137.6,28.9,83.7,118.3,40.2,48.1
Cotton,Kharif,Clay,Jul,Oct,Rainfed,7.8,135.5,22.5,80.4,108.1,46.9,49.4
Cotton,Kharif,Sandy,Jun,Sep,Irrigated,7.6,135.2,21.4,70.7,89.9,43.6,54.3
Cotton,Kharif,Silt,Jul,Oct,Rainfed,7.0,135.3,23.8,82.4,96.5,40.5,46.2
Cotton,Kharif,Clay,Jun,Sep,Irrigated,7.3,138.2,29.3,90.0,87.4,48.6,46.0
Cotton,Kharif,Sandy,Jul,Oct,Rainfed,7.8,138.7,21.2,88.9,107.0,54.1,58.6
Cotton,Kharif,Silt,Jun,Sep,Irrigated,8.0,136.0,24.1,72.3,88.4,42.0,55.1
Cotton,Kharif,Clay,Jul,Oct,Rainfed,7.9,137.3,21.5,78.3,86.6,50.9,50.9
Cotton,Kharif,Sandy,Jun,Sep,Irrigated,7.1,135.3,29.5,87.5,117.1,42.3,46.7
Cotton,Kharif,Silt,Jul,Oct,Rainfed,7.9,135.5,23.2,80.1,84.2,57.6,58.4
Cotton,Kharif,Clay,Jun,Sep,Irrigated,7.7,139.5,21.6,73.6,116.0,43.4,49.4
Cotton,Kharif,Sandy,Jul,Oct,Rainfed,7.4,139.7,27.2,84.7,91.5,53.0,56.9
Cotton,Kharif,Silt,Jun,Sep,Irrigated,7.2,139.6,22.8,82.3,119.7,42.1,40.9
Cotton,Kharif,Clay,Jul,Oct,Rainfed,7.6,136.4,21.6,85.6,84.3,47.5,48.3
Cotton,Kharif,Sandy,Jun,Sep,Irrigated,7.5,139.8,24.8,84.4,84.6,55.2,53.3
Cotton,Kharif,Silt,Jul,Oct,Rainfed,7.2,140.0,29.1,80.3,96.7,56.7,43.8
Cotton,Kharif,Clay,Jun,Sep,Irrigated,7.2,139.4,25.8,78.1,103.6,58.5,44.0
Cotton,Kharif,Sandy,Jul,Oct,Rainfed,7.1,139.8,27.6,89.7,97.9,45.7,59.9
Cotton,Kharif,Silt,Jun,Sep,Irrigated,7.1,138.8,29.9,70.7,116.8,50.3,44.7
Cotton,Kharif,Clay,Jul,Oct,Rainfed,7.5,139.6,21.3,86.0,102.7,42.2,52.2
Cotton,Kharif,Sandy,Jun,Sep,Irrigated,7.3,139.7,25.1,73.3,112.3,43.8,45.8
Cotton,Kharif,Silt,Jul,Oct,Rainfed,7.8,139.0,22.1,79.0,99.5,40.5,46.5
Cotton,Kharif,Clay,Jun,Sep,Irrigated,7.3,138.3,21.1,82.8,109.6,55.5,41.0
Cotton,Kharif,Sandy,Jul,Oct,Rainfed,7.8,136.0,26.6,85.3,113.8,46.9,44.0
Cotton,Kharif,Silt,Jun,Sep,Irrigated,7.0,138.0,22.1,75.6,80.2,41.0,59.4
Cotton,Kharif,Clay,Jul,Oct,Rainfed,7.5,138.0,28.7,86.4,118.9,56.1,42.0
Cotton,Kharif,Sandy,Jun,Sep,Irrigated,8.0,136.6,21.9,77.4,88.9,53.1,53.7
Cotton,Kharif,Silt,Jul,Oct,Rainfed,7.4,135.0,22.6,75.7,94.6,56.0,54.7
Cotton,Kharif,Clay,Jun,Sep,Irrigated,7.7,137.4,26.0,81.1,115.3,45.9,56.2
Cotton,Kharif,Sandy,Jul,Oct,Rainfed,7.5,137.4,28.6,71.5,91.1,41.0,47.7
Cotton,Kharif,Silt,Jun,Sep,Irrigated,7.5,135.8,28.5,78.4,100.1,57.9,43.5
Cotton,Kharif,Clay,Jul,Oct,Rainfed,7.7,139.3,22.7,75.3,89.5,48.1,49.3
Cotton,Kharif,Sandy,Jun,Sep,Irrigated,7.0,139.9,25.7,84.7,111.4,50.2,42.9
Cotton,Kharif,Silt,Jul,Oct,Rainfed,7.3,135.9,29.7,70.2,111.9,46.1,49.6
Cotton,Kharif,Clay,Jun,Sep,Irrigated,7.4,136.0,22.0,88.7,87.6,45.7,51.4
Cotton,Kharif,Sandy,Jul,Oct,Rainfed,7.9,136.7,29.3,81.3,98.3,59.9,43.1
Cotton,Kharif,Silt,Jun,Sep,Irrigated,7.5,135.5,28.9,79.9,109.3,52.4,41.2
Cotton,Kharif,Clay,Jul,Oct,Rainfed,7.5,137.4,24.7,87.2,88.5,57.1,52.8
Cotton,Kharif,Sandy,Jun,Sep,Irrigated,7.2,138.8,21.3,79.7,118.1,40.9,49.3
Cotton,Kharif,Silt,Jul,Oct,Rainfed,7.4,139.1,25.6,83.7,100.6,41.6,49.4
Cotton,Kharif,Clay,Jun,Sep,Irrigated,7.4,135.4,27.4,81.9,91.2,59.9,53.7
Cotton,Kharif,Sandy,Jul,Oct,Rainfed,7.5,139.8,24.1,78.8,82.0,43.3,52.6
Cotton,Kharif,Silt,Jun,Sep,Irrigated,7.9,137.3,23.4,82.5,89.7,43.5,55.4
Cotton,Kharif,Clay,Jul,Oct,Rainfed,7.4,139.5,27.9,83.9,103.9,43.8,41.8
Cotton,Kharif,Sandy,Jun,Sep,Irrigated,7.5,136.0,28.6,83.4,90.0,48.7,58.6
Cotton,Kharif,Silt,Jul,Oct,Rainfed,7.6,137.6,28.1,73.5,103.7,46.7,59.9
Cotton,Kharif,Clay,Jun,Sep,Irrigated,7.4,138.2,21.2,79.9,100.4,58.8,40.7
Cotton,Kharif,Sandy,Jul,Oct,Rainfed,7.1,138.8,21.0,70.7,82.2,54.1,56.8
Cotton,Kharif,Silt,Jun,Sep,Irrigated,7.9,137.6,23.4,72.2,114.4,44.6,59.0
Cotton,Kharif,Clay,Jul,Oct,Rainfed,7.7,135.4,23.1,76.0,99.0,57.0,52.3
Cotton,Kharif,Sandy,Jun,Sep,Irrigated,7.8,137.5,25.4,81.5,106.7,54.8,52.5
Cotton,Kharif,Silt,Jul,Oct,Rainfed,7.7,139.7,23.8,82.5,108.4,53.3,52.9
Cotton,Kharif,Clay,Jun,Sep,Irrigated,7.1,137.0,27.2,84.4,81.5,51.8,49.5
Cotton,Kharif,Sandy,Jul,Oct,Rainfed,8.0,139.6,21.8,79.6,97.2,41.5,42.3
Cotton,Kharif,Silt,Jun,Sep,Irrigated,7.8,137.8,22.0,79.9,99.9,50.2,58.0
Cotton,Kharif,Clay,Jul,Oct,Rainfed,7.8,137.4,23.7,70.3,86.3,53.1,55.9
Cotton,Kharif,Sandy,Jun,Sep,Irrigated,7.9,138.2,26.3,83.2,108.3,54.6,47.1
Cotton,Kharif,Silt,Jul,Oct,Rainfed,7.8,137.3,27.8,89.0,87.9,43.7,53.4
Cotton,Kharif,Clay,Jun,Sep,Irrigated,7.3,139.9,29.3,83.9,99.3,57.3,54.3
Cotton,Kharif,Sandy,Jul,Oct,Rainfed,7.1,138.6,26.8,72.6,94.6,42.7,51.8
Cotton,Kharif,Silt,Jun,Sep,Irrigated,7.1,137.7,28.4,80.0,82.4,54.2,51.3
Cotton,Kharif,Clay,Jul,Oct,Rainfed,7.0,138.2,22.3,89.1,109.9,51.6,49.5
Cotton,Kharif,Sandy,Jun,Sep,Irrigated,7.1,137.7,22.2,79.2,112.8,45.1,56.2
Cotton,Kharif,Silt,Jul,Oct,Rainfed,7.7,139.5,23.5,88.2,82.9,42.9,53.5
Cotton,Kharif,Clay,Jun,Sep,Irrigated,7.5,136.5,22.0,74.6,93.4,42.3,45.5
Cotton,Kharif,Sandy,Jul,Oct,Rainfed,7.7,136.4,27.9,74.6,106.3,51.1,56.5
Cotton,Kharif,Silt,Jun,Sep,Irrigated,7.3,139.6,27.6,89.1,113.6,50.5,49.6
Cotton,Kharif,Clay,Jul,Oct,Rainfed,7.7,137.6,21.4,85.0,115.6,41.6,52.3
Cotton,Kharif,Sandy,Jun,Sep,Irrigated,7.2,139.7,26.4,70.2,98.9,51.5,56.4
Cotton,Kharif,Silt,Jul,Oct,Rainfed,7.5,137.9,21.9,89.0,106.6,51.4,46.1
Cotton,Kharif,Clay,Jun,Sep,Irrigated,7.3,139.3,26.3,82.2,86.7,59.0,48.8
Cotton,Kharif,Sandy,Jul,Oct,Rainfed,7.1,136.8,28.0,73.5,84.3,53.3,44.9
Cotton,Kharif,Silt,Jun,Sep,Irrigated,7.8,136.0,23.7,72.8,109.0,43.9,58.2
Cotton,Kharif,Clay,Jul,Oct,Rainfed,7.8,139.9,27.2,72.4,98.1,40.5,44.0
Cotton,Kharif,Sandy,Jun,Sep,Irrigated,7.5,137.3,28.4,84.2,118.9,42.8,43.2
Cotton,Kharif,Silt,Jul,Oct,Rainfed,8.0,137.1,22.1,73.1,118.6,44.2,50.9
Cotton,Kharif,Clay,Jun,Sep,Irrigated,7.8,140.0,26.1,76.3,90.4,46.7,59.5
Cotton,Kharif,Sandy,Jul,Oct,Rainfed,7.6,139.6,28.1,87.3,112.3,52.7,50.7
Cotton,Kharif,Silt,Jun,Sep,Irrigated,8.0,139.2,23.3,81.5,86.7,46.6,41.9
Cotton,Kharif,Clay,Jul,Oct,Rainfed,7.3,138.9,23.7,88.8,95.1,52.8,50.1
Cotton,Kharif,Sandy,Jun,Sep,Irrigated,7.9,135.6,23.4,70.8,86.0,51.7,51.6
Cotton,Kharif,Silt,Jul,Oct,Rainfed,7.6,136.3,21.3,87.3,99.9,58.1,47.2
Cotton,Kharif,Clay,Jun,Sep,Irrigated,7.4,138.4,27.9,70.8,113.6,58.6,49.0
Cotton,Kharif,Sandy,Jul,Oct,Rainfed,7.6,138.7,26.0,70.2,116.8,51.2,50.1
Cotton,Kharif,Silt,Jun,Sep,Irrigated,7.9,139.3,26.9,83.6,111.2,44.2,58.3
Cotton,Kharif,Clay,Jul,Oct,Rainfed,7.5,138.4,25.4,75.0,82.9,50.4,42.3
Cotton,Kharif,Sandy,Jun,Sep,Irrigated,7.3,136.3,22.9,78.9,92.6,42.1,41.4
Cotton,Kharif,Silt,Jul,Oct,Rainfed,7.8,137.7,24.1,83.4,118.7,50.2,42.0
Cotton,Kharif,Clay,Jun,Sep,Irrigated,7.2,137.1,27.4,70.9,80.2,55.4,59.1
Cotton,Kharif,Sandy,Jul,Oct,Rainfed,7.9,136.8,24.6,88.7,96.7,43.8,58.3
Cotton,Kharif,Silt,Jun,Sep,Irrigated,7.1,137.7,26.1,71.2,86.4,41.9,58.0
Cotton,Kharif,Clay,Jul,Oct,Rainfed,7.0,136.6,28.7,74.6,113.4,53.7,51.8
Cotton,Kharif,Sandy,Jun,Sep,Irrigated,7.5,137.5,29.3,84.9,117.8,58.7,46.7
Cotton,Kharif,Silt,Jul,Oct,Rainfed,7.8,139.2,25.6,70.8,100.9,41.0,46.5
Cotton,Kharif,Clay,Jun,Sep,Irrigated,7.1,137.1,22.3,86.5,81.0,50.2,42.6
Cotton,Kharif,Sandy,Jul,Oct,Rainfed,7.7,135.9,23.9,85.9,98.7,53.6,58.6
Cotton,Kharif,Silt,Jun,Sep,Irrigated,7.9,137.7,22.0,74.8,80.4,54.5,49.1
Cotton,Kharif,Clay,Jul,Oct,Rainfed,8.0,137.6,24.8,76.3,84.7,46.0,42.9
Cotton,Kharif,Sandy,Jun,Sep,Irrigated,7.6,136.5,21.6,79.9,107.0,58.5,43.7
Cotton,Kharif,Silt,Jul,Oct,Rainfed,7.1,135.8,22.7,80.2,101.5,49.4,46.6
Cotton,Kharif,Clay,Jun,Sep,Irrigated,7.7,136.2,26.9,78.7,86.0,41.3,49.1
Cotton,Kharif,Sandy,Jul,Oct,Rainfed,7.4,135.2,25.3,87.7,89.8,52.3,50.5
Cotton,Kharif,Silt,Jun,Sep,Irrigated,7.8,137.1,24.1,83.3,87.4,45.0,46.3
Cotton,Kharif,Clay,Jul,Oct,Rainfed,7.2,135.1,22.1,89.7,106.5,42.9,41.6
Cotton,Kharif,Sandy,Jun,Sep,Irrigated,8.0,138.7,22.0,77.4,87.4,41.8,58.6
Cotton,Kharif,Silt,Jul,Oct,Rainfed,7.7,135.1,23.4,83.2,90.2,49.2,45.8
Cotton,Kharif,Clay,Jun,Sep,Irrigated,7.0,138.6,23.4,72.4,88.0,54.6,57.1
Cotton,Kharif,Sandy,Jul,Oct,Rainfed,7.3,136.6,26.7,83.1,92.6,58.1,52.8
Cotton,Kharif,Silt,Jun,Sep,Irrigated,7.8,138.8,23.6,73.9,113.0,53.4,59.3
Cotton,Kharif,Clay,Jul,Oct,Rainfed,7.2,140.0,25.6,70.5,96.2,51.8,47.0
Cotton,Kharif,Sandy,Jun,Sep,Irrigated,7.3,135.3,23.8,85.1,94.8,52.5,42.0
Cotton,Kharif,Silt,Jul,Oct,Rainfed,7.9,135.2,22.0,87.9,90.2,44.8,58.9
Cotton,Kharif,Clay,Jun,Sep,Irrigated,8.0,135.9,24.7,83.3,90.5,48.9,45.0
Cotton,Kharif,Sandy,Jul,Oct,Rainfed,7.2,137.0,27.4,76.0,86.3,46.1,45.8
Cotton,Kharif,Silt,Jun,Sep,Irrigated,7.2,139.0,29.3,74.4,100.2,57.3,48.4
Cotton,Kharif,Clay,Jul,Oct,Rainfed,7.9,135.7,23.5,82.8,89.8,41.7,48.6
Cotton,Kharif,Sandy,Jun,Sep,Irrigated,7.2,138.9,22.9,85.4,88.9,49.3,52.0
Cotton,Kharif,Silt,Jul,Oct,Rainfed,7.2,138.4,21.3,74.0,113.5,47.8,58.4
Cotton,Kharif,Clay,Jun,Sep,Irrigated,7.7,137.1,23.0,79.4,106.3,47.3,51.4
Cotton,Kharif,Sandy,Jul,Oct,Rainfed,7.7,136.2,29.3,77.8,107.3,47.1,53.9
Cotton,Kharif,Silt,Jun,Sep,Irrigated,7.5,136.0,24.1,84.2,113.1,47.1,54.0
Cotton,Kharif,Clay,Jul,Oct,Rainfed,7.0,135.3,29.6,78.4,114.3,53.0,40.5
Cotton,Kharif,Sandy,Jun,Sep,Irrigated,7.2,138.5,21.3,82.3,82.2,49.4,48.9
Cotton,Kharif,Silt,Jul,Oct,Rainfed,7.2,137.3,26.3,72.3,88.4,49.0,46.7
Cotton,Kharif,Clay,Jun,Sep,Irrigated,7.1,137.1,27.2,88.2,97.3,51.0,58.3
Cotton,Kharif,Sandy,Jul,Oct,Rainfed,7.5,137.6,24.9,71.3,91.1,44.4,47.3
Cotton,Kharif,Silt,Jun,Sep,Irrigated,7.4,139.9,28.0,86.0,119.5,55.7,43.6
Cotton,Kharif,Clay,Jul,Oct,Rainfed,7.0,135.4,26.0,85.0,83.3,47.7,48.6
Cotton,Kharif,Sandy,Jun,Sep,Irrigated,7.1,137.3,23.8,74.8,105.0,53.6,54.0
Cotton,Kharif,Silt,Jul,Oct,Rainfed,7.8,138.4,29.8,79.2,95.4,55.3,49.4
Cotton,Kharif,Clay,Jun,Sep,Irrigated,7.1,139.1,22.2,88.6,112.6,49.4,55.0
Cotton,Kharif,Sandy,Jul,Oct,Rainfed,7.5,135.3,29.0,81.8,111.3,48.7,43.5
Cotton,Kharif,Silt,Jun,Sep,Irrigated,7.8,137.0,28.9,87.0,104.5,52.6,55.2
Cotton,Kharif,Clay,Jul,Oct,Rainfed,7.5,139.5,24.6,88.8,89.3,43.8,57.2
Cotton,Kharif,Sandy,Jun,Sep,Irrigated,7.5,135.2,29.7,85.9,88.2,42.9,46.9
Cotton,Kharif,Silt,Jul,Oct,Rainfed,7.1,136.8,27.5,79.2,100.8,40.7,48.6
Cotton,Kharif,Clay,Jun,Sep,Irrigated,7.6,135.6,25.9,74.2,114.3,50.5,51.8
Cotton,Kharif,Sandy,Jul,Oct,Rainfed,7.4,135.4,24.9,86.8,107.0,48.9,57.4
Cotton,Kharif,Silt,Jun,Sep,Irrigated,7.3,135.3,23.3,77.9,96.4,42.5,53.8
Cotton,Kharif,Clay,Jul,Oct,Rainfed,7.8,137.3,29.0,76.3,81.8,59.6,45.8
Cotton,Kharif,Sandy,Jun,Sep,Irrigated,7.6,138.5,22.0,78.4,117.8,46.5,58.5
Cotton,Kharif,Silt,Jul,Oct,Rainfed,7.5,136.7,21.1,77.1,88.1,50.5,51.0
Cotton,Kharif,Clay,Jun,Sep,Irrigated,7.7,139.6,27.7,72.5,97.2,46.4,53.9
Cotton,Kharif,Sandy,Jul,Oct,Rainfed,7.8,138.1,27.8,73.3,86.8,46.2,59.2
Cotton,Kharif,Silt,Jun,Sep,Irrigated,7.2,137.8,27.2,86.2,89.7,53.6,43.7
Cotton,Kharif,Clay,Jul,Oct,Rainfed,7.7,138.7,21.7,86.5,101.2,50.9,55.9
Cotton,Kharif,Sandy,Jun,Sep,Irrigated,8.0,137.6,26.5,80.7,97.3,55.1,44.9
Cotton,Kharif,Silt,Jul,Oct,Rainfed,7.1,137.5,22.8,73.4,88.9,47.9,57.8
Cotton,Kharif,Clay,Jun,Sep,Irrigated,7.8,136.4,24.8,89.8,97.0,44.9,52.9
Cotton,Kharif,Sandy,Jul,Oct,Rainfed,8.0,135.5,21.0,84.1,84.7,52.8,48.3
Cotton,Kharif,Silt,Jun,Sep,Irrigated,7.9,135.2,29.2,70.5,88.8,41.0,46.4
Cotton,Kharif,Clay,Jul,Oct,Rainfed,7.5,137.3,22.7,75.6,94.1,58.4,59.5
Cotton,Kharif,Sandy,Jun,Sep,Irrigated,7.2,136.3,29.7,74.6,111.3,46.6,55.3
Cotton,Kharif,Silt,Jul,Oct,Rainfed,7.8,139.6,25.8,85.6,101.6,58.1,50.8
Cotton,Kharif,Clay,Jun,Sep,Irrigated,7.9,137.0,23.2,84.4,87.5,59.9,40.6
Cotton,Kharif,Sandy,Jul,Oct,Rainfed,7.9,135.8,29.7,80.5,102.3,58.7,59.1
Cotton,Kharif,Silt,Jun,Sep,Irrigated,7.6,135.5,25.0,86.0,91.1,48.7,54.9
Cotton,Kharif,Clay,Jul,Oct,Rainfed,7.7,139.6,23.3,83.7,95.0,49.0,52.8
Cotton,Kharif,Sandy,Jun,Sep,Irrigated,7.8,139.3,28.6,88.3,90.3,40.3,56.3
Cotton,Kharif,Silt,Jul,Oct,Rainfed,7.1,136.0,24.5,82.1,120.0,49.6,42.4
Cotton,Kharif,Clay,Jun,Sep,Irrigated,7.8,138.1,29.8,71.7,88.1,42.8,51.2
Cotton,Kharif,Sandy,Jul,Oct,Rainfed,7.5,135.2,23.0,77.8,108.4,44.4,51.1
Cotton,Kharif,Silt,Jun,Sep,Irrigated,7.4,136.6,26.7,87.2,95.1,43.6,51.6
Cotton,Kharif,Clay,Jul,Oct,Rainfed,7.8,138.4,29.3,71.5,110.8,51.5,46.5
Cotton,Kharif,Sandy,Jun,Sep,Irrigated,7.3,137.3,27.7,70.9,87.4,53.6,42.9
Cotton,Kharif,Silt,Jul,Oct,Rainfed,7.5,138.3,26.7,73.7,87.6,41.8,57.8
Cotton,Kharif,Clay,Jun,Sep,Irrigated,7.3,136.4,28.5,85.9,83.4,45.6,53.0
Cotton,Kharif,Sandy,Jul,Oct,Rainfed,8.0,136.6,28.6,83.1,91.9,58.1,43.3
Cotton,Kharif,Silt,Jun,Sep,Irrigated,7.5,136.2,21.2,75.0,112.1,54.6,44.1
Cotton,Kharif,Clay,Jul,Oct,Rainfed,7.8,137.4,25.5,86.4,118.6,41.4,43.0
Cotton,Kharif,Sandy,Jun,Sep,Irrigated,8.0,136.5,21.9,77.6,80.3,59.4,48.6
Cotton,Kharif,Silt,Jul,Oct,Rainfed,7.2,138.9,22.9,86.8,110.6,52.7,55.0
Cotton,Kharif,Clay,Jun,Sep,Irrigated,8.0,138.9,24.6,82.5,109.6,55.5,51.3
Cotton,Kharif,Sandy,Jul,Oct,Rainfed,7.8,137.7,25.9,89.4,109.9,44.5,54.2
Cotton,Kharif,Silt,Jun,Sep,Irrigated,7.5,140.0,23.7,72.8,103.8,41.9,59.8
Cotton,Kharif,Clay,Jul,Oct,Rainfed,7.2,139.8,25.3,82.8,109.4,42.9,59.9
Cotton,Kharif,Sandy,Jun,Sep,Irrigated,7.8,137.4,28.6,74.8,85.6,53.5,47.7
Cotton,Kharif,Silt,Jul,Oct,Rainfed,7.3,137.2,25.1,83.6,116.9,54.7,41.1
Cotton,Kharif,Clay,Jun,Sep,Irrigated,7.1,137.8,29.8,73.3,109.8,51.0,44.3
Cotton,Kharif,Sandy,Jul,Oct,Rainfed,7.2,135.1,30.0,84.6,85.6,52.0,51.5
Cotton,Kharif,Silt,Jun,Sep,Irrigated,7.7,136.0,28.7,75.1,119.8,47.9,45.7
Cotton,Kharif,Clay,Jul,Oct,Rainfed,7.8,136.0,25.3,84.9,82.1,43.3,50.6
Cotton,Kharif,Sandy,Jun,Sep,Irrigated,7.2,139.7,26.0,82.5,98.2,52.0,54.5
Cotton,Kharif,Silt,Jul,Oct,Rainfed,7.9,135.1,24.7,76.6,96.4,42.0,49.4
Cotton,Kharif,Clay,Jun,Sep,Irrigated,7.8,136.4,23.5,82.2,102.8,55.6,56.5
Cotton,Kharif,Sandy,Jul,Oct,Rainfed,7.1,136.4,24.9,79.4,114.9,55.7,54.9
Cotton,Kharif,Silt,Jun,Sep,Irrigated,7.4,137.9,23.0,75.9,112.6,44.4,55.4
Cotton,Kharif,Clay,Jul,Oct,Rainfed,7.9,138.5,24.5,89.5,90.7,55.2,45.3
Cotton,Kharif,Sandy,Jun,Sep,Irrigated,7.4,137.4,25.6,70.7,106.8,58.8,56.2
Cotton,Kharif,Silt,Jul,Oct,Rainfed,7.4,139.0,28.6,77.3,93.9,43.3,41.9
Cotton,Kharif,Clay,Jun,Sep,Irrigated,8.0,139.9,22.1,88.2,100.4,59.8,54.2
Cotton,Kharif,Sandy,Jul,Oct,Rainfed,7.9,135.6,27.8,82.4,98.9,57.0,46.1
Cotton,Kharif,Silt,Jun,Sep,Irrigated,7.7,137.0,27.7,76.5,110.0,47.2,44.2
Cotton,Kharif,Clay,Jul,Oct,Rainfed,7.3,137.8,25.3,80.1,89.1,59.9,46.9
Cotton,Kharif,Sandy,Jun,Sep,Irrigated,7.3,139.6,24.7,87.6,109.5,59.4,49.3
Cotton,Kharif,Silt,Jul,Oct,Rainfed,7.3,139.2,28.8,81.4,105.1,42.0,42.4
Cotton,Kharif,Clay,Jun,Sep,Irrigated,7.3,139.5,21.0,80.7,80.4,56.8,50.5
Cotton,Kharif,Sandy,Jul,Oct,Rainfed,7.9,139.2,23.1,73.7,92.4,47.8,55.6
Cotton,Kharif,Silt,Jun,Sep,Irrigated,7.4,137.7,25.7,73.3,104.3,58.7,49.2
Cotton,Kharif,Clay,Jul,Oct,Rainfed,7.3,136.8,22.0,75.1,94.8,51.4,53.1
Cotton,Kharif,Sandy,Jun,Sep,Irrigated,7.6,137.6,22.9,78.5,113.8,50.2,57.1
Cotton,Kharif,Silt,Jul,Oct,Rainfed,8.0,135.8,25.1,85.9,105.7,55.3,46.6
Cotton,Kharif,Clay,Jun,Sep,Irrigated,8.0,138.4,28.6,77.8,86.9,47.8,46.3
Cotton,Kharif,Sandy,Jul,Oct,Rainfed,7.3,137.2,27.4,78.6,103.2,56.5,53.8
Cotton,Kharif,Silt,Jun,Sep,Irrigated,7.7,139.9,24.3,81.9,87.7,57.4,42.1
Cotton,Kharif,Clay,Jul,Oct,Rainfed,7.3,136.2,26.7,75.8,113.9,52.8,46.2
Cotton,Kharif,Sandy,Jun,Sep,Irrigated,7.4,136.4,27.0,74.0,105.3,52.0,52.0
Cotton,Kharif,Silt,Jul,Oct,Rainfed,7.8,137.1,28.2,81.8,113.6,42.6,47.3
Cotton,Kharif,Clay,Jun,Sep,Irrigated,7.9,136.1,22.1,82.6,102.4,41.3,44.2
Cotton,Kharif,Sandy,Jul,Oct,Rainfed,8.0,138.8,28.3,82.8,118.8,45.2,50.5
Cotton,Kharif,Silt,Jun,Sep,Irrigated,7.5,137.9,21.1,74.4,106.6,54.5,49.0
Cotton,Kharif,Clay,Jul,Oct,Rainfed,7.6,138.0,26.0,85.8,106.8,56.2,49.6
Cotton,Kharif,Sandy,Jun,Sep,Irrigated,7.4,136.5,28.6,72.6,85.8,55.1,56.2
Cotton,Kharif,Silt,Jul,Oct,Rainfed,7.1,139.2,25.6,77.9,116.6,47.6,51.8
Cotton,Kharif,Clay,Jun,Sep,Irrigated,7.4,135.4,26.3,80.2,103.6,58.8,51.7
Cotton,Kharif,Sandy,Jul,Oct,Rainfed,7.9,135.9,26.2,88.4,98.4,46.9,44.5
Cotton,Kharif,Silt,Jun,Sep,Irrigated,7.1,139.4,23.5,73.6,110.9,42.6,52.9
Cotton,Kharif,Clay,Jul,Oct,Rainfed,7.3,137.6,29.9,73.2,102.6,57.9,53.7
Cotton,Kharif,Sandy,Jun,Sep,Irrigated,7.0,135.6,22.0,76.4,106.0,42.9,40.2
Cotton,Kharif,Silt,Jul,Oct,Rainfed,7.3,137.8,24.3,75.9,110.0,47.4,57.1
Cotton,Kharif,Clay,Jun,Sep,Irrigated,7.6,136.7,27.1,75.8,113.9,58.8,49.4
Cotton,Kharif,Sandy,Jul,Oct,Rainfed,7.2,138.8,24.4,83.7,97.8,55.6,41.1
Cotton,Kharif,Silt,Jun,Sep,Irrigated,7.1,136.3,29.0,82.3,105.9,41.1,48.4
Cotton,Kharif,Clay,Jul,Oct,Rainfed,7.0,139.6,27.6,83.9,119.5,44.0,43.7
Cotton,Kharif,Sandy,Jun,Sep,Irrigated,7.6,139.3,30.0,78.2,112.1,56.5,48.5
Cotton,Kharif,Silt,Jul,Oct,Rainfed,7.8,136.6,22.8,71.3,105.5,58.4,47.6
Cotton,Kharif,Clay,Jun,Sep,Irrigated,7.1,135.0,21.1,85.4,81.9,49.8,51.8
Cotton,Kharif,Sandy,Jul,Oct,Rainfed,7.1,138.8,22.6,76.4,83.1,58.8,51.3
Cotton,Kharif,Silt,Jun,Sep,Irrigated,7.5,135.2,24.3,87.0,115.6,57.1,47.2
Cotton,Kharif,Clay,Jul,Oct,Rainfed,7.7,138.9,22.9,71.8,106.7,40.4,54.3
Cotton,Kharif,Sandy,Jun,Sep,Irrigated,7.9,135.7,21.4,77.2,96.1,44.4,41.3
Cotton,Kharif,Silt,Jul,Oct,Rainfed,8.0,138.1,24.4,71.0,96.8,53.7,47.4
Cotton,Kharif,Clay,Jun,Sep,Irrigated,7.4,135.2,24.3,73.8,94.6,40.9,54.2
Cotton,Kharif,Sandy,Jul,Oct,Rainfed,7.0,139.1,29.0,83.7,101.0,45.9,42.6
Cotton,Kharif,Silt,Jun,Sep,Irrigated,8.0,139.1,23.1,70.4,118.8,44.8,45.6
Cotton,Kharif,Clay,Jul,Oct,Rainfed,7.8,135.5,25.4,81.0,99.2,41.8,48.8
Cotton,Kharif,Sandy,Jun,Sep,Irrigated,7.6,139.2,29.7,78.6,115.0,53.2,54.1
Cotton,Kharif,Silt,Jul,Oct,Rainfed,7.5,136.1,23.8,78.2,110.0,44.9,58.3
Cotton,Kharif,Clay,Jun,Sep,Irrigated,7.9,137.0,23.5,80.3,83.6,53.0,52.6
Cotton,Kharif,Sandy,Jul,Oct,Rainfed,7.1,136.4,22.4,86.6,107.0,48.1,49.7
Cotton,Kharif,Silt,Jun,Sep,Irrigated,7.5,135.0,29.8,71.0,92.5,45.3,54.9
Cotton,Kharif,Clay,Jul,Oct,Rainfed,7.1,136.8,26.5,86.1,114.4,57.2,56.3
Cotton,Kharif,Sandy,Jun,Sep,Irrigated,7.3,138.4,28.2,80.9,106.6,50.2,45.9
Cotton,Kharif,Silt,Jul,Oct,Rainfed,7.8,137.7,24.2,80.2,83.5,52.3,43.5
Cotton,Kharif,Clay,Jun,Sep,Irrigated,7.2,136.1,22.6,77.6,113.1,59.7,56.6
Cotton,Kharif,Sandy,Jul,Oct,Rainfed,7.7,136.1,29.5,80.1,117.8,45.3,48.1
Cotton,Kharif,Silt,Jun,Sep,Irrigated,7.3,136.6,24.5,86.8,92.6,57.0,47.1
Cotton,Kharif,Clay,Jul,Oct,Rainfed,7.3,138.2,22.5,72.6,107.5,40.7,48.1
Cotton,Kharif,Sandy,Jun,Sep,Irrigated,7.3,138.3,21.9,75.3,87.2,57.8,57.8
Cotton,Kharif,Silt,Jul,Oct,Rainfed,7.6,137.3,22.1,86.1,118.9,50.5,51.1
Cotton,Kharif,Clay,Jun,Sep,Irrigated,7.1,139.3,29.1,72.8,113.1,59.3,47.7
Cotton,Kharif,Sandy,Jul,Oct,Rainfed,7.5,136.9,24.1,75.9,81.5,41.5,44.7
Cotton,Kharif,Silt,Jun,Sep,Irrigated,7.7,136.3,22.7,77.0,101.1,55.2,47.9
Cotton,Kharif,Clay,Jul,Oct,Rainfed,7.4,135.7,26.7,77.1,112.4,57.0,43.3
Cotton,Kharif,Sandy,Jun,Sep,Irrigated,7.1,135.0,26.0,76.9,90.8,47.4,56.7
Cotton,Kharif,Silt,Jul,Oct,Rainfed,7.4,138.1,28.8,74.5,88.2,45.4,49.7
Cotton,Kharif,Clay,Jun,Sep,Irrigated,7.2,139.0,22.8,74.4,118.0,54.7,40.2
Cotton,Kharif,Sandy,Jul,Oct,Rainfed,7.9,135.2,22.7,79.6,103.5,49.0,46.1
Cotton,Kharif,Silt,Jun,Sep,Irrigated,7.8,138.4,24.2,86.3,100.9,59.9,49.3
Cotton,Kharif,Clay,Jul,Oct,Rainfed,7.6,137.5,29.8,85.2,114.9,58.9,42.1
Cotton,Kharif,Sandy,Jun,Sep,Irrigated,7.2,138.8,21.2,81.7,106.0,50.3,41.9
Cotton,Kharif,Silt,Jul,Oct,Rainfed,7.2,138.3,27.9,86.2,119.4,57.8,47.8
Cotton,Kharif,Clay,Jun,Sep,Irrigated,7.1,138.2,28.0,72.2,115.5,41.6,56.8
Cotton,Kharif,Sandy,Jul,Oct,Rainfed,7.8,139.0,27.9,85.4,81.5,56.6,54.3
Cotton,Kharif,Silt,Jun,Sep,Irrigated,7.6,137.5,26.2,73.0,83.8,58.4,55.8
Cotton,Kharif,Clay,Jul,Oct,Rainfed,7.6,136.6,25.4,78.6,119.5,40.0,49.4
Cotton,Kharif,Sandy,Jun,Sep,Irrigated,7.8,138.4,22.8,80.7,115.9,52.3,45.0
Cotton,Kharif,Silt,Jul,Oct,Rainfed,7.7,135.5,27.3,73.3,87.9,42.6,54.5
Cotton,Kharif,Clay,Jun,Sep,Irrigated,7.8,139.7,22.8,75.3,104.2,57.3,45.4
Cotton,Kharif,Sandy,Jul,Oct,Rainfed,7.3,138.7,21.3,76.3,85.7,46.3,43.4
Cotton,Kharif,Silt,Jun,Sep,Irrigated,7.8,138.6,29.7,79.3,80.1,56.9,59.9
Cotton,Kharif,Clay,Jul,Oct,Rainfed,7.3,139.8,28.4,85.6,104.9,57.9,49.1
Cotton,Kharif,Sandy,Jun,Sep,Irrigated,7.2,137.6,27.8,72.4,93.0,50.1,45.1
Cotton,Kharif,Silt,Jul,Oct,Rainfed,7.3,136.8,24.9,80.9,119.0,59.3,47.4
Cotton,Kharif,Clay,Jun,Sep,Irrigated,7.4,138.7,26.0,76.1,88.1,53.7,51.9
Cotton,Kharif,Sandy,Jul,Oct,Rainfed,7.5,139.0,25.6,89.3,109.5,58.0,58.3
Cotton,Kharif,Silt,Jun,Sep,Irrigated,7.9,138.1,26.9,71.1,89.8,52.5,51.7
Cotton,Kharif,Clay,Jul,Oct,Rainfed,7.9,136.8,27.1,78.2,99.8,41.3,51.9
Cotton,Kharif,Sandy,Jun,Sep,Irrigated,7.0,138.1,27.6,77.5,119.6,44.1,40.4
Cotton,Kharif,Silt,Jul,Oct,Rainfed,7.8,136.7,25.3,72.2,83.5,46.5,58.2
Cotton,Kharif,Clay,Jun,Sep,Irrigated,7.2,135.7,25.7,86.6,96.5,42.0,52.4
Cotton,Kharif,Sandy,Jul,Oct,Rainfed,7.2,139.2,27.7,79.1,118.0,58.9,56.8
Cotton,Kharif,Silt,Jun,Sep,Irrigated,7.7,136.7,29.2,87.0,99.4,43.9,41.9
Cotton,Kharif,Clay,Jul,Oct,Rainfed,7.8,136.0,22.3,72.3,114.9,51.5,47.1
Cotton,Kharif,Sandy,Jun,Sep,Irrigated,7.8,135.5,23.7,83.2,91.6,49.2,42.8
Cotton,Kharif,Silt,Jul,Oct,Rainfed,7.5,137.4,22.4,89.0,85.1,41.7,57.2
Cotton,Kharif,Clay,Jun,Sep,Irrigated,7.4,137.1,29.1,73.1,85.6,43.8,55.3
Cotton,Kharif,Sandy,Jul,Oct,Rainfed,7.1,137.0,27.8,73.6,94.9,43.3,42.2
Cotton,Kharif,Silt,Jun,Sep,Irrigated,7.1,136.6,29.7,81.4,99.7,59.8,45.9
Cotton,Kharif,Clay,Jul,Oct,Rainfed,7.7,135.3,29.6,81.2,92.0,43.7,45.0
Cotton,Kharif,Sandy,Jun,Sep,Irrigated,7.9,139.9,29.6,83.9,104.6,56.5,56.3
Cotton,Kharif,Silt,Jul,Oct,Rainfed,7.4,137.2,25.3,86.9,91.6,47.1,56.3
Cotton,Kharif,Clay,Jun,Sep,Irrigated,7.1,137.2,25.3,84.2,113.8,45.5,54.1
Cotton,Kharif,Sandy,Jul,Oct,Rainfed,7.8,138.0,25.5,83.8,116.2,42.9,56.4
Cotton,Kharif,Silt,Jun,Sep,Irrigated,7.8,135.1,26.8,76.9,95.5,59.0,46.1
Cotton,Kharif,Clay,Jul,Oct,Rainfed,7.1,139.9,29.6,88.0,101.5,44.5,47.2
Cotton,Kharif,Sandy,Jun,Sep,Irrigated,8.0,137.8,27.7,88.7,93.1,40.0,55.8
Cotton,Kharif,Silt,Jul,Oct,Rainfed,7.3,136.6,29.0,80.3,116.6,43.8,59.0
Cotton,Kharif,Clay,Jun,Sep,Irrigated,7.6,136.6,29.9,76.8,81.4,56.5,52.7
Cotton,Kharif,Sandy,Jul,Oct,Rainfed,7.9,136.6,26.9,78.9,116.3,50.4,43.6
Cotton,Kharif,Silt,Jun,Sep,Irrigated,7.2,135.8,22.2,80.3,99.2,59.1,54.7
Cotton,Kharif,Clay,Jul,Oct,Rainfed,8.0,136.8,22.0,82.6,91.9,40.7,56.2
Cotton,Kharif,Sandy,Jun,Sep,Irrigated,7.5,135.5,29.6,85.8,108.0,41.4,44.5
Cotton,Kharif,Silt,Jul,Oct,Rainfed,7.6,135.3,28.2,89.4,105.2,44.5,50.5
Cotton,Kharif,Clay,Jun,Sep,Irrigated,7.7,137.0,21.4,78.3,81.9,53.9,52.8
Cotton,Kharif,Sandy,Jul,Oct,Rainfed,7.4,137.1,28.6,82.3,95.3,58.9,56.4
Cotton,Kharif,Silt,Jun,Sep,Irrigated,7.6,139.6,27.8,87.8,84.4,41.3,56.4
Cotton,Kharif,Clay,Jul,Oct,Rainfed,7.8,135.5,21.6,80.5,108.0,46.7,52.2
Cotton,Kharif,Sandy,Jun,Sep,Irrigated,7.5,136.5,28.3,89.6,84.7,49.8,51.5
Cotton,Kharif,Silt,Jul,Oct,Rainfed,7.8,136.7,26.5,73.8,95.3,40.1,52.7
Cotton,Kharif,Clay,Jun,Sep,Irrigated,7.8,139.1,26.7,89.6,99.3,59.2,56.1
Cotton,Kharif,Sandy,Jul,Oct,Rainfed,7.5,138.4,25.2,78.1,101.5,49.0,49.1
Cotton,Kharif,Silt,Jun,Sep,Irrigated,7.5,137.0,24.4,83.7,117.9,43.5,51.9
Cotton,Kharif,Clay,Jul,Oct,Rainfed,7.2,136.7,26.6,72.6,85.4,48.4,49.9
Cotton,Kharif,Sandy,Jun,Sep,Irrigated,7.7,136.9,25.2,70.4,93.6,40.2,51.5
Cotton,Kharif,Silt,Jul,Oct,Rainfed,7.7,137.5,27.6,78.1,92.5,45.9,41.8
Cotton,Kharif,Clay,Jun,Sep,Irrigated,7.8,137.4,27.7,74.9,86.2,50.1,52.7
Cotton,Kharif,Sandy,Jul,Oct,Rainfed,7.6,139.6,25.3,84.5,114.8,41.8,46.3
Cotton,Kharif,Silt,Jun,Sep,Irrigated,7.1,136.0,26.4,79.3,83.9,51.8,51.3
Cotton,Kharif,Clay,Jul,Oct,Rainfed,8.0,139.5,29.0,83.9,99.8,45.2,57.6
Cotton,Kharif,Sandy,Jun,Sep,Irrigated,7.3,137.7,21.8,86.2,102.0,58.4,55.3
Cotton,Kharif,Silt,Jul,Oct,Rainfed,7.3,138.1,29.3,74.7,88.2,56.2,57.9
Cotton,Kharif,Clay,Jun,Sep,Irrigated,7.9,135.2,26.5,74.3,115.4,59.5,40.5
Cotton,Kharif,Sandy,Jul,Oct,Rainfed,7.1,136.5,29.9,83.0,118.0,46.1,57.2
Cotton,Kharif,Silt,Jun,Sep,Irrigated,7.1,138.6,27.6,73.3,115.1,43.2,46.1
Cotton,Kharif,Clay,Jul,Oct,Rainfed,7.7,137.5,26.3,87.7,93.0,46.5,44.7
Cotton,Kharif,Sandy,Jun,Sep,Irrigated,7.9,138.8,29.6,75.8,80.8,59.0,42.0
Cotton,Kharif,Silt,Jul,Oct,Rainfed,8.0,139.6,27.7,77.6,86.3,54.9,49.5
Cotton,Kharif,Clay,Jun,Sep,Irrigated,7.7,139.4,27.6,85.0,112.5,45.3,43.4
Cotton,Kharif,Sandy,Jul,Oct,Rainfed,8.0,139.8,21.3,82.2,109.9,46.0,51.5
Cotton,Kharif,Silt,Jun,Sep,Irrigated,7.8,138.5,23.4,83.1,101.9,44.4,41.9
Cotton,Kharif,Clay,Jul,Oct,Rainfed,7.9,137.7,27.2,76.5,84.1,45.2,52.0
Cotton,Kharif,Sandy,Jun,Sep,Irrigated,7.6,137.9,28.0,75.5,109.0,46.3,47.7
Cotton,Kharif,Silt,Jul,Oct,Rainfed,7.6,139.3,22.1,74.0,111.7,58.4,56.6
Cotton,Kharif,Clay,Jun,Sep,Irrigated,7.5,137.3,23.9,74.8,112.6,59.2,56.6
Cotton,Kharif,Sandy,Jul,Oct,Rainfed,7.4,137.6,23.0,85.7,114.8,47.8,58.8
Cotton,Kharif,Silt,Jun,Sep,Irrigated,7.3,137.7,25.6,77.1,84.4,59.7,52.3
Cotton,Kharif,Clay,Jul,Oct,Rainfed,7.1,138.0,22.5,80.4,83.6,56.2,57.2
Cotton,Kharif,Sandy,Jun,Sep,Irrigated,7.6,138.3,26.9,76.1,119.1,49.9,42.4
Cotton,Kharif,Silt,Jul,Oct,Rainfed,7.3,136.4,23.3,70.7,106.2,52.1,43.6
Cotton,Kharif,Clay,Jun,Sep,Irrigated,7.9,139.0,21.2,85.0,105.5,57.1,47.8
Cotton,Kharif,Sandy,Jul,Oct,Rainfed,8.0,138.6,24.7,80.4,109.6,54.8,53.0
Cotton,Kharif,Silt,Jun,Sep,Irrigated,7.7,137.5,23.6,89.4,117.4,49.5,49.7
Cotton,Kharif,Clay,Jul,Oct,Rainfed,7.9,138.6,23.1,77.5,102.1,46.9,50.1
Cotton,Kharif,Sandy,Jun,Sep,Irrigated,7.0,135.3,25.2,88.7,87.0,56.7,49.2
Cotton,Kharif,Silt,Jul,Oct,Rainfed,7.2,139.6,26.4,89.2,96.8,54.5,56.6
Cotton,Kharif,Clay,Jun,Sep,Irrigated,7.5,135.4,22.3,83.8,113.8,54.9,51.9
Cotton,Kharif,Sandy,Jul,Oct,Rainfed,7.7,137.1,26.9,82.0,80.9,53.6,57.8
Cotton,Kharif,Silt,Jun,Sep,Irrigated,7.4,138.1,28.3,71.7,119.9,40.6,48.5
Cotton,Kharif,Clay,Jul,Oct,Rainfed,7.8,136.9,24.2,87.2,96.5,46.5,46.6
Cotton,Kharif,Sandy,Jun,Sep,Irrigated,7.2,135.6,26.9,70.2,117.3,52.3,57.8
Cotton,Kharif,Silt,Jul,Oct,Rainfed,7.8,137.7,23.7,89.5,92.1,54.2,51.8
Cotton,Kharif,Clay,Jun,Sep,Irrigated,7.5,137.9,24.6,72.3,114.0,47.2,43.7
Cotton,Kharif,Sandy,Jul,Oct,Rainfed,7.7,139.7,21.8,80.1,80.2,52.5,44.2
Cotton,Kharif,Silt,Jun,Sep,Irrigated,7.7,137.2,28.4,74.5,86.3,53.3,48.8
Cotton,Kharif,Clay,Jul,Oct,Rainfed,7.4,136.4,27.4,73.9,80.8,51.4,56.0
Cotton,Kharif,Sandy,Jun,Sep,Irrigated,7.1,137.9,26.4,87.5,117.0,50.6,53.0
Cotton,Kharif,Silt,Jul,Oct,Rainfed,7.4,138.3,26.6,89.5,114.9,45.4,54.6
Cotton,Kharif,Clay,Jun,Sep,Irrigated,7.9,138.6,28.7,88.5,116.6,55.2,59.1
Cotton,Kharif,Sandy,Jul,Oct,Rainfed,7.1,135.0,26.3,76.6,94.3,51.6,51.9
Cotton,Kharif,Silt,Jun,Sep,Irrigated,7.2,136.4,25.8,70.7,84.9,50.2,57.0
Cotton,Kharif,Clay,Jul,Oct,Rainfed,7.7,136.8,28.3,75.1,107.7,54.4,43.7
Cotton,Kharif,Sandy,Jun,Sep,Irrigated,7.3,139.8,25.1,70.9,114.6,50.6,48.8
Cotton,Kharif,Silt,Jul,Oct,Rainfed,7.1,139.1,28.2,89.1,82.3,52.0,51.6
Cotton,Kharif,Clay,Jun,Sep,Irrigated,7.5,138.8,22.5,84.3,92.9,48.5,56.2
Cotton,Kharif,Sandy,Jul,Oct,Rainfed,7.7,137.5,26.2,86.9,110.0,52.2,40.1
Cotton,Kharif,Silt,Jun,Sep,Irrigated,7.3,139.4,25.1,86.0,102.3,55.9,56.9
Cotton,Kharif,Clay,Jul,Oct,Rainfed,7.6,139.2,22.7,70.7,102.8,54.5,52.5
Cotton,Kharif,Sandy,Jun,Sep,Irrigated,7.5,135.1,25.7,86.6,80.7,49.2,59.6
Cotton,Kharif,Silt,Jul,Oct,Rainfed,7.4,137.2,28.7,84.2,119.5,48.5,44.3
Cotton,Kharif,Clay,Jun,Sep,Irrigated,7.4,137.4,22.1,71.6,88.5,48.6,57.2
Cotton,Kharif,Sandy,Jul,Oct,Rainfed,7.0,136.8,23.2,70.1,108.8,50.7,40.2
Cotton,Kharif,Silt,Jun,Sep,Irrigated,7.5,138.5,23.8,74.4,117.5,44.0,49.0
Cotton,Kharif,Clay,Jul,Oct,Rainfed,7.3,135.5,23.6,82.1,106.1,47.9,55.8
Cotton,Kharif,Sandy,Jun,Sep,Irrigated,7.6,139.5,21.1,78.1,102.0,59.7,59.7
Cotton,Kharif,Silt,Jul,Oct,Rainfed,7.5,136.2,25.9,71.4,101.7,49.2,45.9
Cotton,Kharif,Clay,Jun,Sep,Irrigated,7.8,136.2,27.0,88.8,90.2,57.6,56.0
Cotton,Kharif,Sandy,Jul,Oct,Rainfed,7.2,135.2,22.1,77.8,90.1,59.4,41.6
Cotton,Kharif,Silt,Jun,Sep,Irrigated,7.7,136.4,22.0,76.3,87.6,52.1,47.6
Cotton,Kharif,Clay,Jul,Oct,Rainfed,7.1,136.3,28.4,72.3,95.3,49.4,44.9
Cotton,Kharif,Sandy,Jun,Sep,Irrigated,7.5,135.5,27.5,77.2,89.7,59.3,53.2
Cotton,Kharif,Silt,Jul,Oct,Rainfed,7.0,135.6,27.5,75.7,118.5,54.7,41.9
Cotton,Kharif,Clay,Jun,Sep,Irrigated,7.5,138.0,28.7,79.7,94.6,42.9,41.7
Cotton,Kharif,Sandy,Jul,Oct,Rainfed,8.0,138.4,27.4,86.6,119.4,56.7,58.0
Cotton,Kharif,Silt,Jun,Sep,Irrigated,7.5,136.2,24.2,74.6,103.7,40.9,48.8
Cotton,Kharif,Clay,Jul,Oct,Rainfed,7.9,137.7,25.7,83.9,102.0,43.6,56.6
Cotton,Kharif,Sandy,Jun,Sep,Irrigated,7.8,139.8,29.5,75.0,85.2,52.8,48.8
Cotton,Kharif,Silt,Jul,Oct,Rainfed,7.6,137.0,23.2,73.7,80.3,43.3,56.2
Cotton,Kharif,Clay,Jun,Sep,Irrigated,7.9,136.1,29.8,78.5,86.6,55.4,56.9
Cotton,Kharif,Sandy,Jul,Oct,Rainfed,7.8,140.0,22.5,85.5,113.5,52.5,59.7
Cotton,Kharif,Silt,Jun,Sep,Irrigated,7.2,137.7,25.9,80.1,107.2,54.5,59.9
Cotton,Kharif,Clay,Jul,Oct,Rainfed,7.4,139.1,28.3,77.7,116.1,58.1,53.1
Cotton,Kharif,Sandy,Jun,Sep,Irrigated,7.8,136.9,29.5,89.2,113.1,43.9,59.4
Cotton,Kharif,Silt,Jul,Oct,Rainfed,7.1,137.5,24.1,77.4,95.6,41.8,43.9
Cotton,Kharif,Clay,Jun,Sep,Irrigated,7.2,138.1,27.4,82.0,89.2,47.9,40.1
Cotton,Kharif,Sandy,Jul,Oct,Rainfed,8.0,139.3,22.2,78.6,113.4,54.2,41.2
Cotton,Kharif,Silt,Jun,Sep,Irrigated,7.7,138.0,24.4,81.9,90.8,45.8,53.9
Cotton,Kharif,Clay,Jul,Oct,Rainfed,7.2,139.5,23.0,81.5,88.2,54.7,50.6
Cotton,Kharif,Sandy,Jun,Sep,Irrigated,7.0,136.3,28.2,76.0,110.0,45.6,43.9
Cotton,Kharif,Silt,Jul,Oct,Rainfed,7.7,136.9,26.4,87.1,111.6,59.0,57.8
Cotton,Kharif,Clay,Jun,Sep,Irrigated,7.3,136.5,26.4,83.0,111.8,58.4,56.7
Cotton,Kharif,Sandy,Jul,Oct,Rainfed,7.7,135.0,21.0,72.2,106.3,40.5,57.6
Cotton,Kharif,Silt,Jun,Sep,Irrigated,7.7,135.3,23.6,80.2,90.0,58.5,54.0
Cotton,Kharif,Clay,Jul,Oct,Rainfed,7.6,135.4,25.9,82.2,104.4,59.8,49.6
Cotton,Kharif,Sandy,Jun,Sep,Irrigated,7.6,139.3,25.5,75.7,84.5,42.5,50.3
Cotton,Kharif,Silt,Jul,Oct,Rainfed,7.9,137.8,21.6,70.4,106.3,58.0,59.3
Cotton,Kharif,Clay,Jun,Sep,Irrigated,7.2,137.0,27.8,82.3,95.1,41.7,59.6
Cotton,Kharif,Sandy,Jul,Oct,Rainfed,7.9,139.1,27.4,76.4,105.8,47.4,48.9
Cotton,Kharif,Silt,Jun,Sep,Irrigated,7.1,136.6,26.9,78.2,84.0,56.4,40.6
Cotton,Kharif,Clay,Jul,Oct,Rainfed,7.5,138.4,26.3,75.4,92.5,47.9,43.7
Cotton,Kharif,Sandy,Jun,Sep,Irrigated,7.3,139.6,26.2,87.1,114.6,50.8,58.5
Cotton,Kharif,Silt,Jul,Oct,Rainfed,7.4,138.5,23.2,80.6,118.9,50.3,42.2
Cotton,Kharif,Clay,Jun,Sep,Irrigated,7.5,137.6,25.9,87.3,87.3,40.5,50.2
Cotton,Kharif,Sandy,Jul,Oct,Rainfed,7.4,137.8,22.8,70.9,107.3,59.6,41.3
Cotton,Kharif,Silt,Jun,Sep,Irrigated,7.1,138.6,24.3,86.8,101.3,46.2,52.1
Cotton,Kharif,Clay,Jul,Oct,Rainfed,7.8,137.2,28.5,71.1,80.1,50.1,41.7
Cotton,Kharif,Sandy,Jun,Sep,Irrigated,7.4,139.8,28.5,79.9,113.4,55.5,57.2
Cotton,Kharif,Silt,Jul,Oct,Rainfed,7.3,136.8,23.9,72.2,99.2,52.1,44.1
Cotton,Kharif,Clay,Jun,Sep,Irrigated,7.3,137.2,26.2,87.2,114.0,51.2,56.0
Cotton,Kharif,Sandy,Jul,Oct,Rainfed,7.1,135.4,21.6,72.0,86.9,41.6,40.4
Cotton,Kharif,Silt,Jun,Sep,Irrigated,7.5,137.2,30.0,76.9,83.1,46.9,50.0
Cotton,Kharif,Clay,Jul,Oct,Rainfed,7.6,135.4,28.5,70.6,91.9,56.4,54.2
Cotton,Kharif,Sandy,Jun,Sep,Irrigated,7.5,139.5,26.3,71.5,104.7,54.9,40.5
Cotton,Kharif,Silt,Jul,Oct,Rainfed,7.6,135.2,21.4,86.9,113.1,55.9,46.2
Cotton,Kharif,Clay,Jun,Sep,Irrigated,7.7,135.3,27.8,87.5,110.9,44.1,49.8
Cotton,Kharif,Sandy,Jul,Oct,Rainfed,7.2,136.6,26.9,72.0,104.3,58.2,59.0
Cotton,Kharif,Silt,Jun,Sep,Irrigated,7.2,136.0,27.4,78.7,102.8,57.3,40.1
Cotton,Kharif,Clay,Jul,Oct,Rainfed,7.8,139.1,28.5,72.2,114.4,48.3,42.7
Cotton,Kharif,Sandy,Jun,Sep,Irrigated,7.1,139.8,22.6,89.5,108.1,47.5,46.1
Cotton,Kharif,Silt,Jul,Oct,Rainfed,7.8,137.5,27.7,74.2,96.0,60.0,42.9
Cotton,Kharif,Clay,Jun,Sep,Irrigated,7.2,136.0,22.6,89.7,117.1,57.7,50.2
Cotton,Kharif,Sandy,Jul,Oct,Rainfed,7.7,139.1,23.0,74.1,89.0,53.8,52.6
Cotton,Kharif,Silt,Jun,Sep,Irrigated,7.0,139.1,28.6,72.1,112.4,44.5,55.7
Cotton,Kharif,Clay,Jul,Oct,Rainfed,7.5,139.5,29.0,71.7,95.8,53.5,40.3
Cotton,Kharif,Sandy,Jun,Sep,Irrigated,7.0,137.9,25.3,85.4,88.2,43.0,48.9
Cotton,Kharif,Silt,Jul,Oct,Rainfed,7.6,138.9,25.4,77.4,101.4,49.1,50.2
Cotton,Kharif,Clay,Jun,Sep,Irrigated,7.8,138.0,29.6,85.8,114.8,41.8,47.1
Cotton,Kharif,Sandy,Jul,Oct,Rainfed,7.9,137.8,24.5,76.6,113.0,48.3,52.4
Cotton,Kharif,Silt,Jun,Sep,Irrigated,7.4,135.9,24.3,88.9,95.8,43.4,53.6
Cotton,Kharif,Clay,Jul,Oct,Rainfed,8.0,135.8,24.0,82.0,92.2,56.3,42.2
Cotton,Kharif,Sandy,Jun,Sep,Irrigated,7.4,137.9,21.4,83.3,82.4,59.8,53.4
Cotton,Kharif,Silt,Jul,Oct,Rainfed,7.6,139.2,23.6,88.3,108.6,45.9,55.4
Cotton,Kharif,Clay,Jun,Sep,Irrigated,7.3,138.7,24.4,84.5,103.8,54.4,56.7
Cotton,Kharif,Sandy,Jul,Oct,Rainfed,7.6,139.8,25.3,87.3,82.8,45.9,41.2
Cotton,Kharif,Silt,Jun,Sep,Irrigated,7.5,137.4,25.4,84.7,111.7,52.1,53.7
Cotton,Kharif,Clay,Jul,Oct,Rainfed,7.3,138.6,22.4,74.9,96.9,53.8,56.8
Cotton,Kharif,Sandy,Jun,Sep,Irrigated,7.5,138.8,27.7,70.8,109.6,44.0,59.0
Cotton,Kharif,Silt,Jul,Oct,Rainfed,7.8,138.9,25.9,88.2,102.0,47.9,56.5
Cotton,Kharif,Clay,Jun,Sep,Irrigated,7.3,135.5,24.3,72.2,94.6,56.8,44.7
Cotton,Kharif,Sandy,Jul,Oct,Rainfed,7.7,137.2,26.0,78.5,88.1,59.3,55.4
Cotton,Kharif,Silt,Jun,Sep,Irrigated,7.2,139.4,28.6,72.4,85.9,59.6,54.1
Cotton,Kharif,Clay,Jul,Oct,Rainfed,8.0,135.1,22.5,78.0,92.7,53.1,59.9
Cotton,Kharif,Sandy,Jun,Sep,Irrigated,7.6,138.3,28.6,74.3,92.7,56.4,41.8
Cotton,Kharif,Silt,Jul,Oct,Rainfed,7.9,139.0,29.3,83.4,93.2,50.9,59.1
Cotton,Kharif,Clay,Jun,Sep,Irrigated,7.6,137.9,29.2,75.1,90.2,56.6,51.7
Cotton,Kharif,Sandy,Jul,Oct,Rainfed,7.9,139.0,21.4,87.7,108.0,50.0,42.8
Cotton,Kharif,Silt,Jun,Sep,Irrigated,7.7,138.3,25.2,82.3,113.3,52.9,51.0
Cotton,Kharif,Clay,Jul,Oct,Rainfed,7.6,139.5,29.8,76.4,109.6,58.0,53.1
Cotton,Kharif,Sandy,Jun,Sep,Irrigated,7.3,135.5,25.6,73.5,113.4,47.8,40.2
Cotton,Kharif,Silt,Jul,Oct,Rainfed,7.7,135.2,25.2,82.8,84.1,57.8,55.0
Cotton,Kharif,Clay,Jun,Sep,Irrigated,7.1,137.5,21.1,78.2,104.5,49.9,55.2
Cotton,Kharif,Sandy,Jul,Oct,Rainfed,7.5,137.1,21.4,76.8,90.8,46.2,57.4
Cotton,Kharif,Silt,Jun,Sep,Irrigated,7.9,139.7,24.8,85.8,80.1,45.9,45.5
Cotton,Kharif,Clay,Jul,Oct,Rainfed,7.6,138.8,23.9,72.8,88.0,47.6,47.5
Cotton,Kharif,Sandy,Jun,Sep,Irrigated,7.2,138.8,24.9,72.9,118.5,49.7,49.3
Cotton,Kharif,Silt,Jul,Oct,Rainfed,7.2,137.1,29.8,87.5,100.3,51.8,46.8
Cotton,Kharif,Clay,Jun,Sep,Irrigated,7.6,139.1,21.9,85.7,115.8,53.1,53.6
Cotton,Kharif,Sandy,Jul,Oct,Rainfed,7.8,135.6,21.5,75.6,84.4,57.6,41.6
Cotton,Kharif,Silt,Jun,Sep,Irrigated,7.2,139.9,26.1,75.7,101.2,53.4,56.9
Cotton,Kharif,Clay,Jul,Oct,Rainfed,7.8,135.6,21.6,78.5,86.3,41.7,59.6
Cotton,Kharif,Sandy,Jun,Sep,Irrigated,7.8,137.4,21.6,72.5,88.8,44.8,40.8
Cotton,Kharif,Silt,Jul,Oct,Rainfed,7.5,136.5,29.9,86.1,92.4,59.1,58.9
Cotton,Kharif,Clay,Jun,Sep,Irrigated,7.3,137.8,27.3,73.6,116.6,54.9,47.7
Cotton,Kharif,Sandy,Jul,Oct,Rainfed,7.7,140.0,26.6,82.2,110.1,46.9,57.0
Cotton,Kharif,Silt,Jun,Sep,Irrigated,7.4,139.6,25.1,75.7,112.0,48.6,50.6
Cotton,Kharif,Clay,Jul,Oct,Rainfed,7.7,135.5,24.3,71.0,103.2,54.3,55.9
Cotton,Kharif,Sandy,Jun,Sep,Irrigated,7.8,135.3,21.1,77.3,89.8,43.8,57.3
Cotton,Kharif,Silt,Jul,Oct,Rainfed,7.2,136.7,29.3,79.3,84.9,46.8,53.6
Cotton,Kharif,Clay,Jun,Sep,Irrigated,7.7,138.5,25.5,76.3,82.4,48.5,51.7
Cotton,Kharif,Sandy,Jul,Oct,Rainfed,7.8,139.4,25.4,87.9,102.0,58.6,48.8
Cotton,Kharif,Silt,Jun,Sep,Irrigated,7.2,136.4,24.7,86.0,117.5,48.6,47.5
Cotton,Kharif,Clay,Jul,Oct,Rainfed,7.9,139.7,21.7,70.2,105.4,43.1,48.1
Cotton,Kharif,Sandy,Jun,Sep,Irrigated,7.9,135.8,22.5,81.6,88.1,59.4,46.2
Cotton,Kharif,Silt,Jul,Oct,Rainfed,7.4,138.7,25.7,80.9,115.6,53.4,54.9
Cotton,Kharif,Clay,Jun,Sep,Irrigated,7.5,135.1,24.3,81.1,104.5,40.7,60.0
Cotton,Kharif,Sandy,Jul,Oct,Rainfed,7.3,137.1,28.7,89.1,91.6,51.9,50.8
Cotton,Kharif,Silt,Jun,Sep,Irrigated,8.0,139.3,23.3,89.4,113.7,52.8,40.5
Cotton,Kharif,Clay,Jul,Oct,Rainfed,7.3,138.5,21.4,85.7,99.6,55.0,58.2
Cotton,Kharif,Sandy,Jun,Sep,Irrigated,7.1,136.1,26.3,73.8,99.3,54.7,56.4
Cotton,Kharif,Silt,Jul,Oct,Rainfed,7.5,135.1,25.9,81.6,101.6,41.7,56.8
Cotton,Kharif,Clay,Jun,Sep,Irrigated,7.8,135.2,21.3,75.4,92.2,41.1,43.0
Cotton,Kharif,Sandy,Jul,Oct,Rainfed,7.9,138.7,24.4,79.0,83.6,59.2,55.6
Cotton,Kharif,Silt,Jun,Sep,Irrigated,7.4,136.6,21.5,80.8,108.5,57.8,41.9
Cotton,Kharif,Clay,Jul,Oct,Rainfed,7.9,138.8,21.7,71.9,100.2,57.4,50.2
Cotton,Kharif,Sandy,Jun,Sep,Irrigated,7.8,135.9,27.3,85.1,112.7,49.8,52.4
Cotton,Kharif,Silt,Jul,Oct,Rainfed,7.8,136.1,22.4,74.6,82.8,43.7,50.0
Cotton,Kharif,Clay,Jun,Sep,Irrigated,7.7,137.6,27.4,77.2,117.1,46.4,57.5
Cotton,Kharif,Sandy,Jul,Oct,Rainfed,7.8,135.3,24.8,73.7,114.8,48.3,52.6
Cotton,Kharif,Silt,Jun,Sep,Irrigated,7.5,137.5,22.6,85.3,80.8,45.9,43.3
Cotton,Kharif,Clay,Jul,Oct,Rainfed,7.4,138.4,26.4,78.5,115.4,43.9,59.7
Cotton,Kharif,Sandy,Jun,Sep,Irrigated,7.5,136.9,26.8,80.6,110.5,58.9,49.4
Cotton,Kharif,Silt,Jul,Oct,Rainfed,7.3,137.8,24.2,78.1,118.7,50.9,52.7
Cotton,Kharif,Clay,Jun,Sep,Irrigated,7.8,139.3,25.3,74.6,85.6,55.3,50.0
Cotton,Kharif,Sandy,Jul,Oct,Rainfed,7.1,137.9,21.8,75.2,100.3,58.6,50.8
Cotton,Kharif,Silt,Jun,Sep,Irrigated,7.7,138.1,29.6,87.0,110.9,45.7,55.4
Cotton,Kharif,Clay,Jul,Oct,Rainfed,7.0,135.6,27.2,85.0,89.5,57.0,55.7
Cotton,Kharif,Sandy,Jun,Sep,Irrigated,7.6,138.4,23.9,89.2,117.2,48.9,53.1
Cotton,Kharif,Silt,Jul,Oct,Rainfed,7.3,138.4,22.5,72.3,86.0,43.2,46.7
Cotton,Kharif,Clay,Jun,Sep,Irrigated,7.9,136.0,24.3,88.2,82.9,41.4,51.9
Cotton,Kharif,Sandy,Jul,Oct,Rainfed,7.3,135.8,22.4,80.1,83.4,58.3,45.3
Cotton,Kharif,Silt,Jun,Sep,Irrigated,7.6,138.3,28.9,76.9,90.5,43.6,55.2
Cotton,Kharif,Clay,Jul,Oct,Rainfed,7.6,137.6,29.1,81.0,106.5,59.0,50.1
Cotton,Kharif,Sandy,Jun,Sep,Irrigated,7.9,138.8,25.8,83.0,93.9,41.0,41.2
Cotton,Kharif,Silt,Jul,Oct,Rainfed,7.8,139.9,24.7,89.8,90.3,46.8,43.8
Cotton,Kharif,Clay,Jun,Sep,Irrigated,8.0,137.0,29.8,87.2,98.7,50.3,45.8
Cotton,Kharif,Sandy,Jul,Oct,Rainfed,7.6,137.3,23.9,86.1,84.4,49.5,49.2
Cotton,Kharif,Silt,Jun,Sep,Irrigated,7.8,137.7,27.4,73.5,90.7,53.8,45.7
Cotton,Kharif,Clay,Jul,Oct,Rainfed,7.4,135.2,26.3,87.3,87.0,45.5,47.6
Cotton,Kharif,Sandy,Jun,Sep,Irrigated,7.8,138.5,25.3,83.7,115.6,43.1,48.4
Cotton,Kharif,Silt,Jul,Oct,Rainfed,7.0,139.4,21.6,81.7,88.6,53.3,50.4
Cotton,Kharif,Clay,Jun,Sep,Irrigated,7.8,135.1,25.3,80.2,119.2,49.1,48.1
Cotton,Kharif,Sandy,Jul,Oct,Rainfed,7.9,137.8,29.6,74.4,85.4,59.4,47.3
Cotton,Kharif,Silt,Jun,Sep,Irrigated,7.1,135.3,24.4,73.4,89.0,56.4,53.6
Cotton,Kharif,Clay,Jul,Oct,Rainfed,7.3,138.9,27.6,83.0,120.0,41.8,44.9
Cotton,Kharif,Sandy,Jun,Sep,Irrigated,7.2,137.0,28.6,89.3,109.5,45.6,59.8
Cotton,Kharif,Silt,Jul,Oct,Rainfed,7.9,136.2,29.2,81.2,95.5,51.8,48.0
Cotton,Kharif,Clay,Jun,Sep,Irrigated,7.4,138.4,23.3,80.3,91.3,52.2,46.1
Cotton,Kharif,Sandy,Jul,Oct,Rainfed,7.5,136.6,27.7,87.1,82.7,50.4,46.0
Cotton,Kharif,Silt,Jun,Sep,Irrigated,7.4,137.5,24.3,73.0,96.2,45.4,50.3
Cotton,Kharif,Clay,Jul,Oct,Rainfed,7.0,136.3,25.3,77.1,117.4,58.5,48.9
Cotton,Kharif,Sandy,Jun,Sep,Irrigated,7.0,136.2,27.0,78.4,119.9,43.8,47.9
Cotton,Kharif,Silt,Jul,Oct,Rainfed,7.7,136.8,26.9,71.6,116.5,55.8,48.3
Cotton,Kharif,Clay,Jun,Sep,Irrigated,7.9,135.2,24.9,70.5,97.4,53.8,47.5
Cotton,Kharif,Sandy,Jul,Oct,Rainfed,7.8,139.8,21.1,83.7,112.8,56.9,42.6
Cotton,Kharif,Silt,Jun,Sep,Irrigated,7.9,135.9,26.4,82.6,119.6,46.1,40.6
Cotton,Kharif,Clay,Jul,Oct,Rainfed,7.1,138.8,29.4,86.3,101.4,53.5,48.1
Cotton,Kharif,Sandy,Jun,Sep,Irrigated,7.5,137.5,26.8,71.2,94.5,43.0,47.7
Cotton,Kharif,Silt,Jul,Oct,Rainfed,7.4,139.1,21.5,81.2,93.8,43.6,49.1
Cotton,Kharif,Clay,Jun,Sep,Irrigated,7.3,137.5,29.6,76.3,105.0,46.1,58.2
Cotton,Kharif,Sandy,Jul,Oct,Rainfed,7.9,136.1,25.0,78.9,84.3,57.6,45.1
Cotton,Kharif,Silt,Jun,Sep,Irrigated,7.9,139.9,25.4,71.8,80.7,41.4,59.8
Cotton,Kharif,Clay,Jul,Oct,Rainfed,7.2,137.3,25.0,83.1,81.1,60.0,47.8
Cotton,Kharif,Sandy,Jun,Sep,Irrigated,7.6,137.2,21.0,83.6,107.1,53.8,49.8
Cotton,Kharif,Silt,Jul,Oct,Rainfed,7.3,139.8,22.8,86.9,106.7,47.9,52.8
Cotton,Kharif,Clay,Jun,Sep,Irrigated,7.0,139.3,27.6,86.3,83.7,45.9,58.6
Cotton,Kharif,Sandy,Jul,Oct,Rainfed,7.9,139.9,23.1,84.9,111.5,55.4,55.3
Cotton,Kharif,Silt,Jun,Sep,Irrigated,7.5,139.0,25.2,81.4,94.8,52.8,56.6
Cotton,Kharif,Clay,Jul,Oct,Rainfed,7.7,138.0,24.0,74.9,119.0,45.8,49.9
Cotton,Kharif,Sandy,Jun,Sep,Irrigated,8.0,138.2,23.8,77.4,97.6,50.1,46.2
Cotton,Kharif,Silt,Jul,Oct,Rainfed,7.6,135.7,28.5,76.2,94.9,55.3,56.3
Cotton,Kharif,Clay,Jun,Sep,Irrigated,7.8,136.6,27.4,76.1,106.4,44.2,51.2
Cotton,Kharif,Sandy,Jul,Oct,Rainfed,7.0,137.4,22.3,87.2,82.7,40.8,56.7
Cotton,Kharif,Silt,Jun,Sep,Irrigated,7.8,138.4,29.1,86.1,117.4,54.6,59.0
Cotton,Kharif,Clay,Jul,Oct,Rainfed,7.8,138.7,27.7,87.1,91.0,58.3,45.6
Cotton,Kharif,Sandy,Jun,Sep,Irrigated,7.6,136.9,25.8,83.5,116.9,42.7,40.3
Cotton,Kharif,Silt,Jul,Oct,Rainfed,7.6,135.4,25.6,77.4,83.6,58.9,56.0
Cotton,Kharif,Clay,Jun,Sep,Irrigated,8.0,135.4,25.1,81.9,84.0,45.5,40.2
Cotton,Kharif,Sandy,Jul,Oct,Rainfed,7.2,138.5,22.0,88.5,90.1,47.0,47.6
Cotton,Kharif,Silt,Jun,Sep,Irrigated,7.9,139.9,25.4,85.0,116.1,49.9,46.0
Cotton,Kharif,Clay,Jul,Oct,Rainfed,7.6,139.3,26.3,78.0,116.1,50.6,50.6
Cotton,Kharif,Sandy,Jun,Sep,Irrigated,7.5,138.0,24.8,81.2,91.8,49.3,52.1
Cotton,Kharif,Silt,Jul,Oct,Rainfed,8.0,138.1,24.5,71.6,118.7,47.0,59.6
Cotton,Kharif,Clay,Jun,Sep,Irrigated,7.9,138.9,24.9,86.7,109.3,49.1,58.3
Cotton,Kharif,Sandy,Jul,Oct,Rainfed,7.2,137.0,26.7,79.9,117.1,54.8,56.1
Cotton,Kharif,Silt,Jun,Sep,Irrigated,7.5,137.5,26.4,88.4,84.7,53.9,45.4
Cotton,Kharif,Clay,Jul,Oct,Rainfed,7.4,139.7,24.5,76.7,91.0,49.1,49.8
Cotton,Kharif,Sandy,Jun,Sep,Irrigated,7.8,136.5,28.3,82.8,83.7,42.3,58.8
Cotton,Kharif,Silt,Jul,Oct,Rainfed,7.7,138.7,27.3,80.5,99.5,58.1,45.2
Cotton,Kharif,Clay,Jun,Sep,Irrigated,7.2,139.2,28.3,71.3,102.4,42.1,43.2
Cotton,Kharif,Sandy,Jul,Oct,Rainfed,7.2,136.9,26.6,70.3,100.2,48.6,44.9
Cotton,Kharif,Silt,Jun,Sep,Irrigated,7.1,135.1,23.2,73.6,101.8,47.5,49.5
Cotton,Kharif,Clay,Jul,Oct,Rainfed,7.7,136.4,21.6,86.2,99.0,41.8,52.5
Cotton,Kharif,Sandy,Jun,Sep,Irrigated,7.5,137.4,25.8,78.2,109.3,59.0,57.5
Cotton,Kharif,Silt,Jul,Oct,Rainfed,7.2,139.6,25.9,71.7,112.7,53.2,58.4
Cotton,Kharif,Clay,Jun,Sep,Irrigated,7.2,136.4,26.8,80.7,115.0,57.5,56.6
Cotton,Kharif,Sandy,Jul,Oct,Rainfed,7.8,139.3,23.5,76.2,106.7,48.5,50.7
Cotton,Kharif,Silt,Jun,Sep,Irrigated,7.2,135.2,27.5,82.4,104.1,43.9,54.2
Cotton,Kharif,Clay,Jul,Oct,Rainfed,7.4,138.1,25.0,88.5,95.9,44.3,53.7
Cotton,Kharif,Sandy,Jun,Sep,Irrigated,7.6,136.3,22.6,85.3,105.3,48.6,55.9
Cotton,Kharif,Silt,Jul,Oct,Rainfed,7.1,139.3,25.5,89.5,108.5,43.1,59.2
Cotton,Kharif,Clay,Jun,Sep,Irrigated,7.7,137.9,25.1,81.4,84.2,42.0,56.8
Cotton,Kharif,Sandy,Jul,Oct,Rainfed,7.2,135.9,24.2,87.4,96.0,43.9,40.5
Cotton,Kharif,Silt,Jun,Sep,Irrigated,7.0,137.6,21.7,71.3,89.0,58.6,46.7
Cotton,Kharif,Clay,Jul,Oct,Rainfed,7.2,135.3,23.7,74.2,117.7,41.7,52.0
Cotton,Kharif,Sandy,Jun,Sep,Irrigated,7.2,137.2,25.6,89.0,110.1,52.9,51.0
Cotton,Kharif,Silt,Jul,Oct,Rainfed,7.1,136.1,22.6,78.0,107.0,51.8,51.2
Cotton,Kharif,Clay,Jun,Sep,Irrigated,7.3,138.0,22.3,75.9,97.9,50.5,50.8
Cotton,Kharif,Sandy,Jul,Oct,Rainfed,7.3,135.6,26.3,87.9,84.3,42.6,54.4
Cotton,Kharif,Silt,Jun,Sep,Irrigated,7.0,139.6,29.4,80.0,107.0,53.5,41.6
Cotton,Kharif,Clay,Jul,Oct,Rainfed,7.7,138.7,23.1,84.2,93.0,56.3,48.0
Cotton,Kharif,Sandy,Jun,Sep,Irrigated,7.6,137.4,28.6,74.5,107.7,46.9,44.1
Cotton,Kharif,Silt,Jul,Oct,Rainfed,7.5,136.4,23.0,77.9,113.9,44.3,47.2
Cotton,Kharif,Clay,Jun,Sep,Irrigated,7.2,138.9,27.3,81.5,112.7,52.6,54.0
Cotton,Kharif,Sandy,Jul,Oct,Rainfed,7.2,136.2,23.4,74.3,98.8,49.9,58.8
Cotton,Kharif,Silt,Jun,Sep,Irrigated,7.6,138.4,25.3,78.7,105.7,41.2,48.0
Cotton,Kharif,Clay,Jul,Oct,Rainfed,7.3,138.2,23.6,77.2,88.2,41.9,41.5
Cotton,Kharif,Sandy,Jun,Sep,Irrigated,7.3,136.4,24.7,83.0,85.3,54.3,41.0
Cotton,Kharif,Silt,Jul,Oct,Rainfed,7.2,137.3,28.3,70.3,86.4,50.5,53.5
Cotton,Kharif,Clay,Jun,Sep,Irrigated,7.5,135.0,21.1,79.9,87.5,53.2,45.8
Cotton,Kharif,Sandy,Jul,Oct,Rainfed,7.8,137.4,29.5,70.7,96.2,44.4,43.2
Cotton,Kharif,Silt,Jun,Sep,Irrigated,8.0,136.4,27.9,70.0,117.3,56.7,56.3
Cotton,Kharif,Clay,Jul,Oct,Rainfed,7.8,137.8,24.5,79.0,97.9,54.5,45.9
Cotton,Kharif,Sandy,Jun,Sep,Irrigated,7.3,136.9,28.0,75.6,99.3,59.7,59.0
Cotton,Kharif,Silt,Jul,Oct,Rainfed,7.7,139.1,27.2,85.3,97.6,58.8,42.5
Cotton,Kharif,Clay,Jun,Sep,Irrigated,7.5,138.1,23.2,74.6,116.9,46.1,46.4
Cotton,Kharif,Sandy,Jul,Oct,Rainfed,8.0,139.7,25.7,86.5,104.8,50.3,41.7
Cotton,Kharif,Silt,Jun,Sep,Irrigated,7.8,139.2,26.0,77.8,112.8,46.8,48.9
Cotton,Kharif,Clay,Jul,Oct,Rainfed,7.7,139.4,24.6,87.9,88.5,54.1,46.3
Cotton,Kharif,Sandy,Jun,Sep,Irrigated,7.7,140.0,21.4,88.8,119.9,54.2,48.4
Cotton,Kharif,Silt,Jul,Oct,Rainfed,7.3,135.8,24.2,70.7,93.6,46.5,51.9
Cotton,Kharif,Clay,Jun,Sep,Irrigated,7.1,135.2,26.4,74.1,98.3,59.8,57.9
Cotton,Kharif,Sandy,Jul,Oct,Rainfed,7.7,138.5,23.6,83.0,86.9,53.8,54.5
Cotton,Kharif,Silt,Jun,Sep,Irrigated,7.4,136.3,21.6,89.7,116.0,46.8,50.9
Cotton,Kharif,Clay,Jul,Oct,Rainfed,7.8,137.4,21.6,84.7,115.7,41.0,50.6
Cotton,Kharif,Sandy,Jun,Sep,Irrigated,8.0,138.3,23.3,80.3,108.7,47.0,46.3
Cotton,Kharif,Silt,Jul,Oct,Rainfed,7.4,135.9,27.8,81.1,102.6,41.5,55.2
Cotton,Kharif,Clay,Jun,Sep,Irrigated,7.8,137.2,28.9,80.5,82.1,54.4,45.6
Cotton,Kharif,Sandy,Jul,Oct,Rainfed,7.1,137.5,25.6,80.9,92.9,53.9,41.6
Cotton,Kharif,Silt,Jun,Sep,Irrigated,7.7,135.6,29.9,75.5,94.8,42.5,43.5
Cotton,Kharif,Clay,Jul,Oct,Rainfed,7.3,137.1,22.9,73.5,94.7,48.3,41.3
Sugarcane,Kharif,Clay,Jun,Sep,Irrigated,6.8,314.9,21.0,65.1,169.5,89.7,138.5
Sugarcane,Kharif,Clay,Jul,Oct,Irrigated,7.6,312.4,25.7,77.2,191.2,87.7,145.8
Sugarcane,Kharif,Loamy,Jun,Sep,Irrigated,6.7,315.1,22.5,70.7,175.3,77.6,129.8
Sugarcane,Kharif,Loamy,Jul,Oct,Irrigated,7.4,326.1,22.1,77.6,159.0,67.1,147.4
Sugarcane,Kharif,Clay,Jun,Sep,Irrigated,6.9,323.7,26.5,66.1,189.1,62.6,149.6
Sugarcane,Kharif,Clay,Jul,Oct,Irrigated,6.8,311.8,21.7,74.6,154.8,93.9,124.3
Sugarcane,Kharif,Loamy,Jun,Sep,Irrigated,7.7,316.4,25.9,70.2,169.7,67.1,126.7
Sugarcane,Kharif,Loamy,Jul,Oct,Irrigated,7.2,324.5,23.8,74.8,164.1,64.6,130.3
Sugarcane,Kharif,Clay,Jun,Sep,Irrigated,7.1,304.0,26.9,75.5,156.9,61.5,131.2
Sugarcane,Kharif,Clay,Jul,Oct,Irrigated,7.9,323.8,25.7,67.3,185.2,89.9,149.6
Sugarcane,Kharif,Loamy,Jun,Sep,Irrigated,6.5,325.4,26.9,70.9,160.3,76.3,121.3
Sugarcane,Kharif,Loamy,Jul,Oct,Irrigated,7.5,306.5,21.7,78.6,152.6,70.5,136.6
Sugarcane,Kharif,Clay,Jun,Sep,Irrigated,7.6,325.1,21.7,73.9,169.4,63.0,129.0
Sugarcane,Kharif,Clay,Jul,Oct,Irrigated,6.7,310.8,26.5,69.8,156.7,76.4,135.2
Sugarcane,Kharif,Loamy,Jun,Sep,Irrigated,7.9,314.2,21.9,75.2,152.4,68.3,141.0
Sugarcane,Kharif,Loamy,Jul,Oct,Irrigated,6.7,312.6,21.9,66.3,181.9,95.2,133.0
Sugarcane,Kharif,Clay,Jun,Sep,Irrigated,7.1,315.3,26.2,70.1,194.7,75.0,128.0
Sugarcane,Kharif,Clay,Jul,Oct,Irrigated,6.5,317.8,25.9,71.2,195.8,88.7,138.1
Sugarcane,Kharif,Loamy,Jun,Sep,Irrigated,7.8,304.7,21.4,69.4,172.9,61.3,146.1
Sugarcane,Kharif,Loamy,Jul,Oct,Irrigated,7.6,323.1,23.9,73.7,171.7,73.6,140.3
Sugarcane,Kharif,Clay,Jun,Sep,Irrigated,7.0,318.5,25.7,73.5,161.7,77.1,144.7
Sugarcane,Kharif,Clay,Jul,Oct,Irrigated,6.8,322.3,25.5,65.8,186.1,84.5,135.4
Sugarcane,Kharif,Loamy,Jun,Sep,Irrigated,7.3,300.1,21.3,69.0,172.6,74.6,148.1
Sugarcane,Kharif,Loamy,Jul,Oct,Irrigated,7.5,325.8,25.1,78.0,161.4,73.8,146.6
Sugarcane,Kharif,Clay,Jun,Sep,Irrigated,6.6,318.3,22.5,79.8,183.1,82.5,128.3
Sugarcane,Kharif,Clay,Jul,Oct,Irrigated,7.5,309.6,24.4,68.6,184.3,72.4,131.8
Sugarcane,Kharif,Loamy,Jun,Sep,Irrigated,7.1,325.7,24.5,69.7,183.9,66.1,129.9
Sugarcane,Kharif,Loamy,Jul,Oct,Irrigated,7.8,301.9,24.5,79.6,199.3,76.9,123.5
Sugarcane,Kharif,Clay,Jun,Sep,Irrigated,7.8,323.8,21.4,69.9,176.9,92.9,145.0
Sugarcane,Kharif,Clay,Jul,Oct,Irrigated,6.9,328.6,25.3,71.4,170.0,63.4,126.9
Sugarcane,Kharif,Loamy,Jun,Sep,Irrigated,7.7,308.2,23.0,66.6,170.1,69.1,131.9
Sugarcane,Kharif,Loamy,Jul,Oct,Irrigated,7.6,318.1,24.6,72.0,167.6,89.0,131.1
Sugarcane,Kharif,Clay,Jun,Sep,Irrigated,7.3,316.6,22.0,74.8,164.7,62.9,140.9
Sugarcane,Kharif,Clay,Jul,Oct,Irrigated,7.4,306.8,23.1,66.4,183.2,85.2,128.0
Sugarcane,Kharif,Loamy,Jun,Sep,Irrigated,6.8,323.9,22.9,77.6,165.6,71.5,148.3
Sugarcane,Kharif,Loamy,Jul,Oct,Irrigated,7.1,323.4,21.1,65.8,176.3,70.9,121.4
Sugarcane,Kharif,Clay,Jun,Sep,Irrigated,6.7,328.3,21.6,70.3,191.6,85.9,149.0
Sugarcane,Kharif,Clay,Jul,Oct,Irrigated,7.5,314.2,23.0,69.1,159.6,88.8,140.5
Sugarcane,Kharif,Loamy,Jun,Sep,Irrigated,6.9,303.4,26.4,75.2,192.2,84.0,145.2
Sugarcane,Kharif,Loamy,Jul,Oct,Irrigated,6.9,319.6,24.8,70.1,195.4,99.4,129.5
Sugarcane,Kharif,Clay,Jun,Sep,Irrigated,7.4,304.9,26.0,72.6,152.8,92.3,122.2
Sugarcane,Kharif,Clay,Jul,Oct,Irrigated,7.0,329.7,24.8,67.8,187.6,92.6,145.9
Sugarcane,Kharif,Loamy,Jun,Sep,Irrigated,7.2,312.6,26.3,75.3,169.3,64.9,138.3
Sugarcane,Kharif,Loamy,Jul,Oct,Irrigated,6.8,303.7,26.6,65.5,196.9,80.0,138.7
Sugarcane,Kharif,Clay,Jun,Sep,Irrigated,7.6,314.9,26.2,75.4,160.2,84.5,141.5
Sugarcane,Kharif,Clay,Jul,Oct,Irrigated,7.4,317.4,26.7,68.1,193.2,92.5,135.9
Sugarcane,Kharif,Loamy,Jun,Sep,Irrigated,7.3,318.9,25.7,71.3,171.5,76.5,125.5
Sugarcane,Kharif,Loamy,Jul,Oct,Irrigated,7.7,308.2,25.5,70.2,157.7,79.1,137.2
Sugarcane,Kharif,Clay,Jun,Sep,Irrigated,6.7,315.0,23.4,77.0,182.6,82.4,142.4
Sugarcane,Kharif,Clay,Jul,Oct,Irrigated,6.6,321.3,25.3,67.5,198.5,87.5,121.2
Sugarcane,Kharif,Loamy,Jun,Sep,Irrigated,6.6,321.6,23.9,75.7,181.3,78.9,142.6
Sugarcane,Kharif,Loamy,Jul,Oct,Irrigated,7.8,327.8,23.9,71.9,158.3,66.2,120.8
Sugarcane,Kharif,Clay,Jun,Sep,Irrigated,6.5,300.8,25.7,67.0,199.9,96.7,122.5
Sugarcane,Kharif,Clay,Jul,Oct,Irrigated,7.4,317.0,24.5,76.3,163.9,75.1,135.1
Sugarcane,Kharif,Loamy,Jun,Sep,Irrigated,7.2,329.1,23.8,76.6,196.2,77.9,149.0
Sugarcane,Kharif,Loamy,Jul,Oct,Irrigated,7.5,317.1,25.4,69.5,198.9,94.0,149.6
Sugarcane,Kharif,Clay,Jun,Sep,Irrigated,7.4,309.4,25.3,76.7,187.3,86.3,146.1
Sugarcane,Kharif,Clay,Jul,Oct,Irrigated,6.9,314.5,24.1,73.9,187.3,99.2,136.3
Sugarcane,Kharif,Loamy,Jun,Sep,Irrigated,6.9,322.6,25.8,78.3,197.3,89.4,133.3
Sugarcane,Kharif,Loamy,Jul,Oct,Irrigated,7.9,314.7,23.5,70.1,150.1,71.4,123.8
Sugarcane,Kharif,Clay,Jun,Sep,Irrigated,7.1,316.2,22.8,78.4,198.2,88.0,122.4
Sugarcane,Kharif,Clay,Jul,Oct,Irrigated,7.1,314.5,24.8,66.1,156.5,82.8,123.7
Sugarcane,Kharif,Loamy,Jun,Sep,Irrigated,7.2,320.0,21.4,67.5,155.4,66.8,147.6
Sugarcane,Kharif,Loamy,Jul,Oct,Irrigated,7.3,324.3,21.2,74.2,162.9,86.9,122.4
Sugarcane,Kharif,Clay,Jun,Sep,Irrigated,6.7,320.8,23.7,75.6,177.1,73.4,135.4
Sugarcane,Kharif,Clay,Jul,Oct,Irrigated,8.0,311.8,21.7,71.5,186.9,89.6,126.7
Sugarcane,Kharif,Loamy,Jun,Sep,Irrigated,6.7,307.2,24.6,77.6,184.8,90.9,128.7
Sugarcane,Kharif,Loamy,Jul,Oct,Irrigated,7.0,301.5,25.1,71.5,187.0,65.9,126.7
Sugarcane,Kharif,Clay,Jun,Sep,Irrigated,6.6,300.2,22.7,76.5,165.8,67.3,133.1
Sugarcane,Kharif,Clay,Jul,Oct,Irrigated,7.4,329.3,25.9,65.8,189.6,82.9,126.2
Sugarcane,Kharif,Loamy,Jun,Sep,Irrigated,6.6,313.3,26.3,67.8,153.0,83.2,133.2
Sugarcane,Kharif,Loamy,Jul,Oct,Irrigated,6.5,323.2,24.8,79.2,194.3,78.3,129.3
Sugarcane,Kharif,Clay,Jun,Sep,Irrigated,7.2,308.4,23.8,76.7,182.0,72.7,129.1
Sugarcane,Kharif,Clay,Jul,Oct,Irrigated,7.5,315.1,22.6,67.0,156.1,81.6,121.1
Sugarcane,Kharif,Loamy,Jun,Sep,Irrigated,6.9,310.3,23.6,65.4,167.1,84.6,132.7
Sugarcane,Kharif,Loamy,Jul,Oct,Irrigated,6.9,301.1,26.4,66.5,153.7,97.6,140.5
Sugarcane,Kharif,Clay,Jun,Sep,Irrigated,7.5,312.4,23.9,74.7,172.6,65.5,129.5
Sugarcane,Kharif,Clay,Jul,Oct,Irrigated,7.6,303.8,25.1,66.2,192.7,88.2,147.3
Sugarcane,Kharif,Loamy,Jun,Sep,Irrigated,7.6,329.1,22.3,73.5,164.2,87.1,141.2
Sugarcane,Kharif,Loamy,Jul,Oct,Irrigated,6.6,307.4,21.6,75.4,191.8,99.5,136.0
Sugarcane,Kharif,Clay,Jun,Sep,Irrigated,7.3,324.5,23.0,77.3,164.8,82.5,126.0
Sugarcane,Kharif,Clay,Jul,Oct,Irrigated,7.0,304.8,27.0,72.9,176.9,75.0,138.5
Sugarcane,Kharif,Loamy,Jun,Sep,Irrigated,6.8,315.9,21.5,73.2,156.5,96.2,125.5
Sugarcane,Kharif,Loamy,Jul,Oct,Irrigated,7.0,324.2,26.7,68.1,174.1,67.9,132.7
Sugarcane,Kharif,Clay,Jun,Sep,Irrigated,7.6,323.7,22.5,72.4,162.2,60.8,138.0
Sugarcane,Kharif,Clay,Jul,Oct,Irrigated,7.1,327.1,25.6,79.2,171.2,94.3,149.1
Sugarcane,Kharif,Loamy,Jun,Sep,Irrigated,7.5,305.7,26.6,75.4,182.2,64.0,135.6
Sugarcane,Kharif,Loamy,Jul,Oct,Irrigated,7.7,305.9,24.0,77.7,153.8,63.8,123.3
Sugarcane,Kharif,Clay,Jun,Sep,Irrigated,6.9,315.0,23.6,68.6,157.8,69.8,128.5
Sugarcane,Kharif,Clay,Jul,Oct,Irrigated,6.5,328.2,26.6,66.2,188.4,94.2,147.9
Sugarcane,Kharif,Loamy,Jun,Sep,Irrigated,7.7,313.3,23.2,79.2,164.2,64.6,129.0
Sugarcane,Kharif,Loamy,Jul,Oct,Irrigated,6.8,303.4,24.8,70.6,159.9,62.4,146.6
Sugarcane,Kharif,Clay,Jun,Sep,Irrigated,6.9,317.4,22.5,78.7,192.6,69.8,126.0
Sugarcane,Kharif,Clay,Jul,Oct,Irrigated,8.0,319.9,23.3,67.6,192.1,77.8,131.8
Sugarcane,Kharif,Loamy,Jun,Sep,Irrigated,6.6,322.5,22.5,75.5,161.4,95.0,140.7
Sugarcane,Kharif,Loamy,Jul,Oct,Irrigated,7.9,314.6,24.7,77.7,173.0,77.6,125.2
Sugarcane,Kharif,Clay,Jun,Sep,Irrigated,7.0,327.6,24.6,77.5,186.8,77.3,132.9
Sugarcane,Kharif,Clay,Jul,Oct,Irrigated,7.1,321.3,25.6,77.4,186.3,90.3,146.5
Sugarcane,Kharif,Loamy,Jun,Sep,Irrigated,7.3,316.6,26.9,66.8,156.8,66.9,121.1
Sugarcane,Kharif,Loamy,Jul,Oct,Irrigated,6.7,329.8,21.3,70.1,188.9,60.4,145.2
Sugarcane,Kharif,Clay,Jun,Sep,Irrigated,7.3,309.3,25.9,72.4,159.2,71.6,146.4
Sugarcane,Kharif,Clay,Jul,Oct,Irrigated,6.7,310.7,25.5,77.7,169.4,98.8,137.2
Sugarcane,Kharif,Loamy,Jun,Sep,Irrigated,6.7,320.5,21.9,75.0,155.0,70.1,120.0
Sugarcane,Kharif,Loamy,Jul,Oct,Irrigated,7.7,303.7,25.0,66.2,164.5,94.3,133.6
Sugarcane,Kharif,Clay,Jun,Sep,Irrigated,6.6,321.6,22.0,78.8,158.5,62.4,136.8
Sugarcane,Kharif,Clay,Jul,Oct,Irrigated,7.7,321.7,23.9,70.9,159.8,70.0,138.4
Sugarcane,Kharif,Loamy,Jun,Sep,Irrigated,6.5,329.0,21.4,71.1,175.4,71.5,141.2
Sugarcane,Kharif,Loamy,Jul,Oct,Irrigated,6.7,329.2,24.6,78.9,178.6,78.2,125.1
Sugarcane,Kharif,Clay,Jun,Sep,Irrigated,8.0,308.8,22.1,79.5,186.1,79.8,131.1
Sugarcane,Kharif,Clay,Jul,Oct,Irrigated,8.0,320.6,23.2,75.5,181.9,76.5,125.6
Sugarcane,Kharif,Loamy,Jun,Sep,Irrigated,6.9,307.3,24.5,78.8,154.0,77.9,147.0
Sugarcane,Kharif,Loamy,Jul,Oct,Irrigated,7.1,308.8,23.4,73.7,179.5,65.1,123.2
Sugarcane,Kharif,Clay,Jun,Sep,Irrigated,7.7,300.6,22.4,65.2,155.5,78.6,146.9
Sugarcane,Kharif,Clay,Jul,Oct,Irrigated,7.9,321.4,25.8,77.0,181.6,73.7,128.1
Sugarcane,Kharif,Loamy,Jun,Sep,Irrigated,6.7,325.7,24.7,68.8,162.2,66.8,149.5
Sugarcane,Kharif,Loamy,Jul,Oct,Irrigated,7.7,303.4,22.4,77.1,170.9,99.6,126.2
Sugarcane,Kharif,Clay,Jun,Sep,Irrigated,7.8,324.2,24.8,74.5,185.0,81.8,120.2
Sugarcane,Kharif,Clay,Jul,Oct,Irrigated,7.0,318.8,24.5,67.5,168.1,94.0,123.5
Sugarcane,Kharif,Loamy,Jun,Sep,Irrigated,7.6,309.3,21.3,74.6,164.0,86.2,148.5
Sugarcane,Kharif,Loamy,Jul,Oct,Irrigated,7.2,325.2,26.3,70.0,163.3,84.3,124.7
Sugarcane,Kharif,Clay,Jun,Sep,Irrigated,6.9,301.3,21.9,69.1,189.4,85.8,130.9
Sugarcane,Kharif,Clay,Jul,Oct,Irrigated,7.1,322.2,23.2,77.9,172.4,92.4,139.7
Sugarcane,Kharif,Loamy,Jun,Sep,Irrigated,7.9,321.7,25.8,77.8,179.5,62.7,142.8
Sugarcane,Kharif,Loamy,Jul,Oct,Irrigated,6.9,326.9,24.4,65.2,191.4,81.1,124.5
Sugarcane,Kharif,Clay,Jun,Sep,Irrigated,6.7,326.8,26.9,78.2,175.0,65.9,138.0
Sugarcane,Kharif,Clay,Jul,Oct,Irrigated,7.9,309.7,24.0,74.5,185.0,99.8,121.4
Sugarcane,Kharif,Loamy,Jun,Sep,Irrigated,6.7,308.4,21.5,79.4,156.7,88.1,145.5
Sugarcane,Kharif,Loamy,Jul,Oct,Irrigated,7.4,327.7,26.2,70.8,192.8,74.0,128.6
Sugarcane,Kharif,Clay,Jun,Sep,Irrigated,7.8,325.9,24.9,70.3,192.9,73.1,142.8
Sugarcane,Kharif,Clay,Jul,Oct,Irrigated,7.2,321.4,22.1,68.0,199.8,71.0,128.0
Sugarcane,Kharif,Loamy,Jun,Sep,Irrigated,6.5,307.9,21.9,75.4,188.3,88.0,148.5
Sugarcane,Kharif,Loamy,Jul,Oct,Irrigated,8.0,321.2,26.1,75.2,186.3,73.5,145.8
Sugarcane,Kharif,Clay,Jun,Sep,Irrigated,7.9,321.0,21.3,72.8,160.4,73.8,134.1
Sugarcane,Kharif,Clay,Jul,Oct,Irrigated,6.8,303.4,24.0,76.4,189.4,94.6,137.6
Sugarcane,Kharif,Loamy,Jun,Sep,Irrigated,6.9,317.3,27.0,77.6,159.7,66.0,128.0
Sugarcane,Kharif,Loamy,Jul,Oct,Irrigated,7.6,309.8,24.2,73.0,185.3,97.3,126.1
Sugarcane,Kharif,Clay,Jun,Sep,Irrigated,6.8,321.0,26.6,76.1,179.7,61.1,141.5
Sugarcane,Kharif,Clay,Jul,Oct,Irrigated,7.7,327.0,23.2,66.2,180.9,60.9,120.3
Sugarcane,Kharif,Loamy,Jun,Sep,Irrigated,7.1,320.3,23.0,79.4,158.8,89.3,148.3
Sugarcane,Kharif,Loamy,Jul,Oct,Irrigated,7.0,328.4,23.7,69.5,188.2,86.3,130.3
Sugarcane,Kharif,Clay,Jun,Sep,Irrigated,7.0,307.0,22.6,78.7,185.7,76.1,139.9
Sugarcane,Kharif,Clay,Jul,Oct,Irrigated,7.2,319.3,23.5,76.3,164.0,81.9,127.8
Sugarcane,Kharif,Loamy,Jun,Sep,Irrigated,7.8,324.7,23.2,76.8,183.2,67.2,123.0
Sugarcane,Kharif,Loamy,Jul,Oct,Irrigated,7.9,301.2,23.3,74.9,178.6,76.8,134.9
Sugarcane,Kharif,Clay,Jun,Sep,Irrigated,7.8,328.8,22.5,78.7,197.9,69.3,142.3
Sugarcane,Kharif,Clay,Jul,Oct,Irrigated,7.7,316.0,23.7,67.4,177.9,94.6,144.0
Sugarcane,Kharif,Loamy,Jun,Sep,Irrigated,6.7,304.7,21.2,77.6,151.4,71.7,145.1
Sugarcane,Kharif,Loamy,Jul,Oct,Irrigated,6.9,325.3,21.9,72.6,185.5,90.7,125.5
Sugarcane,Kharif,Clay,Jun,Sep,Irrigated,6.9,325.6,26.0,72.7,189.8,86.0,136.5
Sugarcane,Kharif,Clay,Jul,Oct,Irrigated,7.0,324.1,24.0,67.5,179.8,62.2,133.9
Sugarcane,Kharif,Loamy,Jun,Sep,Irrigated,6.8,314.6,22.7,78.6,189.2,74.2,130.6
Sugarcane,Kharif,Loamy,Jul,Oct,Irrigated,7.7,303.4,25.9,67.5,187.5,77.3,120.6
Sugarcane,Kharif,Clay,Jun,Sep,Irrigated,6.6,306.3,24.3,75.6,180.8,65.9,137.6
Sugarcane,Kharif,Clay,Jul,Oct,Irrigated,7.1,305.3,25.4,70.5,189.0,76.9,122.5
Sugarcane,Kharif,Loamy,Jun,Sep,Irrigated,7.6,312.2,24.8,68.6,155.2,85.8,142.0
Sugarcane,Kharif,Loamy,Jul,Oct,Irrigated,7.1,320.6,21.5,69.5,172.3,66.8,125.8
Sugarcane,Kharif,Clay,Jun,Sep,Irrigated,8.0,309.5,24.4,77.0,162.4,89.6,134.9
Sugarcane,Kharif,Clay,Jul,Oct,Irrigated,7.0,301.2,24.8,70.4,199.1,94.9,140.2
Sugarcane,Kharif,Loamy,Jun,Sep,Irrigated,6.9,307.2,26.5,68.0,179.5,77.3,135.9
Sugarcane,Kharif,Loamy,Jul,Oct,Irrigated,7.9,315.9,25.2,70.5,173.0,92.4,141.7
Sugarcane,Kharif,Clay,Jun,Sep,Irrigated,7.3,304.1,23.8,66.5,166.4,63.2,127.4
Sugarcane,Kharif,Clay,Jul,Oct,Irrigated,7.0,324.6,24.7,79.8,197.4,96.4,140.9
Sugarcane,Kharif,Loamy,Jun,Sep,Irrigated,6.9,302.5,23.9,67.1,197.3,81.5,138.7
Sugarcane,Kharif,Loamy,Jul,Oct,Irrigated,6.7,310.3,22.0,74.7,174.7,63.6,148.3
Sugarcane,Kharif,Clay,Jun,Sep,Irrigated,7.4,329.6,23.3,78.4,164.7,79.3,147.6
Sugarcane,Kharif,Clay,Jul,Oct,Irrigated,6.8,304.5,25.8,68.2,186.7,75.7,141.5
Sugarcane,Kharif,Loamy,Jun,Sep,Irrigated,7.8,307.7,24.8,77.6,152.1,64.5,124.9
Sugarcane,Kharif,Loamy,Jul,Oct,Irrigated,6.7,324.3,26.4,66.7,166.9,64.9,133.6
Sugarcane,Kharif,Clay,Jun,Sep,Irrigated,7.0,308.8,22.0,78.2,170.6,61.2,146.4
Sugarcane,Kharif,Clay,Jul,Oct,Irrigated,7.6,300.8,25.6,66.7,164.3,78.1,130.6
Sugarcane,Kharif,Loamy,Jun,Sep,Irrigated,7.4,316.9,26.5,78.9,172.7,74.6,140.0
Sugarcane,Kharif,Loamy,Jul,Oct,Irrigated,7.8,313.4,24.9,68.3,170.0,75.5,121.1
Sugarcane,Kharif,Clay,Jun,Sep,Irrigated,7.7,327.0,24.6,69.5,170.5,91.5,144.3
Sugarcane,Kharif,Clay,Jul,Oct,Irrigated,7.3,325.8,22.9,76.4,197.3,66.6,124.0
Sugarcane,Kharif,Loamy,Jun,Sep,Irrigated,8.0,306.4,23.7,74.9,183.1,60.2,147.2
Sugarcane,Kharif,Loamy,Jul,Oct,Irrigated,6.7,323.0,23.9,74.4,187.6,63.7,122.0
Sugarcane,Kharif,Clay,Jun,Sep,Irrigated,7.8,301.4,21.3,65.6,154.6,86.1,138.9
Sugarcane,Kharif,Clay,Jul,Oct,Irrigated,6.7,327.1,22.2,69.4,188.0,90.2,149.8
Sugarcane,Kharif,Loamy,Jun,Sep,Irrigated,7.5,315.0,24.1,65.9,197.7,73.2,122.0
Sugarcane,Kharif,Loamy,Jul,Oct,Irrigated,7.1,306.6,25.0,69.5,160.0,74.6,149.5
Sugarcane,Kharif,Clay,Jun,Sep,Irrigated,6.6,303.1,25.6,70.1,172.4,88.4,129.2
Sugarcane,Kharif,Clay,Jul,Oct,Irrigated,7.6,319.9,24.9,68.5,184.1,97.8,127.8
Sugarcane,Kharif,Loamy,Jun,Sep,Irrigated,6.8,307.2,23.6,79.3,193.9,86.2,121.7
Sugarcane,Kharif,Loamy,Jul,Oct,Irrigated,6.7,321.0,21.1,72.6,184.1,87.8,140.2
Sugarcane,Kharif,Clay,Jun,Sep,Irrigated,7.8,325.8,23.5,66.6,155.3,85.4,139.5
Sugarcane,Kharif,Clay,Jul,Oct,Irrigated,7.8,309.4,24.0,78.7,166.3,95.9,137.3
Sugarcane,Kharif,Loamy,Jun,Sep,Irrigated,7.3,304.7,25.7,68.2,195.3,90.3,135.9
Sugarcane,Kharif,Loamy,Jul,Oct,Irrigated,6.6,315.9,21.1,77.6,175.9,65.1,124.3
Sugarcane,Kharif,Clay,Jun,Sep,Irrigated,7.6,324.1,22.2,79.9,163.6,93.4,145.4
Sugarcane,Kharif,Clay,Jul,Oct,Irrigated,7.0,319.8,25.1,69.2,185.0,85.2,134.8
Sugarcane,Kharif,Loamy,Jun,Sep,Irrigated,7.4,306.5,21.7,70.4,183.8,92.9,145.8
Sugarcane,Kharif,Loamy,Jul,Oct,Irrigated,6.6,328.5,23.8,72.5,151.3,96.7,144.5
Sugarcane,Kharif,Clay,Jun,Sep,Irrigated,7.0,326.7,22.7,66.0,187.4,67.5,141.1
Sugarcane,Kharif,Clay,Jul,Oct,Irrigated,7.8,329.6,22.7,77.1,165.2,90.1,131.5
Sugarcane,Kharif,Loamy,Jun,Sep,Irrigated,7.6,309.0,22.6,71.2,167.0,90.9,142.4
Sugarcane,Kharif,Loamy,Jul,Oct,Irrigated,7.4,322.5,24.2,77.2,173.5,95.0,137.6
Sugarcane,Kharif,Clay,Jun,Sep,Irrigated,7.9,318.4,22.9,79.9,188.7,85.2,146.8
Sugarcane,Kharif,Clay,Jul,Oct,Irrigated,7.1,307.9,23.1,69.7,172.3,77.4,128.4
Sugarcane,Kharif,Loamy,Jun,Sep,Irrigated,6.8,325.4,21.7,68.5,175.8,65.2,148.5
Sugarcane,Kharif,Loamy,Jul,Oct,Irrigated,7.5,324.2,21.6,74.1,157.4,69.0,122.3
Sugarcane,Kharif,Clay,Jun,Sep,Irrigated,7.6,315.6,21.8,71.3,171.8,91.8,124.5
Sugarcane,Kharif,Clay,Jul,Oct,Irrigated,7.0,329.3,25.5,67.6,191.8,62.9,121.6
Sugarcane,Kharif,Loamy,Jun,Sep,Irrigated,7.1,302.3,23.9,70.4,174.2,68.0,131.4
Sugarcane,Kharif,Loamy,Jul,Oct,Irrigated,7.6,305.5,25.0,75.4,174.6,83.1,126.9
Sugarcane,Kharif,Clay,Jun,Sep,Irrigated,7.5,329.5,24.8,74.8,195.2,94.7,120.2
Sugarcane,Kharif,Clay,Jul,Oct,Irrigated,6.7,314.2,22.1,74.7,155.5,72.4,128.0
Sugarcane,Kharif,Loamy,Jun,Sep,Irrigated,7.8,310.4,24.1,66.1,164.4,64.3,138.0
Sugarcane,Kharif,Loamy,Jul,Oct,Irrigated,7.4,307.3,25.2,66.5,193.3,65.7,127.9
Sugarcane,Kharif,Clay,Jun,Sep,Irrigated,7.4,323.7,24.4,75.8,181.6,69.9,144.0
Sugarcane,Kharif,Clay,Jul,Oct,Irrigated,7.4,302.3,24.5,72.5,199.8,94.8,143.6
Sugarcane,Kharif,Loamy,Jun,Sep,Irrigated,8.0,319.7,22.0,68.0,195.7,80.5,131.9
Sugarcane,Kharif,Loamy,Jul,Oct,Irrigated,8.0,317.0,22.9,77.5,184.5,64.1,137.1
Sugarcane,Kharif,Clay,Jun,Sep,Irrigated,7.3,319.5,22.7,72.6,156.9,90.7,145.0
Sugarcane,Kharif,Clay,Jul,Oct,Irrigated,6.6,322.0,23.4,67.1,199.5,95.5,130.7
Sugarcane,Kharif,Loamy,Jun,Sep,Irrigated,6.8,319.2,24.8,71.5,152.1,60.7,129.9
Sugarcane,Kharif,Loamy,Jul,Oct,Irrigated,6.6,303.1,25.0,68.3,183.8,68.8,131.6
Sugarcane,Kharif,Clay,Jun,Sep,Irrigated,7.3,324.6,22.9,67.6,190.4,83.2,136.7
Sugarcane,Kharif,Clay,Jul,Oct,Irrigated,7.8,315.9,25.0,74.5,153.9,67.3,146.8
Sugarcane,Kharif,Loamy,Jun,Sep,Irrigated,6.7,305.9,23.6,70.1,164.6,74.7,123.6
Sugarcane,Kharif,Loamy,Jul,Oct,Irrigated,6.5,309.7,22.2,65.5,177.0,63.5,127.5
Sugarcane,Kharif,Clay,Jun,Sep,Irrigated,7.9,307.5,23.1,72.9,159.6,80.9,126.1
Sugarcane,Kharif,Clay,Jul,Oct,Irrigated,7.3,326.2,22.2,72.9,154.4,99.8,122.6
Sugarcane,Kharif,Loamy,Jun,Sep,Irrigated,6.6,317.0,26.9,67.4,160.0,83.1,124.2
Sugarcane,Kharif,Loamy,Jul,Oct,Irrigated,6.8,322.4,23.4,65.1,165.2,73.4,134.6
Sugarcane,Kharif,Clay,Jun,Sep,Irrigated,8.0,301.4,23.5,74.5,173.6,81.6,148.5
Sugarcane,Kharif,Clay,Jul,Oct,Irrigated,7.9,311.1,25.0,74.6,199.9,78.6,132.8
Sugarcane,Kharif,Loamy,Jun,Sep,Irrigated,7.8,305.8,24.0,66.7,173.3,92.8,124.2
Sugarcane,Kharif,Loamy,Jul,Oct,Irrigated,7.1,317.6,25.1,73.8,180.0,88.7,133.3
Sugarcane,Kharif,Clay,Jun,Sep,Irrigated,6.9,323.5,24.7,71.1,161.9,64.7,120.7
Sugarcane,Kharif,Clay,Jul,Oct,Irrigated,6.6,310.4,26.2,65.1,180.6,67.4,127.7
Sugarcane,Kharif,Loamy,Jun,Sep,Irrigated,7.1,327.8,25.4,67.6,164.7,88.2,131.2
Sugarcane,Kharif,Loamy,Jul,Oct,Irrigated,7.4,322.2,22.5,70.9,193.7,85.7,138.8
Sugarcane,Kharif,Clay,Jun,Sep,Irrigated,7.2,317.0,22.6,67.7,173.4,87.3,142.4
Sugarcane,Kharif,Clay,Jul,Oct,Irrigated,6.9,321.2,23.6,74.0,151.8,65.3,120.2
Sugarcane,Kharif,Loamy,Jun,Sep,Irrigated,7.7,311.1,26.2,66.7,190.3,67.7,144.8
Sugarcane,Kharif,Loamy,Jul,Oct,Irrigated,6.8,320.5,23.2,66.0,195.1,94.2,122.5
Sugarcane,Kharif,Clay,Jun,Sep,Irrigated,7.6,303.4,25.8,73.1,189.1,83.8,149.8
Sugarcane,Kharif,Clay,Jul,Oct,Irrigated,7.1,301.2,26.9,69.6,182.8,86.9,123.0
Sugarcane,Kharif,Loamy,Jun,Sep,Irrigated,7.9,316.4,22.0,76.8,177.9,88.1,141.6
Sugarcane,Kharif,Loamy,Jul,Oct,Irrigated,6.5,300.7,23.4,77.4,169.7,91.3,135.2
Sugarcane,Kharif,Clay,Jun,Sep,Irrigated,7.3,323.8,25.4,78.2,186.4,99.0,140.0
Sugarcane,Kharif,Clay,Jul,Oct,Irrigated,6.8,307.2,21.6,72.1,185.1,88.7,130.0
Sugarcane,Kharif,Loamy,Jun,Sep,Irrigated,7.7,314.0,23.2,68.7,181.2,62.6,140.7
Sugarcane,Kharif,Loamy,Jul,Oct,Irrigated,6.7,314.8,23.4,79.3,152.6,79.0,137.7
Sugarcane,Kharif,Clay,Jun,Sep,Irrigated,7.9,311.1,21.7,74.5,180.2,73.8,149.1
Sugarcane,Kharif,Clay,Jul,Oct,Irrigated,7.4,326.4,24.2,78.7,190.4,87.0,120.3
Sugarcane,Kharif,Loamy,Jun,Sep,Irrigated,6.7,305.7,26.2,70.3,189.5,72.5,135.0
Sugarcane,Kharif,Loamy,Jul,Oct,Irrigated,7.3,317.9,25.0,71.0,156.1,65.3,128.0
Sugarcane,Kharif,Clay,Jun,Sep,Irrigated,7.2,310.8,22.2,79.7,179.8,69.7,134.3
Sugarcane,Kharif,Clay,Jul,Oct,Irrigated,7.8,327.0,22.2,67.7,186.4,74.2,138.2
Sugarcane,Kharif,Loamy,Jun,Sep,Irrigated,7.4,323.3,26.7,66.8,165.4,60.1,135.0
Sugarcane,Kharif,Loamy,Jul,Oct,Irrigated,6.8,310.6,22.2,65.2,154.0,91.4,138.2
Sugarcane,Kharif,Clay,Jun,Sep,Irrigated,6.6,317.3,25.2,79.7,191.4,74.3,123.2
Sugarcane,Kharif,Clay,Jul,Oct,Irrigated,7.5,303.1,24.5,66.6,191.0,73.6,131.0
Sugarcane,Kharif,Loamy,Jun,Sep,Irrigated,7.7,326.3,23.7,73.5,176.8,75.7,138.6
Sugarcane,Kharif,Loamy,Jul,Oct,Irrigated,7.5,327.6,23.2,71.6,188.1,93.6,142.0
Sugarcane,Kharif,Clay,Jun,Sep,Irrigated,7.4,302.2,21.8,79.0,163.1,66.5,135.8
Sugarcane,Kharif,Clay,Jul,Oct,Irrigated,7.7,305.8,26.5,72.1,171.8,61.9,138.9
Sugarcane,Kharif,Loamy,Jun,Sep,Irrigated,7.9,320.5,22.5,67.0,188.3,84.5,149.7
Sugarcane,Kharif,Loamy,Jul,Oct,Irrigated,6.6,323.0,25.9,75.2,157.6,64.9,147.7
Sugarcane,Kharif,Clay,Jun,Sep,Irrigated,6.6,325.8,21.2,68.0,176.1,77.1,147.0
Sugarcane,Kharif,Clay,Jul,Oct,Irrigated,7.8,312.1,24.8,75.8,198.9,80.7,125.2
Sugarcane,Kharif,Loamy,Jun,Sep,Irrigated,7.8,328.0,26.8,68.7,182.0,72.4,142.1
Sugarcane,Kharif,Loamy,Jul,Oct,Irrigated,6.8,303.9,26.5,69.1,158.5,80.1,129.8
Sugarcane,Kharif,Clay,Jun,Sep,Irrigated,7.6,319.6,21.6,72.3,151.9,79.0,124.8
Sugarcane,Kharif,Clay,Jul,Oct,Irrigated,7.6,320.1,23.3,73.5,154.4,70.7,146.2
Sugarcane,Kharif,Loamy,Jun,Sep,Irrigated,7.0,318.8,24.9,69.9,169.9,80.0,122.3
Sugarcane,Kharif,Loamy,Jul,Oct,Irrigated,7.0,321.2,27.0,68.6,152.5,61.6,138.8
Sugarcane,Kharif,Clay,Jun,Sep,Irrigated,7.9,324.5,21.6,69.3,180.2,82.1,135.1
Sugarcane,Kharif,Clay,Jul,Oct,Irrigated,7.2,318.1,23.5,76.5,153.4,70.5,131.1
Sugarcane,Kharif,Loamy,Jun,Sep,Irrigated,8.0,316.1,22.5,77.9,177.1,63.5,136.5
Sugarcane,Kharif,Loamy,Jul,Oct,Irrigated,7.9,307.2,26.5,74.5,195.0,99.5,126.1
Sugarcane,Kharif,Clay,Jun,Sep,Irrigated,7.2,316.5,24.8,67.7,162.8,60.8,132.1
Sugarcane,Kharif,Clay,Jul,Oct,Irrigated,6.9,313.0,25.8,70.1,192.9,75.9,130.0
Sugarcane,Kharif,Loamy,Jun,Sep,Irrigated,7.8,316.2,26.6,71.7,163.2,94.9,145.8
Sugarcane,Kharif,Loamy,Jul,Oct,Irrigated,7.4,320.0,22.4,76.6,181.8,61.1,141.7
Sugarcane,Kharif,Clay,Jun,Sep,Irrigated,7.3,329.4,22.6,65.2,190.0,75.0,123.6
Sugarcane,Kharif,Clay,Jul,Oct,Irrigated,6.6,301.2,23.0,69.7,163.8,95.5,138.8
Sugarcane,Kharif,Loamy,Jun,Sep,Irrigated,7.3,310.1,22.5,77.3,176.7,80.5,144.8
Sugarcane,Kharif,Loamy,Jul,Oct,Irrigated,7.8,300.2,26.1,65.0,179.4,64.4,130.1
Sugarcane,Kharif,Clay,Jun,Sep,Irrigated,7.7,304.3,23.5,77.1,173.9,62.3,146.2
Sugarcane,Kharif,Clay,Jul,Oct,Irrigated,7.3,319.4,22.1,72.9,170.6,78.8,144.2
Sugarcane,Kharif,Loamy,Jun,Sep,Irrigated,7.6,317.3,22.3,67.8,173.1,64.0,129.6
Sugarcane,Kharif,Loamy,Jul,Oct,Irrigated,7.1,328.3,21.4,66.9,150.8,95.8,146.6
Sugarcane,Kharif,Clay,Jun,Sep,Irrigated,7.3,301.4,26.0,68.5,182.3,61.4,122.1
Sugarcane,Kharif,Clay,Jul,Oct,Irrigated,7.0,312.6,24.2,65.7,182.0,60.2,126.0
Sugarcane,Kharif,Loamy,Jun,Sep,Irrigated,7.8,321.2,26.9,69.3,152.5,66.6,121.2
Sugarcane,Kharif,Loamy,Jul,Oct,Irrigated,6.8,305.7,26.0,72.2,152.2,82.5,137.3
Sugarcane,Kharif,Clay,Jun,Sep,Irrigated,6.6,302.0,25.1,65.6,152.8,72.5,137.4
Sugarcane,Kharif,Clay,Jul,Oct,Irrigated,7.6,328.2,22.8,71.7,165.6,67.1,123.5
Sugarcane,Kharif,Loamy,Jun,Sep,Irrigated,7.5,324.1,25.3,76.6,153.2,77.0,147.5
Sugarcane,Kharif,Loamy,Jul,Oct,Irrigated,7.7,324.3,26.0,79.3,195.0,69.6,127.1
Sugarcane,Kharif,Clay,Jun,Sep,Irrigated,7.4,323.2,22.4,65.6,192.1,88.5,144.2
Sugarcane,Kharif,Clay,Jul,Oct,Irrigated,6.7,303.9,25.1,71.8,197.0,74.5,143.9
Sugarcane,Kharif,Loamy,Jun,Sep,Irrigated,7.0,319.1,24.1,77.9,185.2,66.1,130.1
Sugarcane,Kharif,Loamy,Jul,Oct,Irrigated,7.0,304.6,22.7,75.2,184.9,71.9,144.9
Sugarcane,Kharif,Clay,Jun,Sep,Irrigated,6.5,313.8,23.9,69.3,180.8,93.6,130.3
Sugarcane,Kharif,Clay,Jul,Oct,Irrigated,7.0,324.5,24.1,77.1,150.9,79.5,141.5
Sugarcane,Kharif,Loamy,Jun,Sep,Irrigated,7.3,317.6,24.2,65.3,158.7,68.3,147.3
Sugarcane,Kharif,Loamy,Jul,Oct,Irrigated,6.6,329.9,25.0,69.7,190.5,63.0,142.9
Sugarcane,Kharif,Clay,Jun,Sep,Irrigated,7.8,307.9,25.2,70.8,174.2,82.0,137.8
Sugarcane,Kharif,Clay,Jul,Oct,Irrigated,6.8,303.8,23.6,79.3,175.6,60.9,142.2
Sugarcane,Kharif,Loamy,Jun,Sep,Irrigated,7.6,316.1,22.9,76.5,181.0,97.1,122.9
Sugarcane,Kharif,Loamy,Jul,Oct,Irrigated,6.6,306.2,24.7,79.9,151.8,80.9,143.9
Sugarcane,Kharif,Clay,Jun,Sep,Irrigated,6.5,318.1,25.0,68.2,171.4,72.4,141.9
Sugarcane,Kharif,Clay,Jul,Oct,Irrigated,7.7,313.3,25.1,72.4,181.5,65.3,123.3
Sugarcane,Kharif,Loamy,Jun,Sep,Irrigated,7.7,321.7,25.6,72.1,170.3,66.4,137.2
Sugarcane,Kharif,Loamy,Jul,Oct,Irrigated,7.8,304.3,22.5,74.7,177.3,60.4,124.2
Sugarcane,Kharif,Clay,Jun,Sep,Irrigated,7.0,310.1,25.4,74.5,158.2,79.8,122.2
Sugarcane,Kharif,Clay,Jul,Oct,Irrigated,7.6,319.1,25.3,71.8,152.7,89.0,148.2
Sugarcane,Kharif,Loamy,Jun,Sep,Irrigated,7.5,315.0,25.7,71.2,163.7,61.8,142.2
Sugarcane,Kharif,Loamy,Jul,Oct,Irrigated,7.3,308.5,24.0,79.0,165.8,69.3,143.5
Sugarcane,Kharif,Clay,Jun,Sep,Irrigated,7.1,311.5,23.6,75.9,167.7,61.5,145.7
Sugarcane,Kharif,Clay,Jul,Oct,Irrigated,6.9,304.8,26.7,68.0,150.5,61.2,137.9
Sugarcane,Kharif,Loamy,Jun,Sep,Irrigated,7.3,322.3,23.0,68.2,193.2,91.8,122.1
Sugarcane,Kharif,Loamy,Jul,Oct,Irrigated,6.6,320.7,24.8,76.5,168.8,87.6,128.9
Sugarcane,Kharif,Clay,Jun,Sep,Irrigated,7.5,328.4,26.5,75.2,154.5,66.1,136.0
Sugarcane,Kharif,Clay,Jul,Oct,Irrigated,7.3,323.7,22.8,66.7,182.7,65.9,148.3
Sugarcane,Kharif,Loamy,Jun,Sep,Irrigated,6.6,323.6,26.5,68.7,161.3,89.9,137.4
Sugarcane,Kharif,Loamy,Jul,Oct,Irrigated,7.2,308.6,22.9,78.2,162.0,61.2,126.6
Sugarcane,Kharif,Clay,Jun,Sep,Irrigated,6.7,300.5,21.2,78.0,159.5,99.9,146.7
Sugarcane,Kharif,Clay,Jul,Oct,Irrigated,7.0,325.6,21.6,78.5,168.4,64.8,126.1
Sugarcane,Kharif,Loamy,Jun,Sep,Irrigated,6.8,324.8,21.3,76.1,195.9,87.1,125.5
Sugarcane,Kharif,Loamy,Jul,Oct,Irrigated,7.4,325.3,22.5,73.2,166.5,67.2,135.5
Sugarcane,Kharif,Clay,Jun,Sep,Irrigated,8.0,329.0,25.5,75.1,161.1,98.9,141.6
Sugarcane,Kharif,Clay,Jul,Oct,Irrigated,6.6,306.3,26.4,66.3,158.1,60.3,134.3
Sugarcane,Kharif,Loamy,Jun,Sep,Irrigated,7.6,312.6,24.4,77.0,199.8,94.2,123.3
Sugarcane,Kharif,Loamy,Jul,Oct,Irrigated,6.8,325.8,24.1,72.6,192.2,71.4,132.9
Sugarcane,Kharif,Clay,Jun,Sep,Irrigated,6.7,318.4,23.8,69.2,169.1,71.9,137.6
Sugarcane,Kharif,Clay,Jul,Oct,Irrigated,6.8,318.3,24.8,68.6,163.8,95.2,144.2
Sugarcane,Kharif,Loamy,Jun,Sep,Irrigated,7.4,327.9,25.5,71.6,172.6,84.7,131.2
Sugarcane,Kharif,Loamy,Jul,Oct,Irrigated,7.9,323.8,25.5,66.5,151.5,96.0,124.7
Sugarcane,Kharif,Clay,Jun,Sep,Irrigated,7.3,317.6,23.1,78.4,195.9,91.3,144.5
Sugarcane,Kharif,Clay,Jul,Oct,Irrigated,7.0,305.7,23.2,73.7,196.5,72.0,128.5
Sugarcane,Kharif,Loamy,Jun,Sep,Irrigated,7.3,317.4,25.7,73.8,181.2,94.9,128.7
Sugarcane,Kharif,Loamy,Jul,Oct,Irrigated,7.9,312.6,23.7,77.8,193.9,97.6,121.4
Sugarcane,Kharif,Clay,Jun,Sep,Irrigated,7.9,300.6,24.4,73.7,199.2,87.7,121.6
Sugarcane,Kharif,Clay,Jul,Oct,Irrigated,6.7,306.8,22.1,78.9,155.0,93.6,136.9
Sugarcane,Kharif,Loamy,Jun,Sep,Irrigated,7.4,301.5,24.9,70.2,192.8,66.1,120.7
Sugarcane,Kharif,Loamy,Jul,Oct,Irrigated,7.4,320.8,22.4,79.0,150.1,73.2,128.9
Sugarcane,Kharif,Clay,Jun,Sep,Irrigated,7.8,307.5,26.5,65.6,177.2,78.8,126.4
Sugarcane,Kharif,Clay,Jul,Oct,Irrigated,6.7,308.4,22.9,79.9,173.1,81.6,120.1
Sugarcane,Kharif,Loamy,Jun,Sep,Irrigated,7.0,320.5,24.2,71.9,155.6,66.0,143.0
Sugarcane,Kharif,Loamy,Jul,Oct,Irrigated,6.6,327.2,26.8,71.5,192.4,60.4,134.1
Sugarcane,Kharif,Clay,Jun,Sep,Irrigated,7.3,325.4,21.6,74.6,185.5,90.3,124.9
Sugarcane,Kharif,Clay,Jul,Oct,Irrigated,7.9,315.0,21.7,65.3,171.8,96.3,133.1
Sugarcane,Kharif,Loamy,Jun,Sep,Irrigated,6.9,311.2,25.1,69.2,198.2,81.5,124.7
Sugarcane,Kharif,Loamy,Jul,Oct,Irrigated,6.9,325.4,23.8,73.8,188.4,75.8,138.8
Sugarcane,Kharif,Clay,Jun,Sep,Irrigated,7.7,326.8,26.1,70.6,198.5,66.7,148.8
Sugarcane,Kharif,Clay,Jul,Oct,Irrigated,7.3,308.9,25.1,75.1,185.0,89.2,120.2
Sugarcane,Kharif,Loamy,Jun,Sep,Irrigated,7.7,309.5,26.8,79.2,155.7,86.0,128.8
Sugarcane,Kharif,Loamy,Jul,Oct,Irrigated,7.0,321.9,26.4,70.0,181.3,68.5,143.8
Sugarcane,Kharif,Clay,Jun,Sep,Irrigated,7.4,305.9,24.2,75.3,181.3,95.7,124.5
Sugarcane,Kharif,Clay,Jul,Oct,Irrigated,7.9,319.5,22.7,70.7,162.3,75.5,120.7
Sugarcane,Kharif,Loamy,Jun,Sep,Irrigated,7.3,317.7,26.5,74.1,176.7,95.6,126.7
Sugarcane,Kharif,Loamy,Jul,Oct,Irrigated,6.9,314.5,22.8,65.1,154.3,84.5,131.4
Sugarcane,Kharif,Clay,Jun,Sep,Irrigated,7.9,308.6,25.8,72.0,161.6,66.5,123.1
Sugarcane,Kharif,Clay,Jul,Oct,Irrigated,6.5,320.9,26.7,72.1,168.0,99.3,132.7
Sugarcane,Kharif,Loamy,Jun,Sep,Irrigated,7.6,315.1,25.2,69.7,161.6,98.1,139.4
Sugarcane,Kharif,Loamy,Jul,Oct,Irrigated,7.1,329.6,21.6,71.6,172.7,87.5,131.1
Sugarcane,Kharif,Clay,Jun,Sep,Irrigated,6.8,314.6,22.4,67.2,170.4,99.5,120.8
Sugarcane,Kharif,Clay,Jul,Oct,Irrigated,8.0,310.9,25.7,70.4,172.3,94.9,127.7
Sugarcane,Kharif,Loamy,Jun,Sep,Irrigated,7.6,304.6,24.2,79.9,190.7,63.4,122.2
Sugarcane,Kharif,Loamy,Jul,Oct,Irrigated,7.0,325.9,25.3,78.9,168.2,78.8,138.5
Sugarcane,Kharif,Clay,Jun,Sep,Irrigated,6.7,316.1,24.2,71.1,186.8,95.3,126.6
Sugarcane,Kharif,Clay,Jul,Oct,Irrigated,7.3,322.9,21.9,69.2,179.5,91.1,125.3
Sugarcane,Kharif,Loamy,Jun,Sep,Irrigated,6.9,325.7,21.7,72.8,188.2,98.3,123.0
Sugarcane,Kharif,Loamy,Jul,Oct,Irrigated,6.7,306.0,23.3,73.5,177.3,75.4,134.4
Sugarcane,Kharif,Clay,Jun,Sep,Irrigated,6.6,311.5,26.6,65.0,195.6,71.1,145.2
Sugarcane,Kharif,Clay,Jul,Oct,Irrigated,6.7,325.5,24.9,67.5,198.2,95.9,144.2
Sugarcane,Kharif,Loamy,Jun,Sep,Irrigated,7.9,328.3,26.4,69.8,152.8,90.4,139.7
Sugarcane,Kharif,Loamy,Jul,Oct,Irrigated,7.5,323.3,24.5,70.5,163.4,93.3,135.8
Sugarcane,Kharif,Clay,Jun,Sep,Irrigated,7.8,316.6,22.7,67.1,157.6,92.6,130.2
Sugarcane,Kharif,Clay,Jul,Oct,Irrigated,7.8,324.7,22.7,77.2,192.7,60.5,125.2
Sugarcane,Kharif,Loamy,Jun,Sep,Irrigated,7.5,310.4,24.9,74.7,157.1,92.8,122.6
Sugarcane,Kharif,Loamy,Jul,Oct,Irrigated,6.9,305.1,26.7,78.6,168.9,64.4,146.4
Sugarcane,Kharif,Clay,Jun,Sep,Irrigated,6.6,305.2,26.4,70.4,180.2,84.6,121.8
Sugarcane,Kharif,Clay,Jul,Oct,Irrigated,8.0,329.7,23.4,71.2,150.6,94.8,128.9
Sugarcane,Kharif,Loamy,Jun,Sep,Irrigated,6.9,304.8,26.7,75.2,194.0,64.5,142.4
Sugarcane,Kharif,Loamy,Jul,Oct,Irrigated,7.7,302.6,22.2,78.1,159.4,71.4,122.7
Sugarcane,Kharif,Clay,Jun,Sep,Irrigated,7.0,305.2,25.5,66.1,182.2,98.5,132.6
Sugarcane,Kharif,Clay,Jul,Oct,Irrigated,7.0,305.8,25.4,74.8,166.3,88.2,134.3
Sugarcane,Kharif,Loamy,Jun,Sep,Irrigated,6.7,301.6,21.4,68.5,161.7,95.4,125.6
Sugarcane,Kharif,Loamy,Jul,Oct,Irrigated,6.6,309.3,26.7,76.3,189.7,81.9,120.5
Sugarcane,Kharif,Clay,Jun,Sep,Irrigated,7.0,304.0,25.5,68.5,154.1,83.4,136.3
Sugarcane,Kharif,Clay,Jul,Oct,Irrigated,7.1,319.3,26.9,74.8,195.2,81.6,137.3
Sugarcane,Kharif,Loamy,Jun,Sep,Irrigated,7.1,318.4,22.8,78.8,184.3,60.1,138.8
Sugarcane,Kharif,Loamy,Jul,Oct,Irrigated,7.0,322.3,26.0,77.3,193.6,62.7,132.9
Sugarcane,Kharif,Clay,Jun,Sep,Irrigated,7.6,326.5,26.4,74.9,186.4,88.8,138.0
Sugarcane,Kharif,Clay,Jul,Oct,Irrigated,7.8,301.7,23.4,72.2,167.9,63.6,137.2
Sugarcane,Kharif,Loamy,Jun,Sep,Irrigated,7.2,307.3,25.6,77.1,150.1,91.4,136.2
Sugarcane,Kharif,Loamy,Jul,Oct,Irrigated,7.2,304.0,24.6,69.4,155.1,80.5,148.5
Sugarcane,Kharif,Clay,Jun,Sep,Irrigated,7.7,312.4,24.5,73.3,184.8,60.4,135.2
Sugarcane,Kharif,Clay,Jul,Oct,Irrigated,7.2,326.0,23.6,69.5,166.6,67.5,130.0
Sugarcane,Kharif,Loamy,Jun,Sep,Irrigated,7.4,316.3,26.3,79.7,175.0,70.3,142.0
Sugarcane,Kharif,Loamy,Jul,Oct,Irrigated,8.0,300.0,25.4,66.0,160.0,83.9,120.8
Sugarcane,Kharif,Clay,Jun,Sep,Irrigated,6.7,327.5,23.8,74.5,160.5,77.3,146.9
Sugarcane,Kharif,Clay,Jul,Oct,Irrigated,7.6,316.9,23.6,71.1,176.9,60.2,140.4
Sugarcane,Kharif,Loamy,Jun,Sep,Irrigated,7.0,305.7,26.8,77.9,193.9,72.7,136.8
Sugarcane,Kharif,Loamy,Jul,Oct,Irrigated,7.8,322.8,26.2,78.7,167.4,66.4,145.5
Sugarcane,Kharif,Clay,Jun,Sep,Irrigated,6.8,315.9,23.0,67.0,162.9,84.3,149.6
Sugarcane,Kharif,Clay,Jul,Oct,Irrigated,7.2,325.6,24.3,73.6,180.4,85.4,134.1
Sugarcane,Kharif,Loamy,Jun,Sep,Irrigated,8.0,317.7,24.4,78.3,173.1,62.2,121.7
Sugarcane,Kharif,Loamy,Jul,Oct,Irrigated,6.6,304.7,23.9,74.3,179.2,98.7,120.3
Sugarcane,Kharif,Clay,Jun,Sep,Irrigated,7.3,302.3,26.7,76.3,158.3,98.2,121.2
Sugarcane,Kharif,Clay,Jul,Oct,Irrigated,7.1,323.7,25.6,71.7,156.1,69.4,140.4
Sugarcane,Kharif,Loamy,Jun,Sep,Irrigated,7.8,315.3,21.8,77.7,162.2,84.5,148.4
Sugarcane,Kharif,Loamy,Jul,Oct,Irrigated,7.4,311.9,24.2,78.9,189.1,70.5,133.2
Sugarcane,Kharif,Clay,Jun,Sep,Irrigated,7.5,304.1,22.6,76.7,152.6,80.0,137.0
Sugarcane,Kharif,Clay,Jul,Oct,Irrigated,7.8,309.3,23.2,71.9,158.1,65.5,121.7
Sugarcane,Kharif,Loamy,Jun,Sep,Irrigated,7.2,327.9,26.5,77.3,162.5,74.2,127.6
Sugarcane,Kharif,Loamy,Jul,Oct,Irrigated,7.6,315.5,26.6,67.4,155.3,99.6,138.3
Sugarcane,Kharif,Clay,Jun,Sep,Irrigated,7.4,319.6,24.9,75.5,154.7,76.2,134.5
Sugarcane,Kharif,Clay,Jul,Oct,Irrigated,6.8,320.0,25.7,69.7,177.4,81.4,126.0
Sugarcane,Kharif,Loamy,Jun,Sep,Irrigated,8.0,301.1,24.6,72.9,157.0,76.3,124.3
Sugarcane,Kharif,Loamy,Jul,Oct,Irrigated,6.6,318.9,25.9,70.5,164.5,88.8,133.7
Sugarcane,Kharif,Clay,Jun,Sep,Irrigated,7.6,304.7,23.1,79.0,161.4,70.4,128.5
Sugarcane,Kharif,Clay,Jul,Oct,Irrigated,7.3,308.9,25.3,66.1,180.8,91.7,128.9
Sugarcane,Kharif,Loamy,Jun,Sep,Irrigated,7.2,309.7,25.5,72.3,160.4,89.6,133.9
Sugarcane,Kharif,Loamy,Jul,Oct,Irrigated,7.1,327.0,21.4,74.4,168.4,67.2,134.1
Sugarcane,Kharif,Clay,Jun,Sep,Irrigated,7.5,313.4,24.1,71.1,171.2,94.4,133.8
Sugarcane,Kharif,Clay,Jul,Oct,Irrigated,7.7,323.8,24.3,68.2,191.8,75.2,132.6
Sugarcane,Kharif,Loamy,Jun,Sep,Irrigated,7.3,316.4,21.1,74.2,192.8,74.6,147.7
Sugarcane,Kharif,Loamy,Jul,Oct,Irrigated,7.6,328.9,25.3,65.7,197.4,74.6,122.1
Sugarcane,Kharif,Clay,Jun,Sep,Irrigated,8.0,306.0,22.6,65.4,163.3,76.9,147.4
Sugarcane,Kharif,Clay,Jul,Oct,Irrigated,6.8,313.8,24.5,67.8,194.8,71.0,149.2
Sugarcane,Kharif,Loamy,Jun,Sep,Irrigated,6.7,304.4,23.6,77.1,183.4,62.0,128.9
Sugarcane,Kharif,Loamy,Jul,Oct,Irrigated,7.8,301.2,24.5,73.8,174.9,99.9,132.1
Sugarcane,Kharif,Clay,Jun,Sep,Irrigated,7.9,319.1,25.4,66.5,165.1,69.8,147.6
Sugarcane,Kharif,Clay,Jul,Oct,Irrigated,7.0,305.8,26.3,69.7,198.6,64.2,122.9
Sugarcane,Kharif,Loamy,Jun,Sep,Irrigated,6.8,316.6,25.0,75.0,195.0,85.2,121.0
Sugarcane,Kharif,Loamy,Jul,Oct,Irrigated,7.7,307.2,26.8,79.8,197.0,75.3,135.3
Sugarcane,Kharif,Clay,Jun,Sep,Irrigated,7.8,315.1,24.0,70.2,174.1,94.9,143.5
Sugarcane,Kharif,Clay,Jul,Oct,Irrigated,7.6,329.4,25.1,78.9,183.6,67.2,122.0
Sugarcane,Kharif,Loamy,Jun,Sep,Irrigated,7.2,325.6,23.8,68.0,184.2,79.6,121.9
Sugarcane,Kharif,Loamy,Jul,Oct,Irrigated,7.8,301.3,23.1,79.9,161.6,75.9,128.6
Sugarcane,Kharif,Clay,Jun,Sep,Irrigated,7.5,316.1,25.2,71.1,169.7,63.7,120.4
Sugarcane,Kharif,Clay,Jul,Oct,Irrigated,7.2,316.9,22.8,73.6,191.4,85.7,121.6
Sugarcane,Kharif,Loamy,Jun,Sep,Irrigated,6.6,303.6,23.4,73.0,188.3,92.9,148.7
Sugarcane,Kharif,Loamy,Jul,Oct,Irrigated,7.8,316.6,21.4,65.8,184.7,71.6,121.6
Sugarcane,Kharif,Clay,Jun,Sep,Irrigated,7.3,329.2,23.4,68.7,186.4,96.0,121.3
Sugarcane,Kharif,Clay,Jul,Oct,Irrigated,7.0,310.6,24.9,74.8,180.9,94.3,134.2
Sugarcane,Kharif,Loamy,Jun,Sep,Irrigated,6.8,328.7,21.6,77.9,193.3,65.5,135.4
Sugarcane,Kharif,Loamy,Jul,Oct,Irrigated,7.3,307.4,25.7,71.4,187.1,94.7,136.1
Sugarcane,Kharif,Clay,Jun,Sep,Irrigated,6.9,306.7,25.3,69.4,155.0,82.2,138.7
Sugarcane,Kharif,Clay,Jul,Oct,Irrigated,7.3,306.3,21.7,67.6,185.1,98.3,147.5
Sugarcane,Kharif,Loamy,Jun,Sep,Irrigated,7.4,321.3,25.8,77.6,178.0,79.3,124.9
Sugarcane,Kharif,Loamy,Jul,Oct,Irrigated,7.6,303.4,22.0,76.8,173.5,83.9,142.5
Sugarcane,Kharif,Clay,Jun,Sep,Irrigated,7.9,312.6,23.5,78.0,161.6,97.2,142.1
Sugarcane,Kharif,Clay,Jul,Oct,Irrigated,7.6,309.3,25.7,65.6,157.4,94.6,144.4
Sugarcane,Kharif,Loamy,Jun,Sep,Irrigated,7.9,323.5,21.3,72.7,199.1,63.0,138.3
Sugarcane,Kharif,Loamy,Jul,Oct,Irrigated,7.2,319.4,24.4,65.0,164.7,97.7,143.9
Sugarcane,Kharif,Clay,Jun,Sep,Irrigated,7.8,301.7,25.2,77.2,152.8,76.7,134.1
Sugarcane,Kharif,Clay,Jul,Oct,Irrigated,7.0,305.7,25.6,65.7,151.0,66.1,138.6
Sugarcane,Kharif,Loamy,Jun,Sep,Irrigated,7.4,318.4,22.2,67.7,198.9,96.5,127.5
Sugarcane,Kharif,Loamy,Jul,Oct,Irrigated,7.8,320.8,22.1,74.4,196.7,79.4,120.9
Sugarcane,Kharif,Clay,Jun,Sep,Irrigated,7.1,321.7,25.8,71.5,189.8,75.0,132.2
Sugarcane,Kharif,Clay,Jul,Oct,Irrigated,6.5,303.7,24.7,68.0,185.9,71.1,133.6
Sugarcane,Kharif,Loamy,Jun,Sep,Irrigated,7.5,313.5,25.6,71.1,197.6,81.4,132.9
Sugarcane,Kharif,Loamy,Jul,Oct,Irrigated,6.6,312.8,22.8,73.3,160.3,62.4,131.0
Sugarcane,Kharif,Clay,Jun,Sep,Irrigated,7.9,326.1,21.2,73.3,155.0,99.5,129.8
Sugarcane,Kharif,Clay,Jul,Oct,Irrigated,7.7,300.1,26.0,77.9,167.4,93.4,129.2
Sugarcane,Kharif,Loamy,Jun,Sep,Irrigated,6.7,317.5,26.8,68.3,152.4,62.7,136.6
Sugarcane,Kharif,Loamy,Jul,Oct,Irrigated,6.9,325.7,24.4,78.5,162.6,96.0,123.1
Sugarcane,Kharif,Clay,Jun,Sep,Irrigated,7.2,329.6,22.3,72.7,168.6,82.5,132.8
Sugarcane,Kharif,Clay,Jul,Oct,Irrigated,6.7,300.3,26.0,71.8,182.6,64.0,127.5
Sugarcane,Kharif,Loamy,Jun,Sep,Irrigated,7.0,314.6,21.7,75.0,189.5,64.0,126.9
Sugarcane,Kharif,Loamy,Jul,Oct,Irrigated,7.4,327.9,26.6,76.7,184.9,89.3,128.0
Sugarcane,Kharif,Clay,Jun,Sep,Irrigated,7.0,305.7,24.6,79.0,165.2,78.9,147.8
Sugarcane,Kharif,Clay,Jul,Oct,Irrigated,7.5,312.3,25.7,65.6,164.0,70.8,126.1
Sugarcane,Kharif,Loamy,Jun,Sep,Irrigated,7.3,317.5,23.0,66.8,191.5,77.7,140.2
Sugarcane,Kharif,Loamy,Jul,Oct,Irrigated,7.9,310.9,22.1,74.6,159.5,66.3,137.9
Sugarcane,Kharif,Clay,Jun,Sep,Irrigated,7.5,301.1,21.2,73.6,191.5,86.5,127.6
Sugarcane,Kharif,Clay,Jul,Oct,Irrigated,6.7,305.3,22.2,71.2,166.0,84.3,120.5
Sugarcane,Kharif,Loamy,Jun,Sep,Irrigated,7.3,314.1,24.6,72.4,191.1,70.8,127.5
Sugarcane,Kharif,Loamy,Jul,Oct,Irrigated,7.2,312.5,21.7,69.4,182.3,90.5,133.0
Sugarcane,Kharif,Clay,Jun,Sep,Irrigated,7.1,318.3,26.7,76.7,151.8,85.1,131.0
Sugarcane,Kharif,Clay,Jul,Oct,Irrigated,7.9,305.0,22.3,71.0,188.4,92.5,146.1
Sugarcane,Kharif,Loamy,Jun,Sep,Irrigated,7.7,310.5,21.4,66.6,181.7,98.4,133.9
Sugarcane,Kharif,Loamy,Jul,Oct,Irrigated,7.8,328.2,24.4,76.7,185.7,90.1,140.5
Sugarcane,Kharif,Clay,Jun,Sep,Irrigated,7.2,327.9,25.8,75.9,180.7,64.6,129.1
Sugarcane,Kharif,Clay,Jul,Oct,Irrigated,7.6,321.0,23.3,75.9,152.5,88.4,124.7
Sugarcane,Kharif,Loamy,Jun,Sep,Irrigated,7.9,311.2,26.5,70.7,179.0,87.7,140.6
Sugarcane,Kharif,Loamy,Jul,Oct,Irrigated,7.2,307.7,24.8,79.9,182.8,93.9,125.8
Sugarcane,Kharif,Clay,Jun,Sep,Irrigated,7.8,327.7,26.6,70.9,183.8,75.5,135.1
Sugarcane,Kharif,Clay,Jul,Oct,Irrigated,6.8,304.5,25.9,73.4,160.3,88.6,120.9
Sugarcane,Kharif,Loamy,Jun,Sep,Irrigated,6.7,322.4,24.3,79.9,154.7,66.5,137.7
Sugarcane,Kharif,Loamy,Jul,Oct,Irrigated,7.0,324.3,24.9,76.7,186.9,79.3,131.7
Sugarcane,Kharif,Clay,Jun,Sep,Irrigated,7.1,319.1,26.9,80.0,160.9,80.5,142.1
Sugarcane,Kharif,Clay,Jul,Oct,Irrigated,7.3,307.6,22.7,74.0,164.8,63.3,149.7
Sugarcane,Kharif,Loamy,Jun,Sep,Irrigated,7.5,307.1,22.9,78.1,180.9,69.2,149.9
Sugarcane,Kharif,Loamy,Jul,Oct,Irrigated,6.8,328.7,23.7,68.4,153.8,82.7,128.4
Sugarcane,Kharif,Clay,Jun,Sep,Irrigated,7.8,317.8,26.8,68.7,172.5,60.5,127.1
Sugarcane,Kharif,Clay,Jul,Oct,Irrigated,7.8,307.2,23.4,73.2,187.7,90.8,143.5
Sugarcane,Kharif,Loamy,Jun,Sep,Irrigated,6.6,318.5,22.2,66.4,198.8,96.6,144.3
Sugarcane,Kharif,Loamy,Jul,Oct,Irrigated,6.7,302.8,25.6,67.0,158.1,94.2,133.6
Sugarcane,Kharif,Clay,Jun,Sep,Irrigated,7.1,320.7,24.6,70.6,157.1,82.9,122.9
Sugarcane,Kharif,Clay,Jul,Oct,Irrigated,7.8,302.9,27.0,74.6,170.1,81.7,134.0
Sugarcane,Kharif,Loamy,Jun,Sep,Irrigated,6.8,322.4,26.3,65.7,151.1,89.6,120.4
Sugarcane,Kharif,Loamy,Jul,Oct,Irrigated,7.3,301.6,25.9,71.8,173.0,66.3,131.3
Sugarcane,Kharif,Clay,Jun,Sep,Irrigated,6.7,318.5,26.4,74.7,190.9,65.8,132.9
Sugarcane,Kharif,Clay,Jul,Oct,Irrigated,6.5,302.9,21.8,78.8,173.2,79.8,131.3
Sugarcane,Kharif,Loamy,Jun,Sep,Irrigated,6.7,311.8,24.2,77.3,186.0,96.3,138.9
Sugarcane,Kharif,Loamy,Jul,Oct,Irrigated,7.4,307.3,23.6,65.4,162.3,88.9,123.1
Sugarcane,Kharif,Clay,Jun,Sep,Irrigated,7.8,312.9,24.9,74.2,150.0,68.4,130.7
Sugarcane,Kharif,Clay,Jul,Oct,Irrigated,6.5,312.0,24.4,66.1,165.7,72.3,139.8
Sugarcane,Kharif,Loamy,Jun,Sep,Irrigated,7.3,308.9,22.3,68.7,177.9,93.2,125.8
Sugarcane,Kharif,Loamy,Jul,Oct,Irrigated,6.6,320.8,22.6,78.0,188.3,60.7,134.9
Sugarcane,Kharif,Clay,Jun,Sep,Irrigated,6.8,324.9,21.4,65.3,173.0,65.0,145.7
Sugarcane,Kharif,Clay,Jul,Oct,Irrigated,7.3,301.9,25.2,68.9,193.9,78.6,129.2
Sugarcane,Kharif,Loamy,Jun,Sep,Irrigated,7.9,329.6,25.8,76.5,164.0,68.5,148.5
Sugarcane,Kharif,Loamy,Jul,Oct,Irrigated,7.9,328.5,24.4,71.7,163.8,98.3,146.0
Sugarcane,Kharif,Clay,Jun,Sep,Irrigated,7.3,307.4,21.4,68.1,198.4,76.6,122.6
Sugarcane,Kharif,Clay,Jul,Oct,Irrigated,7.6,302.5,26.0,75.5,196.1,77.2,124.6
Sugarcane,Kharif,Loamy,Jun,Sep,Irrigated,7.5,308.4,24.5,77.9,166.7,73.1,138.2
Sugarcane,Kharif,Loamy,Jul,Oct,Irrigated,6.6,313.8,23.2,70.2,155.6,76.0,126.4
Sugarcane,Kharif,Clay,Jun,Sep,Irrigated,7.4,309.0,26.7,76.5,157.6,77.9,131.0
Sugarcane,Kharif,Clay,Jul,Oct,Irrigated,7.4,321.8,21.6,70.0,156.9,96.1,142.3
Sugarcane,Kharif,Loamy,Jun,Sep,Irrigated,7.6,323.1,22.4,76.5,168.7,87.8,125.0
Sugarcane,Kharif,Loamy,Jul,Oct,Irrigated,7.4,326.7,24.2,71.7,183.1,83.5,145.2
Sugarcane,Kharif,Clay,Jun,Sep,Irrigated,7.9,300.4,24.7,71.4,183.6,83.2,127.6
Sugarcane,Kharif,Clay,Jul,Oct,Irrigated,7.5,306.9,26.8,72.8,181.1,63.5,128.3
Sugarcane,Kharif,Loamy,Jun,Sep,Irrigated,7.6,328.6,21.3,66.7,172.7,90.5,129.1
Sugarcane,Kharif,Loamy,Jul,Oct,Irrigated,8.0,304.2,22.4,76.1,179.8,82.1,128.2
Sugarcane,Kharif,Clay,Jun,Sep,Irrigated,7.1,301.6,26.2,77.0,163.1,97.0,129.3
Sugarcane,Kharif,Clay,Jul,Oct,Irrigated,7.6,324.8,25.9,65.3,153.7,89.2,136.5
Sugarcane,Kharif,Loamy,Jun,Sep,Irrigated,7.2,324.2,25.0,78.7,189.0,70.3,142.7
Sugarcane,Kharif,Loamy,Jul,Oct,Irrigated,7.2,303.6,23.5,67.2,165.7,82.5,143.0
Sugarcane,Kharif,Clay,Jun,Sep,Irrigated,6.6,329.8,25.6,74.8,160.1,75.3,143.1
Sugarcane,Kharif,Clay,Jul,Oct,Irrigated,7.5,320.1,24.7,74.4,194.4,95.4,132.7
Sugarcane,Kharif,Loamy,Jun,Sep,Irrigated,7.7,308.5,21.8,75.1,190.2,72.8,135.3
Sugarcane,Kharif,Loamy,Jul,Oct,Irrigated,7.6,300.8,21.8,69.6,181.3,72.4,142.9
Sugarcane,Kharif,Clay,Jun,Sep,Irrigated,6.9,303.3,24.2,68.0,186.2,63.8,128.3
Sugarcane,Kharif,Clay,Jul,Oct,Irrigated,7.6,323.7,21.5,78.2,193.3,84.3,127.0
Sugarcane,Kharif,Loamy,Jun,Sep,Irrigated,7.6,306.1,26.8,66.1,166.4,73.6,147.0
Sugarcane,Kharif,Loamy,Jul,Oct,Irrigated,7.6,320.6,21.1,70.0,187.7,70.6,142.1
Sugarcane,Kharif,Clay,Jun,Sep,Irrigated,7.0,329.6,24.4,66.7,184.0,98.5,133.1
Sugarcane,Kharif,Clay,Jul,Oct,Irrigated,6.5,303.6,24.5,72.6,168.3,61.6,130.7
Sugarcane,Kharif,Loamy,Jun,Sep,Irrigated,6.9,321.4,22.8,66.8,169.1,95.5,147.8
Sugarcane,Kharif,Loamy,Jul,Oct,Irrigated,7.2,306.0,25.3,72.8,159.9,93.6,120.8
Sugarcane,Kharif,Clay,Jun,Sep,Irrigated,7.7,328.8,22.6,76.2,168.0,70.4,133.8
Sugarcane,Kharif,Clay,Jul,Oct,Irrigated,7.2,329.6,21.3,76.8,177.8,80.6,144.6
Sugarcane,Kharif,Loamy,Jun,Sep,Irrigated,7.5,315.2,24.2,67.7,162.4,94.7,147.4
Sugarcane,Kharif,Loamy,Jul,Oct,Irrigated,6.8,318.6,21.9,71.8,157.3,84.6,127.8
Sugarcane,Kharif,Clay,Jun,Sep,Irrigated,6.8,319.1,22.4,69.2,154.2,71.5,130.3
Sugarcane,Kharif,Clay,Jul,Oct,Irrigated,7.8,304.2,23.7,73.5,177.4,71.5,147.5
Sugarcane,Kharif,Loamy,Jun,Sep,Irrigated,7.8,311.4,24.9,77.0,177.3,71.2,134.9
Sugarcane,Kharif,Loamy,Jul,Oct,Irrigated,7.8,320.7,22.9,71.9,171.4,66.3,143.3
Sugarcane,Kharif,Clay,Jun,Sep,Irrigated,7.1,303.9,23.2,77.6,194.3,85.6,134.7
Sugarcane,Kharif,Clay,Jul,Oct,Irrigated,7.7,314.4,22.1,70.9,155.5,84.6,135.8
Sugarcane,Kharif,Loamy,Jun,Sep,Irrigated,7.9,315.6,25.3,65.1,150.3,90.4,146.6
Sugarcane,Kharif,Loamy,Jul,Oct,Irrigated,7.5,314.1,25.0,76.8,163.0,93.0,135.6
Sugarcane,Kharif,Clay,Jun,Sep,Irrigated,7.9,308.4,21.1,71.8,163.6,71.0,136.7
Sugarcane,Kharif,Clay,Jul,Oct,Irrigated,7.5,327.2,26.5,75.5,173.7,73.1,145.5
Sugarcane,Kharif,Loamy,Jun,Sep,Irrigated,7.5,315.8,26.4,69.9,183.0,91.5,139.6
Sugarcane,Kharif,Loamy,Jul,Oct,Irrigated,7.2,307.1,25.1,73.8,160.0,82.7,125.0
Sugarcane,Kharif,Clay,Jun,Sep,Irrigated,7.3,324.1,22.2,76.2,194.4,77.1,146.3
Sugarcane,Kharif,Clay,Jul,Oct,Irrigated,6.7,305.8,23.3,69.5,183.5,81.9,133.6
Sugarcane,Kharif,Loamy,Jun,Sep,Irrigated,6.9,307.0,24.8,75.1,193.2,72.5,120.6
Sugarcane,Kharif,Loamy,Jul,Oct,Irrigated,7.2,308.2,22.9,68.8,169.7,71.1,142.9
Sugarcane,Kharif,Clay,Jun,Sep,Irrigated,7.4,306.3,21.6,73.0,195.1,91.8,126.1
Sugarcane,Kharif,Clay,Jul,Oct,Irrigated,8.0,319.5,26.2,75.1,150.1,63.5,134.5
Sugarcane,Kharif,Loamy,Jun,Sep,Irrigated,7.7,304.4,21.6,70.8,180.5,65.3,139.1
Sugarcane,Kharif,Loamy,Jul,Oct,Irrigated,7.3,307.8,24.0,65.1,159.7,76.6,132.2
Sugarcane,Kharif,Clay,Jun,Sep,Irrigated,7.3,303.3,24.6,66.0,177.8,99.7,148.5
Sugarcane,Kharif,Clay,Jul,Oct,Irrigated,7.2,302.3,26.5,70.1,187.4,87.0,144.4
Sugarcane,Kharif,Loamy,Jun,Sep,Irrigated,6.6,313.3,23.3,69.1,174.9,96.9,129.3
Sugarcane,Kharif,Loamy,Jul,Oct,Irrigated,7.2,314.1,26.4,79.6,155.8,80.0,143.7
Sugarcane,Kharif,Clay,Jun,Sep,Irrigated,7.5,303.9,22.1,79.5,184.1,92.6,132.4
Sugarcane,Kharif,Clay,Jul,Oct,Irrigated,7.6,328.8,23.9,79.5,160.9,64.0,141.7
Sugarcane,Kharif,Loamy,Jun,Sep,Irrigated,7.1,312.8,23.8,71.0,182.7,85.4,128.6
Sugarcane,Kharif,Loamy,Jul,Oct,Irrigated,7.8,312.8,26.3,70.6,179.2,80.8,146.0
Sugarcane,Kharif,Clay,Jun,Sep,Irrigated,8.0,320.8,24.7,70.4,187.2,95.6,129.1
Sugarcane,Kharif,Clay,Jul,Oct,Irrigated,7.1,314.6,25.2,66.5,171.1,70.4,137.0
Sugarcane,Kharif,Loamy,Jun,Sep,Irrigated,7.2,321.0,26.1,79.2,197.8,95.0,126.8
Sugarcane,Kharif,Loamy,Jul,Oct,Irrigated,7.4,312.5,24.2,77.1,156.0,98.0,132.7
Sugarcane,Kharif,Clay,Jun,Sep,Irrigated,6.6,311.2,23.2,77.2,183.7,98.3,142.3
Sugarcane,Kharif,Clay,Jul,Oct,Irrigated,7.7,322.6,24.6,73.2,178.1,97.2,125.1
Sugarcane,Kharif,Loamy,Jun,Sep,Irrigated,7.2,301.0,21.3,66.4,189.3,82.8,147.5
Sugarcane,Kharif,Loamy,Jul,Oct,Irrigated,7.6,309.5,24.7,67.9,196.8,65.2,138.3
Sugarcane,Kharif,Clay,Jun,Sep,Irrigated,7.9,317.4,23.0,79.0,181.9,87.9,139.1
Sugarcane,Kharif,Clay,Jul,Oct,Irrigated,7.6,320.6,21.4,69.0,190.7,84.2,124.4
Sugarcane,Kharif,Loamy,Jun,Sep,Irrigated,7.6,307.7,23.7,76.4,188.9,82.9,139.4
Sugarcane,Kharif,Loamy,Jul,Oct,Irrigated,7.8,315.9,21.6,79.8,194.4,78.8,133.6
Sugarcane,Kharif,Clay,Jun,Sep,Irrigated,8.0,318.0,23.1,65.5,167.6,92.6,138.3
Sugarcane,Kharif,Clay,Jul,Oct,Irrigated,7.0,312.5,22.8,77.9,183.0,65.2,147.7
Sugarcane,Kharif,Loamy,Jun,Sep,Irrigated,8.0,312.8,26.3,66.4,168.3,91.6,137.9
Sugarcane,Kharif,Loamy,Jul,Oct,Irrigated,6.6,300.0,25.3,67.1,195.0,63.4,139.3
Sugarcane,Kharif,Clay,Jun,Sep,Irrigated,6.6,318.1,21.9,74.4,159.7,78.3,143.0
Sugarcane,Kharif,Clay,Jul,Oct,Irrigated,7.3,320.6,21.8,71.7,167.3,82.8,121.7
Sugarcane,Kharif,Loamy,Jun,Sep,Irrigated,7.7,306.9,23.5,76.2,178.2,66.0,138.0
Sugarcane,Kharif,Loamy,Jul,Oct,Irrigated,6.7,313.3,21.1,76.0,161.4,77.3,143.5
Sugarcane,Kharif,Clay,Jun,Sep,Irrigated,7.4,310.9,24.1,68.2,182.9,90.8,143.0
Sugarcane,Kharif,Clay,Jul,Oct,Irrigated,7.4,324.0,26.3,70.1,162.0,62.1,127.9
Sugarcane,Kharif,Loamy,Jun,Sep,Irrigated,6.9,310.3,25.8,75.9,174.2,73.1,123.6
Sugarcane,Kharif,Loamy,Jul,Oct,Irrigated,6.7,320.4,24.0,69.0,177.3,96.8,148.5
Sugarcane,Kharif,Clay,Jun,Sep,Irrigated,6.9,318.4,26.0,72.9,191.5,72.4,131.7
Sugarcane,Kharif,Clay,Jul,Oct,Irrigated,7.2,316.4,24.7,74.1,196.1,77.5,136.4
Sugarcane,Kharif,Loamy,Jun,Sep,Irrigated,6.9,312.6,25.3,70.2,167.1,75.8,122.4
Sugarcane,Kharif,Loamy,Jul,Oct,Irrigated,6.8,304.1,25.1,72.7,157.9,90.1,133.9
Sugarcane,Kharif,Clay,Jun,Sep,Irrigated,7.9,303.2,21.8,75.6,191.0,73.9,133.4
Sugarcane,Kharif,Clay,Jul,Oct,Irrigated,7.7,314.9,23.2,75.4,150.1,60.9,137.0
Sugarcane,Kharif,Loamy,Jun,Sep,Irrigated,7.6,323.6,24.6,73.8,178.1,73.2,128.4
Sugarcane,Kharif,Loamy,Jul,Oct,Irrigated,7.8,318.1,22.9,71.2,174.4,90.6,143.6
Sugarcane,Kharif,Clay,Jun,Sep,Irrigated,7.2,303.7,23.8,79.9,163.4,66.5,145.0
Sugarcane,Kharif,Clay,Jul,Oct,Irrigated,7.8,314.8,26.7,72.0,172.0,72.2,133.8
Sugarcane,Kharif,Loamy,Jun,Sep,Irrigated,7.1,327.1,21.5,67.1,171.4,86.3,122.1
Sugarcane,Kharif,Loamy,Jul,Oct,Irrigated,7.4,324.9,25.8,77.9,159.9,94.3,142.0
Sugarcane,Kharif,Clay,Jun,Sep,Irrigated,7.7,319.0,21.4,78.4,172.1,64.4,143.7
Sugarcane,Kharif,Clay,Jul,Oct,Irrigated,7.2,305.0,26.9,78.4,175.3,82.7,138.4
Sugarcane,Kharif,Loamy,Jun,Sep,Irrigated,6.7,310.2,21.8,71.8,155.9,66.1,144.8
Sugarcane,Kharif,Loamy,Jul,Oct,Irrigated,7.8,326.1,26.3,76.5,192.8,89.2,133.1
Sugarcane,Kharif,Clay,Jun,Sep,Irrigated,6.5,317.0,23.1,77.1,167.0,97.6,138.4
Sugarcane,Kharif,Clay,Jul,Oct,Irrigated,7.5,311.9,25.1,68.3,161.2,89.8,121.0
Sugarcane,Kharif,Loamy,Jun,Sep,Irrigated,7.4,307.7,24.9,73.8,161.8,77.3,135.7
Sugarcane,Kharif,Loamy,Jul,Oct,Irrigated,7.3,322.9,25.8,71.5,166.0,81.0,147.7
Sugarcane,Kharif,Clay,Jun,Sep,Irrigated,6.8,312.4,22.0,67.8,187.5,70.6,120.9
Sugarcane,Kharif,Clay,Jul,Oct,Irrigated,7.3,327.3,23.9,74.9,195.1,74.2,128.6
Sugarcane,Kharif,Loamy,Jun,Sep,Irrigated,7.4,308.6,26.9,74.8,197.2,90.6,145.0
Sugarcane,Kharif,Loamy,Jul,Oct,Irrigated,7.7,310.8,21.6,70.4,153.7,94.5,132.6
Sugarcane,Kharif,Clay,Jun,Sep,Irrigated,6.5,306.2,21.6,72.4,183.7,65.8,140.6
Sugarcane,Kharif,Clay,Jul,Oct,Irrigated,7.9,309.5,22.0,67.0,151.0,79.1,124.5
Sugarcane,Kharif,Loamy,Jun,Sep,Irrigated,7.0,301.5,24.3,69.7,169.0,62.4,123.1
Sugarcane,Kharif,Loamy,Jul,Oct,Irrigated,7.9,307.0,26.4,76.3,160.5,68.0,134.1
Sugarcane,Kharif,Clay,Jun,Sep,Irrigated,6.7,319.2,24.6,70.4,170.8,84.1,133.3
Sugarcane,Kharif,Clay,Jul,Oct,Irrigated,7.9,321.8,23.3,69.7,199.0,92.8,127.3
Sugarcane,Kharif,Loamy,Jun,Sep,Irrigated,6.9,300.4,26.5,77.1,160.6,74.4,136.1
Sugarcane,Kharif,Loamy,Jul,Oct,Irrigated,7.6,306.2,26.6,71.8,152.5,66.5,123.2
Sugarcane,Kharif,Clay,Jun,Sep,Irrigated,6.6,308.2,25.5,68.6,175.8,64.3,147.7
Sugarcane,Kharif,Clay,Jul,Oct,Irrigated,7.3,305.3,25.6,76.9,152.5,83.6,129.0
Sugarcane,Kharif,Loamy,Jun,Sep,Irrigated,7.4,326.8,25.5,71.4,191.1,81.2,128.0
Sugarcane,Kharif,Loamy,Jul,Oct,Irrigated,6.6,325.8,25.8,65.1,189.7,83.9,121.3
Sugarcane,Kharif,Clay,Jun,Sep,Irrigated,7.6,321.0,23.1,66.1,192.6,94.1,131.9
Sugarcane,Kharif,Clay,Jul,Oct,Irrigated,7.9,320.6,26.7,78.7,177.8,92.0,140.4
Sugarcane,Kharif,Loamy,Jun,Sep,Irrigated,7.9,327.7,24.9,70.9,162.7,80.8,130.4
Sugarcane,Kharif,Loamy,Jul,Oct,Irrigated,6.7,322.9,24.7,65.3,188.8,73.8,128.7
Sugarcane,Kharif,Clay,Jun,Sep,Irrigated,7.8,308.7,25.5,73.8,175.7,63.5,139.5
Sugarcane,Kharif,Clay,Jul,Oct,Irrigated,7.8,329.8,26.8,67.3,158.8,66.9,128.2
Sugarcane,Kharif,Loamy,Jun,Sep,Irrigated,6.8,322.2,21.7,70.8,156.8,81.3,124.6
Sugarcane,Kharif,Loamy,Jul,Oct,Irrigated,7.6,320.9,22.9,71.5,166.1,89.5,135.5
Sugarcane,Kharif,Clay,Jun,Sep,Irrigated,7.7,306.7,25.1,72.6,164.0,67.2,140.6
Sugarcane,Kharif,Clay,Jul,Oct,Irrigated,7.7,324.4,22.4,73.6,173.8,97.9,120.4
Sugarcane,Kharif,Loamy,Jun,Sep,Irrigated,6.5,317.1,23.2,73.8,164.7,71.3,149.4
Sugarcane,Kharif,Loamy,Jul,Oct,Irrigated,7.8,329.9,26.7,72.2,167.3,64.6,144.2
Sugarcane,Kharif,Clay,Jun,Sep,Irrigated,6.9,324.5,21.5,78.3,193.2,97.4,124.1
Sugarcane,Kharif,Clay,Jul,Oct,Irrigated,6.6,308.1,24.5,68.7,158.4,74.4,137.8
Sugarcane,Kharif,Loamy,Jun,Sep,Irrigated,6.5,314.0,24.9,79.7,157.9,89.6,144.7
Sugarcane,Kharif,Loamy,Jul,Oct,Irrigated,7.5,329.3,25.3,66.3,160.4,97.6,125.7
Sugarcane,Kharif,Clay,Jun,Sep,Irrigated,7.4,327.4,25.7,78.6,156.2,82.6,140.5
Sugarcane,Kharif,Clay,Jul,Oct,Irrigated,7.7,308.8,21.4,68.8,188.1,71.0,149.2
Sugarcane,Kharif,Loamy,Jun,Sep,Irrigated,7.4,310.5,24.8,67.4,192.3,87.7,131.6
Sugarcane,Kharif,Loamy,Jul,Oct,Irrigated,7.6,303.6,25.3,71.3,198.0,84.4,137.9
Sugarcane,Kharif,Clay,Jun,Sep,Irrigated,7.6,308.8,24.1,73.5,158.6,90.1,148.4
Sugarcane,Kharif,Clay,Jul,Oct,Irrigated,7.0,309.2,25.3,71.1,162.6,94.1,132.9
Sugarcane,Kharif,Loamy,Jun,Sep,Irrigated,6.9,306.7,23.9,72.1,152.8,85.2,131.5
Sugarcane,Kharif,Loamy,Jul,Oct,Irrigated,7.3,307.1,25.7,72.0,152.0,76.8,120.8
Sugarcane,Kharif,Clay,Jun,Sep,Irrigated,7.2,321.8,23.1,73.2,154.2,75.1,125.5
Sugarcane,Kharif,Clay,Jul,Oct,Irrigated,7.2,322.3,25.0,76.0,187.1,86.4,139.0
Sugarcane,Kharif,Loamy,Jun,Sep,Irrigated,6.8,313.8,26.0,70.5,163.8,82.6,132.9
Sugarcane,Kharif,Loamy,Jul,Oct,Irrigated,7.4,306.5,22.8,77.2,166.7,81.4,149.3
Sugarcane,Kharif,Clay,Jun,Sep,Irrigated,7.1,327.2,22.4,77.2,170.7,68.9,127.3
Sugarcane,Kharif,Clay,Jul,Oct,Irrigated,7.9,321.5,22.0,78.9,157.3,71.3,123.5
Sugarcane,Kharif,Loamy,Jun,Sep,Irrigated,7.0,315.1,23.2,70.2,197.8,64.0,139.9
Sugarcane,Kharif,Loamy,Jul,Oct,Irrigated,6.6,319.5,24.0,75.9,186.1,68.6,129.1
Sugarcane,Kharif,Clay,Jun,Sep,Irrigated,7.0,307.4,25.8,78.7,162.2,97.7,127.7
Sugarcane,Kharif,Clay,Jul,Oct,Irrigated,7.0,312.9,26.1,73.9,169.8,64.0,130.3
Sugarcane,Kharif,Loamy,Jun,Sep,Irrigated,8.0,312.7,25.9,72.2,165.1,72.7,139.8
Sugarcane,Kharif,Loamy,Jul,Oct,Irrigated,7.2,325.2,22.8,68.6,157.2,65.8,135.0
Sugarcane,Kharif,Clay,Jun,Sep,Irrigated,6.8,316.1,24.9,79.1,160.5,91.1,141.0
Sugarcane,Kharif,Clay,Jul,Oct,Irrigated,6.8,329.7,25.8,67.7,164.2,97.4,131.8
Sugarcane,Kharif,Loamy,Jun,Sep,Irrigated,7.3,324.6,24.3,75.3,178.8,60.1,143.7
Sugarcane,Kharif,Loamy,Jul,Oct,Irrigated,6.7,301.5,21.4,76.1,158.5,61.6,127.6
Sugarcane,Kharif,Clay,Jun,Sep,Irrigated,7.6,303.2,24.4,68.9,197.7,68.2,123.1
Sugarcane,Kharif,Clay,Jul,Oct,Irrigated,8.0,310.5,26.3,74.4,161.2,81.4,126.5
Sugarcane,Kharif,Loamy,Jun,Sep,Irrigated,7.5,326.1,21.2,69.4,171.7,69.0,141.2
Sugarcane,Kharif,Loamy,Jul,Oct,Irrigated,7.8,313.5,21.0,66.0,169.8,62.8,136.4
Sugarcane,Kharif,Clay,Jun,Sep,Irrigated,6.8,322.0,23.8,79.3,178.6,83.8,125.0
Sugarcane,Kharif,Clay,Jul,Oct,Irrigated,7.2,302.0,26.9,76.4,191.2,74.8,130.0
Sugarcane,Kharif,Loamy,Jun,Sep,Irrigated,7.1,312.5,21.0,79.2,166.4,81.6,137.1
Sugarcane,Kharif,Loamy,Jul,Oct,Irrigated,6.6,328.1,22.6,72.4,188.9,90.5,148.9
Sugarcane,Kharif,Clay,Jun,Sep,Irrigated,7.3,329.2,23.0,71.7,185.2,80.4,147.3
Sugarcane,Kharif,Clay,Jul,Oct,Irrigated,6.6,326.3,21.5,79.2,174.0,65.7,128.3
Sugarcane,Kharif,Loamy,Jun,Sep,Irrigated,8.0,312.5,26.8,74.7,190.2,75.3,123.2
Sugarcane,Kharif,Loamy,Jul,Oct,Irrigated,6.6,326.3,21.9,70.3,198.9,95.7,120.4
Sugarcane,Kharif,Clay,Jun,Sep,Irrigated,6.5,326.5,25.2,76.4,185.5,79.1,146.4
Sugarcane,Kharif,Clay,Jul,Oct,Irrigated,7.5,306.2,22.0,68.1,160.6,90.7,146.0
Sugarcane,Kharif,Loamy,Jun,Sep,Irrigated,7.7,317.4,26.2,65.6,182.0,99.8,143.2
Sugarcane,Kharif,Loamy,Jul,Oct,Irrigated,7.2,306.8,24.9,77.1,169.4,70.8,123.9
Sugarcane,Kharif,Clay,Jun,Sep,Irrigated,7.4,329.2,21.9,73.7,179.6,97.9,130.5
Sugarcane,Kharif,Clay,Jul,Oct,Irrigated,7.2,303.1,22.1,70.8,176.7,87.1,134.4
Sugarcane,Kharif,Loamy,Jun,Sep,Irrigated,7.0,329.3,26.0,72.3,168.1,91.1,141.0
Sugarcane,Kharif,Loamy,Jul,Oct,Irrigated,7.6,328.0,22.7,76.3,199.5,98.0,138.4
Sugarcane,Kharif,Clay,Jun,Sep,Irrigated,7.0,312.4,24.8,68.0,150.0,66.4,125.6
Sugarcane,Kharif,Clay,Jul,Oct,Irrigated,6.8,318.2,26.7,77.2,152.3,72.7,141.7
Sugarcane,Kharif,Loamy,Jun,Sep,Irrigated,7.8,309.0,23.4,74.2,173.8,70.7,146.4
Sugarcane,Kharif,Loamy,Jul,Oct,Irrigated,7.6,318.7,25.1,69.9,150.3,99.3,121.7
Sugarcane,Kharif,Clay,Jun,Sep,Irrigated,6.5,305.1,22.9,79.8,180.0,63.7,127.4
Sugarcane,Kharif,Clay,Jul,Oct,Irrigated,7.4,315.0,25.0,72.1,163.5,67.7,126.9
Sugarcane,Kharif,Loamy,Jun,Sep,Irrigated,7.6,310.6,23.5,67.4,157.5,93.2,124.0
Sugarcane,Kharif,Loamy,Jul,Oct,Irrigated,6.6,305.3,24.7,70.2,177.0,74.2,130.7
Sugarcane,Kharif,Clay,Jun,Sep,Irrigated,8.0,323.5,24.7,72.9,155.3,75.5,120.3
Sugarcane,Kharif,Clay,Jul,Oct,Irrigated,7.9,325.1,24.6,73.6,176.1,88.3,130.7
Sugarcane,Kharif,Loamy,Jun,Sep,Irrigated,6.9,319.5,25.4,73.7,176.3,83.2,126.6
Sugarcane,Kharif,Loamy,Jul,Oct,Irrigated,7.4,318.5,25.2,72.7,159.2,87.3,147.7
Sugarcane,Kharif,Clay,Jun,Sep,Irrigated,7.5,309.4,25.5,78.8,196.7,73.5,127.8
Sugarcane,Kharif,Clay,Jul,Oct,Irrigated,7.7,325.8,22.7,66.5,160.3,92.8,121.6
Sugarcane,Kharif,Loamy,Jun,Sep,Irrigated,7.9,321.4,22.3,69.3,186.1,82.8,123.3
Sugarcane,Kharif,Loamy,Jul,Oct,Irrigated,7.7,323.2,24.1,67.1,179.9,99.6,127.9
Sugarcane,Kharif,Clay,Jun,Sep,Irrigated,7.5,300.4,23.2,68.4,160.6,61.1,138.0
Sugarcane,Kharif,Clay,Jul,Oct,Irrigated,7.5,319.7,24.2,72.9,162.6,86.8,131.0
Sugarcane,Kharif,Loamy,Jun,Sep,Irrigated,6.8,312.9,25.1,78.2,153.4,72.9,135.0
Sugarcane,Kharif,Loamy,Jul,Oct,Irrigated,7.6,309.6,25.8,73.6,178.4,77.3,124.7
Sugarcane,Kharif,Clay,Jun,Sep,Irrigated,6.7,313.2,23.4,74.9,185.2,89.9,142.9
Sugarcane,Kharif,Clay,Jul,Oct,Irrigated,7.2,301.3,24.9,68.5,176.2,87.5,143.0
Sugarcane,Kharif,Loamy,Jun,Sep,Irrigated,7.3,321.9,23.6,77.2,150.0,82.4,128.4
Sugarcane,Kharif,Loamy,Jul,Oct,Irrigated,7.5,322.1,21.3,75.3,164.5,82.2,137.2
Sugarcane,Kharif,Clay,Jun,Sep,Irrigated,8.0,300.3,21.1,65.7,169.1,86.7,146.0
Sugarcane,Kharif,Clay,Jul,Oct,Irrigated,7.3,329.7,22.7,74.6,172.6,77.2,141.9
Sugarcane,Kharif,Loamy,Jun,Sep,Irrigated,6.5,318.5,22.1,67.6,187.0,81.0,126.6
Sugarcane,Kharif,Loamy,Jul,Oct,Irrigated,7.0,302.4,21.3,79.6,160.9,95.1,127.9
Sugarcane,Kharif,Clay,Jun,Sep,Irrigated,7.9,310.6,26.3,69.0,186.4,91.3,133.6
Sugarcane,Kharif,Clay,Jul,Oct,Irrigated,6.8,327.6,26.9,72.4,195.4,79.4,148.3
Sugarcane,Kharif,Loamy,Jun,Sep,Irrigated,6.8,326.3,21.4,71.2,174.3,67.9,134.7
Sugarcane,Kharif,Loamy,Jul,Oct,Irrigated,6.7,325.4,22.7,79.8,192.4,77.1,140.4
Sugarcane,Kharif,Clay,Jun,Sep,Irrigated,7.4,327.2,24.7,77.2,183.8,87.5,144.7
Sugarcane,Kharif,Clay,Jul,Oct,Irrigated,7.9,317.2,22.6,78.6,154.8,87.9,137.8
Sugarcane,Kharif,Loamy,Jun,Sep,Irrigated,6.8,314.9,21.4,75.1,158.2,98.3,129.0
Sugarcane,Kharif,Loamy,Jul,Oct,Irrigated,6.9,309.3,23.8,74.7,165.9,69.8,133.6
Sugarcane,Kharif,Clay,Jun,Sep,Irrigated,7.4,300.0,26.0,76.8,169.4,68.4,139.1
Sugarcane,Kharif,Clay,Jul,Oct,Irrigated,7.6,328.0,26.2,70.9,196.3,86.3,143.8
Sugarcane,Kharif,Loamy,Jun,Sep,Irrigated,7.7,328.0,21.2,78.0,160.2,96.0,138.3
Sugarcane,Kharif,Loamy,Jul,Oct,Irrigated,7.4,326.8,22.0,74.3,171.6,87.4,127.8
Sugarcane,Kharif,Clay,Jun,Sep,Irrigated,7.6,303.3,22.8,73.5,189.8,76.4,144.7
Sugarcane,Kharif,Clay,Jul,Oct,Irrigated,7.2,323.6,22.9,69.2,155.8,88.1,127.6
Sugarcane,Kharif,Loamy,Jun,Sep,Irrigated,7.4,321.1,23.2,76.0,156.8,71.9,133.3
Sugarcane,Kharif,Loamy,Jul,Oct,Irrigated,6.8,319.8,25.8,72.4,185.9,61.3,134.2
Sugarcane,Kharif,Clay,Jun,Sep,Irrigated,6.8,327.7,26.1,79.0,158.3,78.7,127.5
Sugarcane,Kharif,Clay,Jul,Oct,Irrigated,7.0,317.9,26.1,72.4,188.9,93.4,134.5
Sugarcane,Kharif,Loamy,Jun,Sep,Irrigated,6.6,317.0,22.2,67.6,191.3,70.9,124.5
Sugarcane,Kharif,Loamy,Jul,Oct,Irrigated,7.8,313.9,25.8,66.9,176.5,60.2,130.8
Sugarcane,Kharif,Clay,Jun,Sep,Irrigated,7.2,307.5,25.4,78.4,172.4,77.5,149.8
Sugarcane,Kharif,Clay,Jul,Oct,Irrigated,7.7,320.4,22.8,78.9,162.7,87.6,131.0
Sugarcane,Kharif,Loamy,Jun,Sep,Irrigated,6.7,314.7,22.3,70.6,197.1,95.4,148.5
Sugarcane,Kharif,Loamy,Jul,Oct,Irrigated,7.1,313.9,24.6,75.8,166.2,84.1,135.8
Sugarcane,Kharif,Clay,Jun,Sep,Irrigated,7.7,301.3,26.3,68.2,176.4,98.0,147.4
Sugarcane,Kharif,Clay,Jul,Oct,Irrigated,7.3,320.8,26.5,75.1,179.0,82.1,143.2
Sugarcane,Kharif,Loamy,Jun,Sep,Irrigated,7.9,320.9,26.2,79.5,159.1,83.6,126.1
Sugarcane,Kharif,Loamy,Jul,Oct,Irrigated,6.6,317.1,26.2,67.4,159.4,97.0,137.3
Sugarcane,Kharif,Clay,Jun,Sep,Irrigated,6.6,304.1,23.7,70.6,153.2,80.0,125.7
Sugarcane,Kharif,Clay,Jul,Oct,Irrigated,6.5,303.8,23.1,68.7,159.9,67.1,130.6
Sugarcane,Kharif,Loamy,Jun,Sep,Irrigated,7.6,300.0,22.2,65.0,160.6,71.1,122.0
Sugarcane,Kharif,Loamy,Jul,Oct,Irrigated,7.6,301.4,21.4,67.4,152.8,78.8,120.3
Sugarcane,Kharif,Clay,Jun,Sep,Irrigated,7.3,325.7,21.5,71.2,154.0,85.6,138.2
Sugarcane,Kharif,Clay,Jul,Oct,Irrigated,7.1,310.0,23.5,79.7,194.2,80.3,138.5
Sugarcane,Kharif,Loamy,Jun,Sep,Irrigated,8.0,301.9,21.2,77.3,154.7,66.0,134.9
Sugarcane,Kharif,Loamy,Jul,Oct,Irrigated,6.8,316.5,25.2,70.1,195.9,89.9,147.1
Sugarcane,Kharif,Clay,Jun,Sep,Irrigated,7.9,311.1,26.9,66.3,169.9,68.3,140.4
Sugarcane,Kharif,Clay,Jul,Oct,Irrigated,7.6,320.7,24.6,74.0,156.0,73.9,135.6
Sugarcane,Kharif,Loamy,Jun,Sep,Irrigated,7.6,316.0,23.3,67.1,153.2,88.9,148.3
Sugarcane,Kharif,Loamy,Jul,Oct,Irrigated,7.6,312.9,26.8,78.9,174.5,85.5,131.2
Sugarcane,Kharif,Clay,Jun,Sep,Irrigated,6.7,314.0,23.4,73.3,185.8,71.3,123.0
Sugarcane,Kharif,Clay,Jul,Oct,Irrigated,7.8,315.3,22.0,76.0,183.5,70.5,128.6
Sugarcane,Kharif,Loamy,Jun,Sep,Irrigated,7.5,305.8,22.7,75.6,195.5,69.7,128.2
Sugarcane,Kharif,Loamy,Jul,Oct,Irrigated,6.6,303.6,24.0,77.3,196.4,77.7,139.1
Sugarcane,Kharif,Clay,Jun,Sep,Irrigated,6.7,317.5,26.1,77.8,153.2,88.0,134.7
Sugarcane,Kharif,Clay,Jul,Oct,Irrigated,7.1,303.1,24.4,79.0,198.7,79.7,128.7
Sugarcane,Kharif,Loamy,Jun,Sep,Irrigated,7.9,329.6,25.7,69.0,194.6,88.2,149.0
Sugarcane,Kharif,Loamy,Jul,Oct,Irrigated,6.9,318.5,25.6,75.6,159.6,85.9,148.3
Sugarcane,Kharif,Clay,Jun,Sep,Irrigated,7.3,302.8,23.4,71.3,197.5,85.9,123.0
Sugarcane,Kharif,Clay,Jul,Oct,Irrigated,6.5,315.6,24.9,68.3,199.9,91.9,133.6
Sugarcane,Kharif,Loamy,Jun,Sep,Irrigated,7.9,320.7,25.6,76.4,164.2,64.0,140.2
Sugarcane,Kharif,Loamy,Jul,Oct,Irrigated,7.7,311.6,25.5,73.9,190.1,72.6,120.4
Sugarcane,Kharif,Clay,Jun,Sep,Irrigated,7.3,320.0,23.8,75.8,191.5,82.0,141.6
Sugarcane,Kharif,Clay,Jul,Oct,Irrigated,7.4,319.1,22.3,72.6,190.4,97.6,125.9
Sugarcane,Kharif,Loamy,Jun,Sep,Irrigated,7.0,300.3,24.7,73.2,188.3,71.4,133.5
Sugarcane,Kharif,Loamy,Jul,Oct,Irrigated,7.1,327.7,24.0,74.9,180.3,72.1,136.2
Sugarcane,Kharif,Clay,Jun,Sep,Irrigated,7.0,319.3,25.4,65.9,165.1,69.5,148.4
Sugarcane,Kharif,Clay,Jul,Oct,Irrigated,7.6,326.2,21.7,76.9,188.4,82.4,137.7
Sugarcane,Kharif,Loamy,Jun,Sep,Irrigated,7.1,330.0,26.6,72.0,181.2,89.6,146.4
Sugarcane,Kharif,Loamy,Jul,Oct,Irrigated,6.9,313.1,22.8,65.7,179.8,97.5,131.9
Sugarcane,Kharif,Clay,Jun,Sep,Irrigated,7.7,321.1,21.5,78.1,195.2,86.1,127.9
Sugarcane,Kharif,Clay,Jul,Oct,Irrigated,7.0,310.3,22.2,76.0,173.8,67.6,134.6
Sugarcane,Kharif,Loamy,Jun,Sep,Irrigated,7.6,326.1,24.7,66.3,156.7,73.8,142.6
Sugarcane,Kharif,Loamy,Jul,Oct,Irrigated,6.9,310.2,24.7,79.1,161.5,60.8,148.8
Sugarcane,Kharif,Clay,Jun,Sep,Irrigated,7.6,329.4,25.6,68.8,190.9,68.2,144.5
Sugarcane,Kharif,Clay,Jul,Oct,Irrigated,6.6,320.9,24.5,67.7,192.6,72.1,133.6
Sugarcane,Kharif,Loamy,Jun,Sep,Irrigated,6.9,300.2,24.6,75.0,169.8,81.1,140.0
Sugarcane,Kharif,Loamy,Jul,Oct,Irrigated,7.7,315.7,23.6,71.9,198.2,95.1,120.2
Sugarcane,Kharif,Clay,Jun,Sep,Irrigated,6.8,323.4,26.7,67.6,169.0,96.7,146.5
Sugarcane,Kharif,Clay,Jul,Oct,Irrigated,6.6,320.4,23.9,78.0,191.5,95.0,131.7
Sugarcane,Kharif,Loamy,Jun,Sep,Irrigated,7.2,301.9,22.7,65.8,165.2,97.1,146.0
Sugarcane,Kharif,Loamy,Jul,Oct,Irrigated,7.9,329.3,25.8,67.7,191.3,78.7,138.3
Sugarcane,Kharif,Clay,Jun,Sep,Irrigated,6.5,310.9,25.5,67.3,161.9,72.6,142.7
Sugarcane,Kharif,Clay,Jul,Oct,Irrigated,7.7,327.4,25.4,68.6,174.6,60.8,130.1
Sugarcane,Kharif,Loamy,Jun,Sep,Irrigated,7.4,324.0,21.2,73.5,153.2,69.0,142.1
Sugarcane,Kharif,Loamy,Jul,Oct,Irrigated,7.2,324.4,24.1,74.2,160.8,62.8,146.9
Sugarcane,Kharif,Clay,Jun,Sep,Irrigated,6.6,303.0,24.0,76.7,180.0,85.9,149.5
Sugarcane,Kharif,Clay,Jul,Oct,Irrigated,8.0,309.0,23.6,67.5,151.7,62.4,124.1
Sugarcane,Kharif,Loamy,Jun,Sep,Irrigated,7.9,323.8,24.2,68.7,174.7,71.2,122.9
Sugarcane,Kharif,Loamy,Jul,Oct,Irrigated,7.9,306.4,26.3,66.0,191.8,73.9,123.0
Sugarcane,Kharif,Clay,Jun,Sep,Irrigated,7.0,329.2,21.6,76.6,174.1,69.1,146.4
Sugarcane,Kharif,Clay,Jul,Oct,Irrigated,7.9,305.3,25.0,74.5,154.3,76.4,122.4
Sugarcane,Kharif,Loamy,Jun,Sep,Irrigated,7.3,312.4,22.8,75.1,154.1,78.1,137.9
Sugarcane,Kharif,Loamy,Jul,Oct,Irrigated,7.0,321.2,22.7,69.0,152.0,80.3,146.9
Sugarcane,Kharif,Clay,Jun,Sep,Irrigated,6.8,301.9,26.9,75.6,196.7,77.0,122.7
Sugarcane,Kharif,Clay,Jul,Oct,Irrigated,6.9,323.1,21.3,68.6,187.4,77.1,148.1
Sugarcane,Kharif,Loamy,Jun,Sep,Irrigated,6.6,327.7,21.4,65.7,160.9,94.6,129.9
Sugarcane,Kharif,Loamy,Jul,Oct,Irrigated,7.8,328.7,26.2,73.4,171.2,92.4,122.8
Sugarcane,Kharif,Clay,Jun,Sep,Irrigated,6.7,317.2,25.3,65.2,198.6,91.9,141.9
Sugarcane,Kharif,Clay,Jul,Oct,Irrigated,7.1,311.0,26.0,73.0,166.6,62.1,143.4
Sugarcane,Kharif,Loamy,Jun,Sep,Irrigated,7.8,327.4,22.2,79.0,164.2,89.4,133.5
Sugarcane,Kharif,Loamy,Jul,Oct,Irrigated,7.0,316.5,24.6,72.3,184.9,76.8,148.2
Sugarcane,Kharif,Clay,Jun,Sep,Irrigated,6.5,328.4,23.4,74.3,191.8,66.9,132.6
Sugarcane,Kharif,Clay,Jul,Oct,Irrigated,6.6,306.3,23.3,77.7,168.7,79.5,137.8
Sugarcane,Kharif,Loamy,Jun,Sep,Irrigated,6.8,322.1,22.2,69.1,164.7,99.4,126.4
Sugarcane,Kharif,Loamy,Jul,Oct,Irrigated,7.3,311.8,24.0,79.4,152.9,80.3,120.0
Sugarcane,Kharif,Clay,Jun,Sep,Irrigated,6.6,328.9,26.3,75.7,170.1,71.7,131.1
Sugarcane,Kharif,Clay,Jul,Oct,Irrigated,7.7,307.9,24.9,77.3,171.1,64.9,132.8
Sugarcane,Kharif,Loamy,Jun,Sep,Irrigated,7.8,301.3,23.5,72.9,176.6,62.8,125.7
Sugarcane,Kharif,Loamy,Jul,Oct,Irrigated,6.5,320.4,24.5,77.7,158.2,61.5,131.0
Sugarcane,Kharif,Clay,Jun,Sep,Irrigated,7.1,320.6,25.3,75.6,180.5,93.7,130.5
Sugarcane,Kharif,Clay,Jul,Oct,Irrigated,7.8,300.8,26.5,74.9,192.2,89.3,146.6
Sugarcane,Kharif,Loamy,Jun,Sep,Irrigated,7.8,300.5,26.8,70.7,161.5,70.4,137.6
Sugarcane,Kharif,Loamy,Jul,Oct,Irrigated,6.8,308.1,21.8,73.4,177.0,86.6,126.7
Sugarcane,Kharif,Clay,Jun,Sep,Irrigated,8.0,313.7,23.1,74.6,191.3,76.3,121.0
Sugarcane,Kharif,Clay,Jul,Oct,Irrigated,6.7,327.2,25.2,74.4,160.5,67.6,129.7
Sugarcane,Kharif,Loamy,Jun,Sep,Irrigated,6.9,302.0,24.2,76.4,174.8,68.6,144.9
Sugarcane,Kharif,Loamy,Jul,Oct,Irrigated,7.7,310.7,23.1,65.6,178.0,74.7,129.7
Sugarcane,Kharif,Clay,Jun,Sep,Irrigated,7.4,312.0,21.8,66.9,177.3,65.1,137.2
Sugarcane,Kharif,Clay,Jul,Oct,Irrigated,7.2,302.7,24.9,65.4,170.0,63.7,134.0
Sugarcane,Kharif,Loamy,Jun,Sep,Irrigated,7.9,324.1,23.4,70.2,199.8,86.0,121.5
Sugarcane,Kharif,Loamy,Jul,Oct,Irrigated,7.8,302.0,23.2,72.4,177.6,92.5,120.7
Sugarcane,Kharif,Clay,Jun,Sep,Irrigated,7.4,320.9,26.2,72.8,156.3,91.6,139.2
Sugarcane,Kharif,Clay,Jul,Oct,Irrigated,6.8,324.6,21.1,74.5,166.3,78.6,144.5
Sugarcane,Kharif,Loamy,Jun,Sep,Irrigated,7.1,310.8,24.0,69.0,196.3,94.7,143.7
Sugarcane,Kharif,Loamy,Jul,Oct,Irrigated,6.6,304.0,23.7,79.9,198.8,84.5,134.0
Sugarcane,Kharif,Clay,Jun,Sep,Irrigated,8.0,324.0,22.5,72.1,193.5,84.5,140.4
Sugarcane,Kharif,Clay,Jul,Oct,Irrigated,7.7,320.4,23.1,76.1,151.2,99.6,139.8
Sugarcane,Kharif,Loamy,Jun,Sep,Irrigated,7.6,328.0,25.0,72.4,172.0,73.8,132.6
Sugarcane,Kharif,Loamy,Jul,Oct,Irrigated,6.8,320.8,25.6,69.9,191.4,62.6,122.1
Sugarcane,Kharif,Clay,Jun,Sep,Irrigated,7.4,323.9,21.7,76.9,178.9,97.1,125.4
Sugarcane,Kharif,Clay,Jul,Oct,Irrigated,6.8,323.9,26.4,76.7,191.3,91.0,121.2
Sugarcane,Kharif,Loamy,Jun,Sep,Irrigated,7.4,310.9,25.4,66.5,170.6,63.6,137.7
Sugarcane,Kharif,Loamy,Jul,Oct,Irrigated,7.3,315.6,23.2,72.8,184.3,91.6,127.3
Sugarcane,Kharif,Clay,Jun,Sep,Irrigated,7.9,314.1,22.4,74.2,183.1,71.1,139.0
Sugarcane,Kharif,Clay,Jul,Oct,Irrigated,7.1,306.8,26.4,69.7,157.6,68.5,132.5
Sugarcane,Kharif,Loamy,Jun,Sep,Irrigated,7.3,328.6,25.0,66.4,199.1,94.7,124.5
Sugarcane,Kharif,Loamy,Jul,Oct,Irrigated,6.5,314.1,23.4,65.9,167.3,84.0,137.7
Sugarcane,Kharif,Clay,Jun,Sep,Irrigated,6.8,318.3,25.1,75.3,174.3,96.7,131.9
Sugarcane,Kharif,Clay,Jul,Oct,Irrigated,7.8,305.9,25.1,74.3,185.4,84.1,126.9
Sugarcane,Kharif,Loamy,Jun,Sep,Irrigated,7.3,319.8,25.4,70.0,184.3,76.4,144.3
Sugarcane,Kharif,Loamy,Jul,Oct,Irrigated,6.8,303.2,21.8,79.2,155.4,90.2,146.8
Sugarcane,Kharif,Clay,Jun,Sep,Irrigated,8.0,306.8,26.3,69.6,198.1,92.9,122.5
Sugarcane,Kharif,Clay,Jul,Oct,Irrigated,7.4,325.4,23.6,75.1,193.0,87.2,137.2
Sugarcane,Kharif,Loamy,Jun,Sep,Irrigated,7.5,314.4,21.9,74.2,176.6,62.5,123.4
Sugarcane,Kharif,Loamy,Jul,Oct,Irrigated,6.8,314.3,26.5,75.2,176.2,85.3,143.6
Sugarcane,Kharif,Clay,Jun,Sep,Irrigated,6.7,313.0,25.4,71.9,167.8,63.6,126.2
Sugarcane,Kharif,Clay,Jul,Oct,Irrigated,7.6,317.8,24.7,71.1,180.2,98.4,140.6
Sugarcane,Kharif,Loamy,Jun,Sep,Irrigated,7.2,310.9,21.3,78.1,154.7,68.9,147.6
Sugarcane,Kharif,Loamy,Jul,Oct,Irrigated,6.8,300.2,25.6,67.6,157.9,72.4,132.0
Sugarcane,Kharif,Clay,Jun,Sep,Irrigated,7.1,307.6,26.4,71.9,199.3,99.9,141.3
Sugarcane,Kharif,Clay,Jul,Oct,Irrigated,7.9,322.2,25.8,76.0,170.9,72.7,127.0
Sugarcane,Kharif,Loamy,Jun,Sep,Irrigated,7.0,322.2,23.6,77.6,160.5,84.8,124.2
Sugarcane,Kharif,Loamy,Jul,Oct,Irrigated,6.9,313.8,22.2,69.0,169.8,65.7,129.8
Sugarcane,Kharif,Clay,Jun,Sep,Irrigated,6.8,313.6,21.3,72.2,187.0,70.3,125.2
Sugarcane,Kharif,Clay,Jul,Oct,Irrigated,7.2,327.5,21.9,65.3,160.6,84.4,121.4
Sugarcane,Kharif,Loamy,Jun,Sep,Irrigated,7.3,325.7,26.4,72.7,198.2,72.3,131.9
Sugarcane,Kharif,Loamy,Jul,Oct,Irrigated,7.3,305.8,21.1,65.2,190.7,80.7,124.0
Sugarcane,Kharif,Clay,Jun,Sep,Irrigated,7.5,302.9,23.7,72.9,155.5,75.5,124.6
Sugarcane,Kharif,Clay,Jul,Oct,Irrigated,7.3,300.5,23.3,76.7,191.1,78.4,120.2
Sugarcane,Kharif,Loamy,Jun,Sep,Irrigated,7.6,322.9,24.6,73.5,158.2,96.3,123.5
Sugarcane,Kharif,Loamy,Jul,Oct,Irrigated,6.5,320.9,25.1,68.6,157.7,73.0,125.0
Sugarcane,Kharif,Clay,Jun,Sep,Irrigated,7.2,327.8,26.2,75.5,161.8,82.7,145.8
Sugarcane,Kharif,Clay,Jul,Oct,Irrigated,6.6,314.5,25.6,72.0,178.2,75.0,130.0
Sugarcane,Kharif,Loamy,Jun,Sep,Irrigated,7.8,301.9,26.8,73.9,150.4,71.9,131.9
Sugarcane,Kharif,Loamy,Jul,Oct,Irrigated,7.9,314.4,23.1,69.9,189.3,64.8,139.3
Sugarcane,Kharif,Clay,Jun,Sep,Irrigated,8.0,317.0,25.3,75.6,188.5,69.8,147.9
Sugarcane,Kharif,Clay,Jul,Oct,Irrigated,7.7,309.9,24.2,73.9,160.2,97.7,134.8
Sugarcane,Kharif,Loamy,Jun,Sep,Irrigated,6.9,311.1,25.7,68.7,198.5,60.7,120.9
Sugarcane,Kharif,Loamy,Jul,Oct,Irrigated,7.1,329.6,21.4,79.6,198.1,87.5,149.2
Sugarcane,Kharif,Clay,Jun,Sep,Irrigated,7.2,316.7,24.0,74.4,168.7,90.7,121.0
Sugarcane,Kharif,Clay,Jul,Oct,Irrigated,7.5,320.9,24.0,79.9,183.0,73.2,145.0
Sugarcane,Kharif,Loamy,Jun,Sep,Irrigated,7.4,308.7,24.0,70.6,196.2,79.0,125.3
Sugarcane,Kharif,Loamy,Jul,Oct,Irrigated,7.1,311.4,24.6,68.6,177.5,60.2,126.6
Sugarcane,Kharif,Clay,Jun,Sep,Irrigated,7.0,326.6,23.8,71.7,155.1,67.7,139.9
Sugarcane,Kharif,Clay,Jul,Oct,Irrigated,7.1,315.1,24.1,72.5,164.6,72.2,145.6
Sugarcane,Kharif,Loamy,Jun,Sep,Irrigated,7.4,300.1,21.6,66.0,184.4,91.3,140.9
Sugarcane,Kharif,Loamy,Jul,Oct,Irrigated,7.3,313.9,24.6,69.1,197.3,71.8,137.1
Sugarcane,Kharif,Clay,Jun,Sep,Irrigated,6.9,304.3,24.1,76.5,196.8,80.2,129.2
Sugarcane,Kharif,Clay,Jul,Oct,Irrigated,7.2,311.0,25.4,69.8,180.4,61.8,133.0
Sugarcane,Kharif,Loamy,Jun,Sep,Irrigated,6.7,303.2,22.5,66.3,181.4,78.9,139.0
Sugarcane,Kharif,Loamy,Jul,Oct,Irrigated,7.5,301.4,24.4,79.3,198.4,78.6,124.8
Sugarcane,Kharif,Clay,Jun,Sep,Irrigated,6.6,305.5,25.5,68.9,187.2,98.8,148.9
Sugarcane,Kharif,Clay,Jul,Oct,Irrigated,6.5,320.9,22.0,67.9,164.5,86.4,142.6
Sugarcane,Kharif,Loamy,Jun,Sep,Irrigated,6.6,322.8,22.1,70.2,187.2,64.0,126.0
Sugarcane,Kharif,Loamy,Jul,Oct,Irrigated,6.9,325.4,23.3,71.0,192.6,60.6,147.8
Sugarcane,Kharif,Clay,Jun,Sep,Irrigated,7.8,315.6,21.2,75.8,197.1,81.2,147.0
Sugarcane,Kharif,Clay,Jul,Oct,Irrigated,7.8,319.2,21.2,69.2,189.9,87.4,129.7
Sugarcane,Kharif,Loamy,Jun,Sep,Irrigated,7.9,311.1,23.6,66.5,171.2,96.7,149.8
Sugarcane,Kharif,Loamy,Jul,Oct,Irrigated,7.9,317.1,25.3,73.0,180.1,62.7,131.0
Sugarcane,Kharif,Clay,Jun,Sep,Irrigated,7.2,307.8,24.1,73.9,167.0,79.8,143.0
Sugarcane,Kharif,Clay,Jul,Oct,Irrigated,7.3,328.0,26.8,68.4,169.6,96.5,135.8
Sugarcane,Kharif,Loamy,Jun,Sep,Irrigated,7.0,326.9,26.4,79.5,194.0,75.9,144.1
Sugarcane,Kharif,Loamy,Jul,Oct,Irrigated,6.8,309.2,21.6,79.5,168.0,93.5,141.9
Sugarcane,Kharif,Clay,Jun,Sep,Irrigated,7.7,305.2,25.1,77.8,175.3,87.6,140.7
Sugarcane,Kharif,Clay,Jul,Oct,Irrigated,6.9,320.7,21.6,77.5,175.1,67.0,143.2
Sugarcane,Kharif,Loamy,Jun,Sep,Irrigated,6.8,325.3,26.5,78.3,198.4,60.9,148.4
Sugarcane,Kharif,Loamy,Jul,Oct,Irrigated,7.8,315.4,23.1,67.5,192.6,64.3,135.7
Sugarcane,Kharif,Clay,Jun,Sep,Irrigated,7.7,302.3,26.6,75.1,193.0,62.8,143.4
Sugarcane,Kharif,Clay,Jul,Oct,Irrigated,6.6,322.1,24.5,68.8,195.1,85.2,126.8
Sugarcane,Kharif,Loamy,Jun,Sep,Irrigated,8.0,324.8,26.5,71.5,161.0,80.8,130.4
Sugarcane,Kharif,Loamy,Jul,Oct,Irrigated,7.4,308.1,26.0,76.1,199.7,63.5,121.3
Sugarcane,Kharif,Clay,Jun,Sep,Irrigated,7.9,327.3,23.8,78.6,163.0,84.3,138.8
Sugarcane,Kharif,Clay,Jul,Oct,Irrigated,7.2,318.3,22.8,79.7,177.2,84.9,145.8
Sugarcane,Kharif,Loamy,Jun,Sep,Irrigated,7.3,303.8,21.6,73.7,157.5,99.2,124.4
Sugarcane,Kharif,Loamy,Jul,Oct,Irrigated,7.5,323.5,26.4,79.9,155.8,72.5,145.5
Sugarcane,Kharif,Clay,Jun,Sep,Irrigated,7.1,323.5,26.3,66.6,171.7,66.8,143.1
Sugarcane,Kharif,Clay,Jul,Oct,Irrigated,7.5,307.7,25.8,74.0,171.6,99.4,123.5
Sugarcane,Kharif,Loamy,Jun,Sep,Irrigated,7.4,318.6,26.0,66.3,193.5,81.2,127.7
Sugarcane,Kharif,Loamy,Jul,Oct,Irrigated,7.7,319.3,26.9,79.0,187.8,87.9,138.3
Sugarcane,Kharif,Clay,Jun,Sep,Irrigated,7.8,306.5,21.2,78.5,165.1,67.6,141.9
Sugarcane,Kharif,Clay,Jul,Oct,Irrigated,7.8,316.8,25.2,78.3,150.0,98.9,134.5
Sugarcane,Kharif,Loamy,Jun,Sep,Irrigated,7.5,318.9,25.1,66.2,160.8,83.2,145.3
Sugarcane,Kharif,Loamy,Jul,Oct,Irrigated,8.0,320.8,26.7,71.6,162.9,99.4,123.2
Sugarcane,Kharif,Clay,Jun,Sep,Irrigated,6.5,314.9,24.4,73.8,156.5,87.9,140.8
Sugarcane,Kharif,Clay,Jul,Oct,Irrigated,7.8,327.6,26.5,71.0,168.3,61.6,144.0
Sugarcane,Kharif,Loamy,Jun,Sep,Irrigated,6.7,306.0,23.6,70.9,165.4,80.2,122.6
Sugarcane,Kharif,Loamy,Jul,Oct,Irrigated,6.8,316.4,21.4,79.9,193.1,89.3,123.0
Sugarcane,Kharif,Clay,Jun,Sep,Irrigated,7.4,303.7,25.7,79.8,162.8,89.4,138.8
Sugarcane,Kharif,Clay,Jul,Oct,Irrigated,7.5,318.9,21.9,79.2,152.1,64.3,131.5
Sugarcane,Kharif,Loamy,Jun,Sep,Irrigated,6.5,310.3,21.2,71.7,176.5,93.1,137.7
Sugarcane,Kharif,Loamy,Jul,Oct,Irrigated,6.8,326.4,26.4,76.3,155.8,91.6,134.5
Sugarcane,Kharif,Clay,Jun,Sep,Irrigated,7.3,327.8,24.8,71.5,188.9,91.0,122.5
Sugarcane,Kharif,Clay,Jul,Oct,Irrigated,6.8,300.3,26.9,77.5,179.8,81.6,125.8
Sugarcane,Kharif,Loamy,Jun,Sep,Irrigated,7.0,311.5,21.4,71.1,187.3,97.8,134.9
Sugarcane,Kharif,Loamy,Jul,Oct,Irrigated,7.4,302.4,22.3,74.5,156.1,95.3,138.2
Sugarcane,Kharif,Clay,Jun,Sep,Irrigated,7.0,310.6,26.0,71.1,196.3,63.8,134.5
Sugarcane,Kharif,Clay,Jul,Oct,Irrigated,6.8,306.2,22.1,66.6,183.0,88.4,134.9
Sugarcane,Kharif,Loamy,Jun,Sep,Irrigated,7.4,313.0,25.8,72.7,163.4,98.7,144.6
Sugarcane,Kharif,Loamy,Jul,Oct,Irrigated,7.2,316.0,26.4,74.9,152.8,76.2,128.9
Sugarcane,Kharif,Clay,Jun,Sep,Irrigated,7.2,324.4,25.3,66.6,195.6,83.0,139.5
Sugarcane,Kharif,Clay,Jul,Oct,Irrigated,6.6,321.5,25.8,67.7,154.4,82.1,122.6
Sugarcane,Kharif,Loamy,Jun,Sep,Irrigated,7.1,310.2,23.5,74.6,154.6,99.7,142.2
Sugarcane,Kharif,Loamy,Jul,Oct,Irrigated,7.6,329.5,26.4,68.8,170.6,74.0,139.3
Sugarcane,Kharif,Clay,Jun,Sep,Irrigated,6.6,302.5,24.1,70.1,181.0,88.9,123.0
Sugarcane,Kharif,Clay,Jul,Oct,Irrigated,7.7,308.6,26.8,75.4,166.8,77.2,147.2
Sugarcane,Kharif,Loamy,Jun,Sep,Irrigated,6.9,312.7,23.0,73.6,199.9,76.2,134.8
Sugarcane,Kharif,Loamy,Jul,Oct,Irrigated,6.8,326.0,25.3,77.1,176.1,96.8,129.9
Sugarcane,Kharif,Clay,Jun,Sep,Irrigated,7.8,318.8,26.2,72.6,167.5,98.0,141.7
Sugarcane,Kharif,Clay,Jul,Oct,Irrigated,7.1,300.6,21.8,77.4,178.2,70.3,128.1
Sugarcane,Kharif,Loamy,Jun,Sep,Irrigated,7.9,326.0,22.7,77.4,196.2,62.7,122.3
Sugarcane,Kharif,Loamy,Jul,Oct,Irrigated,7.7,326.3,25.2,68.2,172.1,77.0,124.8
Sugarcane,Kharif,Clay,Jun,Sep,Irrigated,7.9,302.5,23.6,72.3,162.5,84.0,138.9
Sugarcane,Kharif,Clay,Jul,Oct,Irrigated,7.3,315.0,25.6,78.8,191.8,73.6,146.5
Sugarcane,Kharif,Loamy,Jun,Sep,Irrigated,7.0,329.0,25.3,77.6,162.3,88.1,148.8
Sugarcane,Kharif,Loamy,Jul,Oct,Irrigated,7.3,324.7,21.3,78.7,165.5,79.2,136.6
Sugarcane,Kharif,Clay,Jun,Sep,Irrigated,6.6,326.3,21.0,68.4,177.5,63.8,137.4
Sugarcane,Kharif,Clay,Jul,Oct,Irrigated,7.4,311.2,24.2,71.0,184.1,94.9,134.5
Sugarcane,Kharif,Loamy,Jun,Sep,Irrigated,7.1,314.0,23.4,74.8,152.8,86.3,149.4
Sugarcane,Kharif,Loamy,Jul,Oct,Irrigated,7.1,320.5,21.3,65.3,181.8,98.5,127.7
Sugarcane,Kharif,Clay,Jun,Sep,Irrigated,8.0,315.7,23.9,68.1,153.0,81.0,140.8
Sugarcane,Kharif,Clay,Jul,Oct,Irrigated,7.3,308.7,22.8,74.3,167.0,70.6,132.3
Sugarcane,Kharif,Loamy,Jun,Sep,Irrigated,7.1,303.2,26.3,79.2,190.7,75.9,129.0
Sugarcane,Kharif,Loamy,Jul,Oct,Irrigated,7.2,328.3,21.4,74.1,177.5,89.8,148.0
Sugarcane,Kharif,Clay,Jun,Sep,Irrigated,7.1,314.9,25.0,66.7,187.6,62.4,127.2
Sugarcane,Kharif,Clay,Jul,Oct,Irrigated,7.9,306.0,26.0,72.4,167.6,90.8,145.9
Sugarcane,Kharif,Loamy,Jun,Sep,Irrigated,7.3,329.8,26.7,72.0,178.4,73.6,134.2
Sugarcane,Kharif,Loamy,Jul,Oct,Irrigated,7.6,300.6,23.2,77.7,150.4,90.3,129.0
Sugarcane,Kharif,Clay,Jun,Sep,Irrigated,7.4,308.8,26.9,71.9,172.6,92.0,134.9
Sugarcane,Kharif,Clay,Jul,Oct,Irrigated,6.5,321.0,27.0,79.2,159.4,87.3,133.8
Sugarcane,Kharif,Loamy,Jun,Sep,Irrigated,7.6,326.8,22.9,68.5,165.0,87.5,125.6
Sugarcane,Kharif,Loamy,Jul,Oct,Irrigated,7.7,317.6,25.3,67.6,150.1,83.1,139.6
Sugarcane,Kharif,Clay,Jun,Sep,Irrigated,7.4,321.9,23.6,73.2,189.6,97.2,137.1
Sugarcane,Kharif,Clay,Jul,Oct,Irrigated,7.9,305.0,26.5,67.5,198.6,87.4,149.9
Sugarcane,Kharif,Loamy,Jun,Sep,Irrigated,6.9,320.5,26.6,76.4,188.9,82.9,143.7
Sugarcane,Kharif,Loamy,Jul,Oct,Irrigated,7.8,302.9,21.9,67.8,194.7,71.2,128.9
Sugarcane,Kharif,Clay,Jun,Sep,Irrigated,7.3,301.5,22.7,75.2,168.9,64.5,143.3
Sugarcane,Kharif,Clay,Jul,Oct,Irrigated,7.3,329.8,24.3,76.0,167.2,76.7,146.7
Sugarcane,Kharif,Loamy,Jun,Sep,Irrigated,6.5,323.5,23.8,65.7,174.4,60.6,130.0
Sugarcane,Kharif,Loamy,Jul,Oct,Irrigated,6.8,322.2,25.1,75.4,168.0,78.5,125.3
Sugarcane,Kharif,Clay,Jun,Sep,Irrigated,7.6,323.9,26.0,76.7,198.3,91.2,146.8
Sugarcane,Kharif,Clay,Jul,Oct,Irrigated,6.9,327.3,24.8,65.0,172.2,78.7,128.8
Sugarcane,Kharif,Loamy,Jun,Sep,Irrigated,7.1,324.9,21.4,75.6,164.0,99.0,140.8
Sugarcane,Kharif,Loamy,Jul,Oct,Irrigated,6.7,311.6,25.9,67.6,177.8,92.5,126.8
Sugarcane,Kharif,Clay,Jun,Sep,Irrigated,7.9,312.9,25.4,72.4,152.9,67.1,120.5
Sugarcane,Kharif,Clay,Jul,Oct,Irrigated,7.7,306.9,22.5,75.8,160.1,94.2,131.2
Sugarcane,Kharif,Loamy,Jun,Sep,Irrigated,6.6,315.0,22.6,75.1,165.5,63.5,148.5
Sugarcane,Kharif,Loamy,Jul,Oct,Irrigated,6.7,317.9,22.2,71.4,177.1,63.0,132.4
Sugarcane,Kharif,Clay,Jun,Sep,Irrigated,8.0,310.7,21.9,73.1,150.3,97.5,123.6
Sugarcane,Kharif,Clay,Jul,Oct,Irrigated,7.2,304.8,26.8,74.3,156.6,84.1,146.0
Sugarcane,Kharif,Loamy,Jun,Sep,Irrigated,6.8,304.5,26.1,66.0,164.4,99.9,149.5
Sugarcane,Kharif,Loamy,Jul,Oct,Irrigated,7.4,304.2,25.3,69.1,194.0,77.5,145.9
Sugarcane,Kharif,Clay,Jun,Sep,Irrigated,7.3,302.2,24.1,79.5,188.8,85.4,126.0
Sugarcane,Kharif,Clay,Jul,Oct,Irrigated,7.1,323.3,23.2,71.0,153.7,68.7,147.2
Sugarcane,Kharif,Loamy,Jun,Sep,Irrigated,6.6,330.0,24.3,77.5,160.4,94.7,138.4
Sugarcane,Kharif,Loamy,Jul,Oct,Irrigated,7.3,329.5,23.7,77.5,165.3,95.3,123.5
Sugarcane,Kharif,Clay,Jun,Sep,Irrigated,7.3,311.9,25.4,74.9,164.3,86.5,146.2
Sugarcane,Kharif,Clay,Jul,Oct,Irrigated,7.9,313.4,22.2,76.3,157.1,86.4,139.9
Sugarcane,Kharif,Loamy,Jun,Sep,Irrigated,6.5,316.6,26.2,74.3,194.3,78.4,128.9
Sugarcane,Kharif,Loamy,Jul,Oct,Irrigated,7.2,308.5,22.6,75.5,161.1,96.4,121.6
Tomato,Zaid,Loamy,Mar,Mar,Irrigated,7.4,91.4,20.1,81.6,149.4,62.1,96.9
Tomato,Zaid,Loamy,Apr,Apr,Rainfed,7.0,108.9,24.6,77.7,104.3,41.7,101.7
Tomato,Zaid,Loamy,May,May,Irrigated,7.0,112.8,25.7,77.8,104.4,60.6,107.1
Tomato,Zaid,Loamy,Jun,Jun,Rainfed,6.7,119.9,29.0,84.8,127.2,60.5,95.0
Tomato,Zaid,Loamy,Jul,Jul,Irrigated,6.5,113.5,21.1,75.5,141.7,71.5,96.7
Tomato,Zaid,Loamy,Mar,Mar,Rainfed,6.8,92.2,28.4,84.7,138.3,59.1,116.4
Tomato,Zaid,Loamy,Apr,Apr,Irrigated,6.8,129.8,24.5,76.1,128.3,45.3,111.2
Tomato,Zaid,Loamy,May,May,Rainfed,7.4,119.4,21.2,81.1,105.7,76.2,82.2
Tomato,Zaid,Loamy,Jun,Jun,Irrigated,7.3,119.1,22.7,79.4,108.5,52.3,81.9
Tomato,Zaid,Loamy,Jul,Jul,Rainfed,6.5,129.5,24.7,76.3,146.7,40.6,89.1
Tomato,Zaid,Loamy,Mar,Mar,Irrigated,7.0,113.6,18.8,76.5,116.0,68.7,111.6
Tomato,Zaid,Loamy,Apr,Apr,Rainfed,6.5,102.9,24.9,76.9,102.8,79.1,85.7
Tomato,Zaid,Loamy,May,May,Irrigated,7.1,102.9,29.9,79.6,127.1,43.4,99.7
Tomato,Zaid,Loamy,Jun,Jun,Rainfed,6.8,113.9,18.7,77.2,118.1,74.4,103.5
Tomato,Zaid,Loamy,Jul,Jul,Irrigated,6.7,125.5,22.7,81.5,114.6,47.8,84.5
Tomato,Zaid,Loamy,Mar,Mar,Rainfed,6.7,106.2,29.5,78.5,114.7,68.2,86.1
Tomato,Zaid,Loamy,Apr,Apr,Irrigated,7.1,124.8,25.3,77.6,121.6,54.4,113.3
Tomato,Zaid,Loamy,May,May,Rainfed,7.5,130.8,22.0,77.2,110.8,54.7,114.4
Tomato,Zaid,Loamy,Jun,Jun,Irrigated,6.7,116.0,23.8,84.8,130.5,71.6,92.5
Tomato,Zaid,Loamy,Jul,Jul,Rainfed,7.4,95.1,27.5,82.0,115.2,61.6,98.9
Tomato,Zaid,Loamy,Mar,Mar,Irrigated,7.2,115.9,22.8,82.7,148.8,44.1,81.0
Tomato,Zaid,Loamy,Apr,Apr,Rainfed,6.7,117.7,23.2,77.6,130.7,76.1,92.5
Tomato,Zaid,Loamy,May,May,Irrigated,7.1,120.6,21.4,76.9,125.0,64.6,105.9
Tomato,Zaid,Loamy,Jun,Jun,Rainfed,7.0,133.2,25.3,79.3,126.0,59.0,97.2
Tomato,Zaid,Loamy,Jul,Jul,Irrigated,7.4,132.8,18.7,84.4,108.4,67.5,93.0
Tomato,Zaid,Loamy,Mar,Mar,Rainfed,6.9,132.0,26.1,79.2,143.5,47.3,105.7
Tomato,Zaid,Loamy,Apr,Apr,Irrigated,7.3,126.1,19.5,76.4,117.4,73.2,80.8
Tomato,Zaid,Loamy,May,May,Rainfed,7.0,115.6,27.4,81.8,113.7,53.2,119.7
Tomato,Zaid,Loamy,Jun,Jun,Irrigated,7.2,111.4,21.4,79.0,126.0,79.9,104.9
Tomato,Zaid,Loamy,Jul,Jul,Rainfed,6.9,115.8,26.6,78.9,131.9,62.4,118.8
Tomato,Zaid,Loamy,Mar,Mar,Irrigated,7.5,118.0,21.9,79.1,139.9,72.1,101.8
Tomato,Zaid,Loamy,Apr,Apr,Rainfed,7.4,133.9,24.6,75.0,111.2,76.6,100.2
Tomato,Zaid,Loamy,May,May,Irrigated,7.1,107.8,18.3,79.2,145.9,45.4,105.3
Tomato,Zaid,Loamy,Jun,Jun,Rainfed,6.7,104.5,21.5,80.0,133.0,59.6,105.7
Tomato,Zaid,Loamy,Jul,Jul,Irrigated,7.3,110.9,21.0,81.5,118.5,53.9,105.3
Tomato,Zaid,Loamy,Mar,Mar,Rainfed,7.1,126.9,26.1,83.4,119.4,71.8,91.8
Tomato,Zaid,Loamy,Apr,Apr,Irrigated,7.4,103.9,20.0,79.6,144.9,56.5,99.2
Tomato,Zaid,Loamy,May,May,Rainfed,7.0,115.5,25.3,79.5,117.5,42.2,82.7
Tomato,Zaid,Loamy,Jun,Jun,Irrigated,6.5,128.0,18.9,77.5,129.0,70.7,104.0
Tomato,Zaid,Loamy,Jul,Jul,Rainfed,7.1,124.8,22.9,80.2,135.8,52.0,106.9
Tomato,Zaid,Loamy,Mar,Mar,Irrigated,6.7,125.6,27.9,79.0,111.5,59.5,118.6
Tomato,Zaid,Loamy,Apr,Apr,Rainfed,6.5,94.2,25.3,81.5,133.8,52.3,98.5
Tomato,Zaid,Loamy,May,May,Irrigated,6.8,124.0,22.3,85.0,133.8,47.9,119.4
Tomato,Zaid,Loamy,Jun,Jun,Rainfed,7.3,128.6,21.5,83.3,128.3,77.9,109.1
Tomato,Zaid,Loamy,Jul,Jul,Irrigated,7.4,112.1,22.7,82.4,116.2,71.0,80.2
Tomato,Zaid,Loamy,Mar,Mar,Rainfed,7.1,119.4,29.9,78.3,140.8,58.3,118.0
Tomato,Zaid,Loamy,Apr,Apr,Irrigated,7.0,105.9,22.5,82.5,146.5,61.5,101.9
Tomato,Zaid,Loamy,May,May,Rainfed,6.8,126.2,18.3,79.8,119.9,45.5,105.4
Tomato,Zaid,Loamy,Jun,Jun,Irrigated,6.8,112.8,22.3,78.9,108.1,71.3,95.6
Tomato,Zaid,Loamy,Jul,Jul,Rainfed,6.7,99.9,25.3,75.7,143.2,51.5,108.0
Tomato,Zaid,Loamy,Mar,Mar,Irrigated,6.9,134.7,21.4,75.5,100.1,77.0,107.3
Tomato,Zaid,Loamy,Apr,Apr,Rainfed,7.0,101.9,25.9,80.0,120.6,70.1,80.9
Tomato,Zaid,Loamy,May,May,Irrigated,6.7,125.3,28.5,77.8,126.2,68.6,108.5
Tomato,Zaid,Loamy,Jun,Jun,Rainfed,7.2,119.8,26.3,82.8,147.4,68.6,116.6
Tomato,Zaid,Loamy,Jul,Jul,Irrigated,6.7,110.8,22.2,77.5,101.1,68.2,109.4
Tomato,Zaid,Loamy,Mar,Mar,Rainfed,7.2,123.1,27.0,79.6,120.4,65.8,108.3
Tomato,Zaid,Loamy,Apr,Apr,Irrigated,7.1,116.6,26.5,79.3,131.2,41.9,98.6
Tomato,Zaid,Loamy,May,May,Rainfed,7.3,100.6,22.8,78.9,108.5,51.9,97.5
Tomato,Zaid,Loamy,Jun,Jun,Irrigated,7.0,108.1,24.4,78.6,139.5,44.2,110.5
Tomato,Zaid,Loamy,Jul,Jul,Rainfed,7.5,109.0,30.0,83.9,114.4,71.3,106.4
Tomato,Zaid,Loamy,Mar,Mar,Irrigated,6.8,102.6,20.9,82.1,116.4,60.6,98.4
Tomato,Zaid,Loamy,Apr,Apr,Rainfed,7.4,138.1,25.1,78.4,147.7,68.5,106.2
Tomato,Zaid,Loamy,May,May,Irrigated,7.0,137.6,27.0,77.5,103.9,49.9,82.4
Tomato,Zaid,Loamy,Jun,Jun,Rainfed,7.4,105.6,27.2,84.0,124.9,48.9,117.5
Tomato,Zaid,Loamy,Jul,Jul,Irrigated,6.7,122.2,20.8,81.8,105.0,67.1,85.2
Tomato,Zaid,Loamy,Mar,Mar,Rainfed,6.7,93.2,27.5,81.4,144.4,59.3,99.1
Tomato,Zaid,Loamy,Apr,Apr,Irrigated,7.2,124.6,21.9,83.7,135.9,44.4,113.8
Tomato,Zaid,Loamy,May,May,Rainfed,7.0,139.2,28.9,75.1,106.1,79.0,103.9
Tomato,Zaid,Loamy,Jun,Jun,Irrigated,7.0,102.9,18.4,77.6,106.0,45.2,111.7
Tomato,Zaid,Loamy,Jul,Jul,Rainfed,7.1,95.4,21.6,81.8,130.9,43.2,112.0
Tomato,Zaid,Loamy,Mar,Mar,Irrigated,6.9,121.6,26.4,82.8,111.7,65.0,96.5
Tomato,Zaid,Loamy,Apr,Apr,Rainfed,6.9,112.5,29.0,77.7,117.2,76.9,87.4
Tomato,Zaid,Loamy,May,May,Irrigated,6.5,91.8,23.0,79.2,134.6,48.9,104.3
Tomato,Zaid,Loamy,Jun,Jun,Rainfed,7.2,137.6,28.5,76.8,143.5,45.8,86.6
Tomato,Zaid,Loamy,Jul,Jul,Irrigated,6.7,120.2,18.8,82.5,133.5,56.5,85.6
Tomato,Zaid,Loamy,Mar,Mar,Rainfed,7.2,99.0,29.6,83.3,124.2,60.2,91.3
Tomato,Zaid,Loamy,Apr,Apr,Irrigated,7.4,114.3,18.9,84.9,106.2,48.4,92.0
Tomato,Zaid,Loamy,May,May,Rainfed,6.8,98.6,22.8,76.2,120.1,61.6,116.5
Tomato,Zaid,Loamy,Jun,Jun,Irrigated,6.9,136.3,23.4,76.2,131.6,51.6,84.8
Tomato,Zaid,Loamy,Jul,Jul,Rainfed,7.3,111.1,29.8,82.7,102.3,58.8,106.8
Tomato,Zaid,Loamy,Mar,Mar,Irrigated,7.1,98.6,21.6,83.5,143.0,53.5,98.5
Tomato,Zaid,Loamy,Apr,Apr,Rainfed,6.8,91.1,27.9,83.0,123.3,69.3,85.7
Tomato,Zaid,Loamy,May,May,Irrigated,6.8,92.4,25.1,79.3,146.7,48.1,104.0
Tomato,Zaid,Loamy,Jun,Jun,Rainfed,7.3,93.8,26.2,84.3,129.1,71.4,105.4
Tomato,Zaid,Loamy,Jul,Jul,Irrigated,7.1,101.0,21.6,79.3,131.7,49.0,96.5
Tomato,Zaid,Loamy,Mar,Mar,Rainfed,7.2,116.2,21.3,75.7,105.0,54.6,90.0
Tomato,Zaid,Loamy,Apr,Apr,Irrigated,7.2,123.3,26.7,84.0,123.6,54.8,82.4
Tomato,Zaid,Loamy,May,May,Rainfed,7.3,101.6,29.8,75.7,126.4,63.2,84.7
Tomato,Zaid,Loamy,Jun,Jun,Irrigated,6.7,98.9,27.2,80.6,134.9,51.1,102.2
Tomato,Zaid,Loamy,Jul,Jul,Rainfed,7.1,108.7,19.3,79.2,117.9,57.1,117.4
Tomato,Zaid,Loamy,Mar,Mar,Irrigated,6.6,112.6,21.3,81.5,137.8,67.9,85.8
Tomato,Zaid,Loamy,Apr,Apr,Rainfed,7.0,139.7,29.8,80.8,124.4,68.6,89.4
Tomato,Zaid,Loamy,May,May,Irrigated,6.6,121.5,28.6,79.2,112.5,44.2,104.8
Tomato,Zaid,Loamy,Jun,Jun,Rainfed,7.2,114.9,27.7,80.1,125.8,62.0,98.4
Tomato,Zaid,Loamy,Jul,Jul,Irrigated,6.8,106.2,28.2,79.5,137.8,50.2,104.3
Tomato,Zaid,Loamy,Mar,Mar,Rainfed,7.4,90.2,21.1,84.8,107.5,50.5,84.4
Tomato,Zaid,Loamy,Apr,Apr,Irrigated,7.0,97.3,22.4,81.4,102.7,70.3,105.8
Tomato,Zaid,Loamy,May,May,Rainfed,6.8,124.0,23.1,82.3,122.6,70.1,107.5
Tomato,Zaid,Loamy,Jun,Jun,Irrigated,6.6,129.5,20.9,75.9,125.4,67.3,90.1
Tomato,Zaid,Loamy,Jul,Jul,Rainfed,7.3,100.9,23.8,76.7,108.7,65.5,84.9
Tomato,Zaid,Loamy,Mar,Mar,Irrigated,7.1,92.4,22.3,78.2,147.0,47.2,113.6
Tomato,Zaid,Loamy,Apr,Apr,Rainfed,7.4,115.3,26.8,78.3,115.1,63.6,110.5
Tomato,Zaid,Loamy,May,May,Irrigated,6.6,94.1,26.7,75.3,109.2,66.2,100.2
Tomato,Zaid,Loamy,Jun,Jun,Rainfed,7.1,116.7,27.2,81.2,125.1,56.1,94.0
Tomato,Zaid,Loamy,Jul,Jul,Irrigated,7.3,119.1,18.2,79.6,119.3,62.4,81.5
Tomato,Zaid,Loamy,Mar,Mar,Rainfed,6.9,98.3,24.3,84.8,114.7,47.7,102.7
Tomato,Zaid,Loamy,Apr,Apr,Irrigated,6.5,94.2,22.9,82.1,137.9,69.8,104.4
Tomato,Zaid,Loamy,May,May,Rainfed,7.0,129.9,21.0,84.5,129.6,49.8,117.6
Tomato,Zaid,Loamy,Jun,Jun,Irrigated,7.4,107.0,26.2,83.4,105.3,42.2,90.4
Tomato,Zaid,Loamy,Jul,Jul,Rainfed,6.6,98.0,23.3,82.8,113.5,48.3,96.1
Tomato,Zaid,Loamy,Mar,Mar,Irrigated,6.5,92.8,20.0,76.8,100.2,74.7,81.3
Tomato,Zaid,Loamy,Apr,Apr,Rainfed,7.2,102.8,25.0,82.3,146.7,46.4,95.4
Tomato,Zaid,Loamy,May,May,Irrigated,7.4,96.9,27.3,82.5,143.8,74.6,91.0
Tomato,Zaid,Loamy,Jun,Jun,Rainfed,7.5,107.0,22.3,82.9,108.6,64.0,90.3
Tomato,Zaid,Loamy,Jul,Jul,Irrigated,6.9,99.7,20.0,81.2,102.0,57.9,84.3
Tomato,Zaid,Loamy,Mar,Mar,Rainfed,6.8,92.3,29.0,81.9,120.9,63.7,83.3
Tomato,Zaid,Loamy,Apr,Apr,Irrigated,7.1,138.1,18.8,79.5,144.6,47.1,116.0
Tomato,Zaid,Loamy,May,May,Rainfed,6.9,95.3,29.8,81.2,135.6,59.4,101.8
Tomato,Zaid,Loamy,Jun,Jun,Irrigated,7.0,128.1,18.2,84.9,127.9,71.8,116.5
Tomato,Zaid,Loamy,Jul,Jul,Rainfed,7.1,120.3,19.2,79.7,121.2,43.8,84.1
Tomato,Zaid,Loamy,Mar,Mar,Irrigated,7.0,127.2,27.1,79.3,115.7,41.0,94.9
Tomato,Zaid,Loamy,Apr,Apr,Rainfed,6.9,115.2,21.2,83.1,142.7,73.0,87.6
Tomato,Zaid,Loamy,May,May,Irrigated,7.0,107.6,28.5,84.3,147.2,64.5,88.1
Tomato,Zaid,Loamy,Jun,Jun,Rainfed,7.2,104.2,19.2,77.5,101.7,69.7,105.3
Tomato,Zaid,Loamy,Jul,Jul,Irrigated,6.9,114.2,25.8,80.6,149.9,43.2,98.2
Tomato,Zaid,Loamy,Mar,Mar,Rainfed,7.4,105.8,19.1,82.5,133.8,46.5,85.5
Tomato,Zaid,Loamy,Apr,Apr,Irrigated,6.7,111.9,23.9,84.0,130.1,59.3,92.3
Tomato,Zaid,Loamy,May,May,Rainfed,7.3,117.4,18.9,76.8,102.6,60.2,115.8
Tomato,Zaid,Loamy,Jun,Jun,Irrigated,6.7,108.2,22.4,79.1,139.5,48.4,117.0
Tomato,Zaid,Loamy,Jul,Jul,Rainfed,7.0,109.5,20.7,80.7,144.3,69.5,111.4
Tomato,Zaid,Loamy,Mar,Mar,Irrigated,7.1,110.6,20.6,77.8,147.6,60.4,108.1
Tomato,Zaid,Loamy,Apr,Apr,Rainfed,7.2,125.4,28.3,76.4,132.1,42.9,103.2
Tomato,Zaid,Loamy,May,May,Irrigated,6.7,129.7,26.0,81.6,140.3,44.2,80.2
Tomato,Zaid,Loamy,Jun,Jun,Rainfed,6.9,115.2,23.7,77.8,125.8,71.7,119.2
Tomato,Zaid,Loamy,Jul,Jul,Irrigated,6.8,101.3,27.5,84.6,123.8,62.3,117.3
Tomato,Zaid,Loamy,Mar,Mar,Rainfed,6.8,121.5,23.6,82.9,141.4,45.2,111.5
Tomato,Zaid,Loamy,Apr,Apr,Irrigated,6.7,122.1,18.6,82.3,100.9,49.7,82.2
Tomato,Zaid,Loamy,May,May,Rainfed,6.9,130.4,24.9,76.3,108.0,69.3,112.5
Tomato,Zaid,Loamy,Jun,Jun,Irrigated,7.2,120.3,24.9,84.6,108.1,74.8,119.3
Tomato,Zaid,Loamy,Jul,Jul,Rainfed,7.5,119.4,19.8,79.1,132.4,46.6,105.7
Tomato,Zaid,Loamy,Mar,Mar,Irrigated,7.1,101.6,27.3,82.5,110.1,47.1,80.7
Tomato,Zaid,Loamy,Apr,Apr,Rainfed,7.4,116.0,18.6,81.3,115.0,53.9,112.5
Tomato,Zaid,Loamy,May,May,Irrigated,6.7,93.4,28.2,75.4,112.4,59.3,102.5
Tomato,Zaid,Loamy,Jun,Jun,Rainfed,6.9,124.5,26.6,78.5,143.4,69.6,84.3
Tomato,Zaid,Loamy,Jul,Jul,Irrigated,6.8,109.5,18.0,84.8,107.7,75.8,116.0
Tomato,Zaid,Loamy,Mar,Mar,Rainfed,6.7,92.3,20.2,82.3,102.3,69.5,97.6
Tomato,Zaid,Loamy,Apr,Apr,Irrigated,6.8,102.9,22.0,79.4,146.7,64.9,113.9
Tomato,Zaid,Loamy,May,May,Rainfed,7.2,121.5,26.8,84.8,140.2,76.2,119.3
Tomato,Zaid,Loamy,Jun,Jun,Irrigated,6.8,117.8,24.1,80.1,110.9,42.6,114.8
Tomato,Zaid,Loamy,Jul,Jul,Rainfed,6.8,128.1,19.3,81.4,142.1,49.2,115.4
Tomato,Zaid,Loamy,Mar,Mar,Irrigated,7.3,115.5,27.4,82.8,145.1,77.3,95.7
Tomato,Zaid,Loamy,Apr,Apr,Rainfed,6.8,121.0,21.9,76.4,129.3,51.9,108.0
Tomato,Zaid,Loamy,May,May,Irrigated,6.8,134.2,19.9,77.5,105.0,65.8,107.3
Tomato,Zaid,Loamy,Jun,Jun,Rainfed,6.6,113.0,24.6,78.3,148.3,78.5,117.2
Tomato,Zaid,Loamy,Jul,Jul,Irrigated,7.2,125.0,24.5,82.4,115.8,56.8,119.8
Tomato,Zaid,Loamy,Mar,Mar,Rainfed,7.2,110.0,24.3,76.0,124.6,54.2,96.8
Tomato,Zaid,Loamy,Apr,Apr,Irrigated,6.6,138.1,22.7,76.8,138.4,59.4,110.4
Tomato,Zaid,Loamy,May,May,Rainfed,6.7,109.0,22.7,76.5,122.1,49.8,102.6
Tomato,Zaid,Loamy,Jun,Jun,Irrigated,7.1,130.4,21.9,76.5,122.7,62.8,119.8
Tomato,Zaid,Loamy,Jul,Jul,Rainfed,6.7,111.7,26.9,84.2,101.9,61.4,95.2
Tomato,Zaid,Loamy,Mar,Mar,Irrigated,7.1,92.1,23.2,81.7,111.8,48.1,109.8
Tomato,Zaid,Loamy,Apr,Apr,Rainfed,6.6,124.7,28.2,79.5,138.3,65.0,93.6
Tomato,Zaid,Loamy,May,May,Irrigated,6.5,95.3,27.1,83.0,140.1,44.2,110.1
Tomato,Zaid,Loamy,Jun,Jun,Rainfed,7.4,128.7,20.8,77.1,149.5,50.7,104.7
Tomato,Zaid,Loamy,Jul,Jul,Irrigated,6.9,95.3,28.2,77.8,141.4,65.4,105.8
Tomato,Zaid,Loamy,Mar,Mar,Rainfed,7.2,128.3,27.5,81.7,121.0,44.2,100.4
Tomato,Zaid,Loamy,Apr,Apr,Irrigated,7.2,118.1,27.3,81.0,124.7,69.6,107.7
Tomato,Zaid,Loamy,May,May,Rainfed,7.2,122.1,28.3,84.6,144.0,70.0,91.2
Tomato,Zaid,Loamy,Jun,Jun,Irrigated,6.8,130.5,28.2,81.8,130.3,51.3,85.1
Tomato,Zaid,Loamy,Jul,Jul,Rainfed,6.8,113.8,21.7,75.2,110.9,45.3,102.0
Tomato,Zaid,Loamy,Mar,Mar,Irrigated,6.8,120.1,29.2,83.3,115.9,49.1,119.8
Tomato,Zaid,Loamy,Apr,Apr,Rainfed,7.4,123.4,21.3,76.7,107.7,58.3,116.8
Tomato,Zaid,Loamy,May,May,Irrigated,7.2,90.4,18.2,83.3,132.0,43.5,95.0
Tomato,Zaid,Loamy,Jun,Jun,Rainfed,7.3,96.0,27.2,79.0,103.2,71.2,93.2
Tomato,Zaid,Loamy,Jul,Jul,Irrigated,7.2,123.8,19.5,75.4,133.7,77.1,116.6
Tomato,Zaid,Loamy,Mar,Mar,Rainfed,6.6,134.5,29.5,79.6,120.7,63.5,115.2
Tomato,Zaid,Loamy,Apr,Apr,Irrigated,6.6,91.6,19.2,80.5,139.2,68.7,81.5
Tomato,Zaid,Loamy,May,May,Rainfed,7.4,139.1,28.4,84.2,128.9,60.2,102.9
Tomato,Zaid,Loamy,Jun,Jun,Irrigated,6.5,92.9,24.2,75.1,100.7,71.1,103.9
Tomato,Zaid,Loamy,Jul,Jul,Rainfed,7.5,90.6,20.8,83.6,100.1,73.0,99.2
Tomato,Zaid,Loamy,Mar,Mar,Irrigated,6.9,128.5,29.8,82.3,103.4,41.4,112.1
Tomato,Zaid,Loamy,Apr,Apr,Rainfed,7.1,139.8,27.5,84.9,110.5,64.9,89.8
Tomato,Zaid,Loamy,May,May,Irrigated,6.6,92.3,22.6,81.9,148.8,70.5,106.2
Tomato,Zaid,Loamy,Jun,Jun,Rainfed,7.1,129.9,27.1,80.1,115.2,48.7,118.4
Tomato,Zaid,Loamy,Jul,Jul,Irrigated,7.1,94.5,23.9,76.9,140.1,56.2,107.5
Tomato,Zaid,Loamy,Mar,Mar,Rainfed,6.6,120.8,27.6,76.4,126.0,75.7,118.7
Tomato,Zaid,Loamy,Apr,Apr,Irrigated,6.7,109.0,23.6,77.9,143.2,56.2,99.4
Tomato,Zaid,Loamy,May,May,Rainfed,6.6,121.7,21.7,77.5,146.4,55.4,85.3
Tomato,Zaid,Loamy,Jun,Jun,Irrigated,6.9,94.4,19.9,82.5,142.9,42.8,110.4
Tomato,Zaid,Loamy,Jul,Jul,Rainfed,6.5,130.3,27.5,75.7,114.7,63.9,106.3
Tomato,Zaid,Loamy,Mar,Mar,Irrigated,7.0,108.7,27.3,81.7,111.4,75.7,80.5
Tomato,Zaid,Loamy,Apr,Apr,Rainfed,6.7,134.0,26.8,79.9,144.4,67.4,80.5
Tomato,Zaid,Loamy,May,May,Irrigated,7.4,124.7,21.3,80.4,140.5,51.3,82.5
Tomato,Zaid,Loamy,Jun,Jun,Rainfed,6.9,90.1,19.7,75.0,109.7,67.5,92.0
Tomato,Zaid,Loamy,Jul,Jul,Irrigated,7.1,110.5,25.2,83.9,135.7,74.9,87.6
Tomato,Zaid,Loamy,Mar,Mar,Rainfed,7.2,108.9,22.6,84.0,114.8,43.8,109.5
Tomato,Zaid,Loamy,Apr,Apr,Irrigated,6.9,112.1,22.9,75.8,101.0,54.9,108.8
Tomato,Zaid,Loamy,May,May,Rainfed,7.4,127.7,25.8,79.5,132.3,76.7,85.2
Tomato,Zaid,Loamy,Jun,Jun,Irrigated,7.0,105.2,18.7,83.3,115.4,49.0,106.8
Tomato,Zaid,Loamy,Jul,Jul,Rainfed,6.5,104.4,21.0,79.4,133.8,64.6,81.1
Tomato,Zaid,Loamy,Mar,Mar,Irrigated,7.5,94.6,29.7,84.2,109.0,71.4,101.2
Tomato,Zaid,Loamy,Apr,Apr,Rainfed,6.9,124.7,25.0,82.1,110.6,76.5,114.0
Tomato,Zaid,Loamy,May,May,Irrigated,6.8,129.8,28.9,78.4,119.7,55.6,88.0
Tomato,Zaid,Loamy,Jun,Jun,Rainfed,7.2,128.9,27.2,76.7,121.5,53.7,104.5
Tomato,Zaid,Loamy,Jul,Jul,Irrigated,6.7,90.9,21.2,76.4,133.0,78.8,103.3
Tomato,Zaid,Loamy,Mar,Mar,Rainfed,6.9,101.7,26.7,83.1,103.3,49.3,109.3
Tomato,Zaid,Loamy,Apr,Apr,Irrigated,6.6,94.7,19.3,85.0,117.5,79.2,94.6
Tomato,Zaid,Loamy,May,May,Rainfed,7.2,115.5,24.1,84.7,121.9,54.7,112.7
Tomato,Zaid,Loamy,Jun,Jun,Irrigated,7.5,123.4,24.3,78.1,128.1,75.8,97.3
Tomato,Zaid,Loamy,Jul,Jul,Rainfed,6.7,126.4,25.3,83.1,107.6,57.3,82.8
Tomato,Zaid,Loamy,Mar,Mar,Irrigated,7.3,102.8,20.9,82.1,132.6,72.6,89.8
Tomato,Zaid,Loamy,Apr,Apr,Rainfed,7.0,109.8,24.7,83.8,135.4,66.0,119.5
Tomato,Zaid,Loamy,May,May,Irrigated,7.3,104.9,19.4,78.8,110.7,42.1,95.4
Tomato,Zaid,Loamy,Jun,Jun,Rainfed,7.0,103.4,18.2,79.7,113.8,47.8,91.7
Tomato,Zaid,Loamy,Jul,Jul,Irrigated,7.0,95.1,29.7,83.0,137.1,41.6,119.9
Tomato,Zaid,Loamy,Mar,Mar,Rainfed,6.7,107.6,26.8,82.7,139.2,40.9,90.9
Tomato,Zaid,Loamy,Apr,Apr,Irrigated,6.5,103.3,18.8,82.7,126.9,64.9,114.8
Tomato,Zaid,Loamy,May,May,Rainfed,6.9,137.0,27.5,81.3,140.2,52.6,107.6
Tomato,Zaid,Loamy,Jun,Jun,Irrigated,7.1,98.2,28.7,82.2,149.3,70.6,106.5
Tomato,Zaid,Loamy,Jul,Jul,Rainfed,7.3,94.5,23.6,79.6,109.1,44.9,101.4
Tomato,Zaid,Loamy,Mar,Mar,Irrigated,7.2,93.3,22.3,82.3,103.7,59.7,95.9
Tomato,Zaid,Loamy,Apr,Apr,Rainfed,7.0,117.6,23.9,83.6,148.8,69.9,99.4
Tomato,Zaid,Loamy,May,May,Irrigated,7.0,138.0,23.7,77.7,113.7,71.8,110.7
Tomato,Zaid,Loamy,Jun,Jun,Rainfed,7.4,121.7,26.5,75.8,135.8,78.7,82.1
Tomato,Zaid,Loamy,Jul,Jul,Irrigated,7.0,113.1,22.5,75.1,120.9,57.8,86.7
Tomato,Zaid,Loamy,Mar,Mar,Rainfed,7.2,105.5,24.6,75.7,110.7,78.6,114.0
Tomato,Zaid,Loamy,Apr,Apr,Irrigated,7.3,102.4,28.0,79.9,138.3,66.9,107.7
Tomato,Zaid,Loamy,May,May,Rainfed,7.4,92.2,19.6,78.8,105.3,51.5,108.0
Tomato,Zaid,Loamy,Jun,Jun,Irrigated,7.3,127.2,19.5,82.7,139.0,44.5,81.0
Tomato,Zaid,Loamy,Jul,Jul,Rainfed,6.6,102.2,22.0,81.7,134.4,76.6,110.8
Tomato,Zaid,Loamy,Mar,Mar,Irrigated,7.3,121.0,22.6,78.3,130.5,40.4,89.6
Tomato,Zaid,Loamy,Apr,Apr,Rainfed,7.4,121.3,29.0,82.4,137.8,61.8,114.1
Tomato,Zaid,Loamy,May,May,Irrigated,6.6,102.8,23.4,81.1,102.8,71.8,88.9
Tomato,Zaid,Loamy,Jun,Jun,Rainfed,7.0,127.3,26.0,79.3,145.0,76.7,91.2
Tomato,Zaid,Loamy,Jul,Jul,Irrigated,6.5,131.4,22.6,84.2,149.1,58.7,114.7
Tomato,Zaid,Loamy,Mar,Mar,Rainfed,6.8,119.4,29.6,82.0,115.9,69.0,102.5
Tomato,Zaid,Loamy,Apr,Apr,Irrigated,7.4,123.6,26.1,79.4,100.4,73.7,97.2
Tomato,Zaid,Loamy,May,May,Rainfed,7.0,90.1,29.4,79.7,108.6,72.9,92.0
Tomato,Zaid,Loamy,Jun,Jun,Irrigated,7.1,109.1,18.9,76.7,123.6,49.8,107.8
Tomato,Zaid,Loamy,Jul,Jul,Rainfed,7.0,112.7,29.2,77.2,144.6,64.5,93.0
Tomato,Zaid,Loamy,Mar,Mar,Irrigated,7.0,118.5,26.9,76.5,138.5,75.7,116.4
Tomato,Zaid,Loamy,Apr,Apr,Rainfed,6.9,103.3,29.2,75.6,107.1,40.9,101.6
Tomato,Zaid,Loamy,May,May,Irrigated,6.9,109.3,18.2,84.3,114.3,57.1,119.7
Tomato,Zaid,Loamy,Jun,Jun,Rainfed,7.2,120.5,21.6,79.0,121.5,53.7,80.9
Tomato,Zaid,Loamy,Jul,Jul,Irrigated,7.5,99.6,27.4,84.6,122.1,48.6,80.1
Tomato,Zaid,Loamy,Mar,Mar,Rainfed,7.2,130.7,23.2,80.2,104.7,46.0,88.2
Tomato,Zaid,Loamy,Apr,Apr,Irrigated,7.4,109.6,28.5,84.0,147.7,48.6,80.6
Tomato,Zaid,Loamy,May,May,Rainfed,7.3,138.7,26.0,78.0,131.6,58.7,104.2
Tomato,Zaid,Loamy,Jun,Jun,Irrigated,6.8,105.3,18.8,80.6,101.9,72.8,84.7
Tomato,Zaid,Loamy,Jul,Jul,Rainfed,6.8,103.3,18.3,81.9,107.4,51.4,93.4
Tomato,Zaid,Loamy,Mar,Mar,Irrigated,7.2,116.1,28.2,80.3,125.4,72.3,91.8
Tomato,Zaid,Loamy,Apr,Apr,Rainfed,7.1,119.6,21.0,79.8,103.3,51.9,106.2
Tomato,Zaid,Loamy,May,May,Irrigated,7.3,106.8,18.2,79.3,130.2,50.8,85.2
Tomato,Zaid,Loamy,Jun,Jun,Rainfed,7.4,112.1,28.1,75.1,127.7,59.2,111.5
Tomato,Zaid,Loamy,Jul,Jul,Irrigated,7.4,98.0,23.2,78.5,100.4,79.1,83.5
Tomato,Zaid,Loamy,Mar,Mar,Rainfed,7.1,129.3,24.9,82.4,142.6,53.6,93.7
Tomato,Zaid,Loamy,Apr,Apr,Irrigated,6.8,114.3,24.2,82.9,132.8,72.7,118.9
Tomato,Zaid,Loamy,May,May,Rainfed,7.1,121.8,18.6,83.2,110.4,40.9,114.8
Tomato,Zaid,Loamy,Jun,Jun,Irrigated,7.4,122.4,20.1,77.4,100.4,62.2,100.1
Tomato,Zaid,Loamy,Jul,Jul,Rainfed,7.5,104.2,24.7,83.8,145.0,60.5,116.2
Tomato,Zaid,Loamy,Mar,Mar,Irrigated,6.6,127.0,25.6,82.3,133.1,42.6,97.4
Tomato,Zaid,Loamy,Apr,Apr,Rainfed,6.6,118.6,25.5,76.3,118.0,42.2,116.7
Tomato,Zaid,Loamy,May,May,Irrigated,7.1,110.1,21.2,83.3,136.5,77.8,118.2
Tomato,Zaid,Loamy,Jun,Jun,Rainfed,7.3,97.9,22.1,78.9,123.5,48.5,117.6
Tomato,Zaid,Loamy,Jul,Jul,Irrigated,7.3,99.8,22.7,80.8,148.2,77.1,103.3
Tomato,Zaid,Loamy,Mar,Mar,Rainfed,7.5,98.3,22.0,75.1,111.5,68.7,83.6
Tomato,Zaid,Loamy,Apr,Apr,Irrigated,7.0,99.8,29.6,77.5,149.4,61.1,119.0
Tomato,Zaid,Loamy,May,May,Rainfed,7.2,138.0,27.5,79.7,139.0,41.9,86.3
Tomato,Zaid,Loamy,Jun,Jun,Irrigated,6.7,133.3,21.5,80.8,105.2,62.1,83.2
Tomato,Zaid,Loamy,Jul,Jul,Rainfed,7.3,113.6,24.7,76.9,132.9,67.4,81.8
Tomato,Zaid,Loamy,Mar,Mar,Irrigated,6.7,139.6,20.5,83.3,131.2,71.2,80.3
Tomato,Zaid,Loamy,Apr,Apr,Rainfed,7.5,133.9,25.9,81.3,115.3,72.7,108.4
Tomato,Zaid,Loamy,May,May,Irrigated,7.4,137.8,28.2,84.3,110.1,42.6,91.9
Tomato,Zaid,Loamy,Jun,Jun,Rainfed,7.4,139.2,18.5,83.0,149.5,71.6,96.3
Tomato,Zaid,Loamy,Jul,Jul,Irrigated,7.1,93.7,22.8,79.3,133.5,63.8,100.1
Tomato,Zaid,Loamy,Mar,Mar,Rainfed,7.1,103.4,24.6,77.2,132.0,65.1,85.6
Tomato,Zaid,Loamy,Apr,Apr,Irrigated,6.6,111.5,25.0,80.7,105.5,54.7,95.2
Tomato,Zaid,Loamy,May,May,Rainfed,7.5,94.4,21.1,82.1,139.8,65.1,95.5
Tomato,Zaid,Loamy,Jun,Jun,Irrigated,7.2,105.2,22.8,84.6,109.3,59.4,81.0
Tomato,Zaid,Loamy,Jul,Jul,Rainfed,6.7,94.9,20.9,83.4,111.5,51.1,117.9
Tomato,Zaid,Loamy,Mar,Mar,Irrigated,6.7,136.5,24.6,76.4,127.5,71.3,90.0
Tomato,Zaid,Loamy,Apr,Apr,Rainfed,7.0,130.3,22.4,81.8,123.6,65.9,85.1
Tomato,Zaid,Loamy,May,May,Irrigated,7.4,132.0,25.4,75.1,110.0,49.5,109.1
Tomato,Zaid,Loamy,Jun,Jun,Rainfed,6.6,112.0,25.8,75.5,130.0,62.9,90.0
Tomato,Zaid,Loamy,Jul,Jul,Irrigated,6.8,103.7,25.3,83.4,135.2,61.4,93.1
Tomato,Zaid,Loamy,Mar,Mar,Rainfed,6.9,98.0,20.0,79.1,109.0,68.9,88.1
Tomato,Zaid,Loamy,Apr,Apr,Irrigated,7.3,131.5,24.5,82.1,149.9,77.5,98.5
Tomato,Zaid,Loamy,May,May,Rainfed,6.9,134.3,25.4,78.2,123.5,74.2,106.2
Tomato,Zaid,Loamy,Jun,Jun,Irrigated,6.6,111.0,26.7,76.8,124.6,68.6,100.0
Tomato,Zaid,Loamy,Jul,Jul,Rainfed,6.7,123.4,27.5,80.8,113.8,61.1,81.4
Tomato,Zaid,Loamy,Mar,Mar,Irrigated,7.4,138.3,29.7,80.8,107.0,73.8,81.0
Tomato,Zaid,Loamy,Apr,Apr,Rainfed,7.2,95.5,28.1,81.6,142.5,52.4,106.5
Tomato,Zaid,Loamy,May,May,Irrigated,6.9,100.8,28.4,81.7,125.7,72.7,81.9
Tomato,Zaid,Loamy,Jun,Jun,Rainfed,6.9,128.3,21.0,84.8,127.0,51.9,118.9
Tomato,Zaid,Loamy,Jul,Jul,Irrigated,6.5,98.9,27.8,75.2,137.4,44.4,106.0
Tomato,Zaid,Loamy,Mar,Mar,Rainfed,7.4,109.6,24.7,76.5,137.2,50.6,81.6
Tomato,Zaid,Loamy,Apr,Apr,Irrigated,7.4,103.8,26.0,78.9,145.6,64.2,105.3
Tomato,Zaid,Loamy,May,May,Rainfed,6.6,128.0,22.5,76.7,142.4,50.0,98.9
Tomato,Zaid,Loamy,Jun,Jun,Irrigated,7.3,137.9,22.0,78.1,146.1,51.0,83.0
Tomato,Zaid,Loamy,Jul,Jul,Rainfed,7.3,97.3,24.1,83.3,110.0,79.4,84.1
Tomato,Zaid,Loamy,Mar,Mar,Irrigated,7.0,118.4,27.9,76.4,144.1,57.8,100.2
Tomato,Zaid,Loamy,Apr,Apr,Rainfed,6.5,104.5,20.2,77.8,135.0,48.3,94.4
Tomato,Zaid,Loamy,May,May,Irrigated,7.2,98.4,25.2,84.4,118.8,75.5,118.8
Tomato,Zaid,Loamy,Jun,Jun,Rainfed,7.4,117.8,23.8,84.5,146.9,60.0,100.6
Tomato,Zaid,Loamy,Jul,Jul,Irrigated,7.3,123.4,24.1,76.8,111.8,78.9,95.6
Tomato,Zaid,Loamy,Mar,Mar,Rainfed,6.9,125.4,25.9,76.3,112.0,59.3,118.2
Tomato,Zaid,Loamy,Apr,Apr,Irrigated,6.6,126.9,20.5,84.7,110.8,70.7,84.2
Tomato,Zaid,Loamy,May,May,Rainfed,7.5,93.8,19.4,84.2,104.2,40.2,107.2
Tomato,Zaid,Loamy,Jun,Jun,Irrigated,6.8,139.4,18.3,77.9,101.7,50.0,99.4
Tomato,Zaid,Loamy,Jul,Jul,Rainfed,6.7,128.9,28.3,84.4,139.0,43.1,95.9
Tomato,Zaid,Loamy,Mar,Mar,Irrigated,6.9,127.8,24.1,81.0,148.5,61.3,96.6
Tomato,Zaid,Loamy,Apr,Apr,Rainfed,7.1,103.2,19.8,82.0,131.7,70.2,118.9
Tomato,Zaid,Loamy,May,May,Irrigated,7.1,109.2,25.7,76.2,108.5,53.5,90.6
Tomato,Zaid,Loamy,Jun,Jun,Rainfed,6.6,127.3,26.6,84.8,115.7,48.8,95.2
Tomato,Zaid,Loamy,Jul,Jul,Irrigated,7.4,105.4,19.0,80.6,120.7,51.0,119.7
Tomato,Zaid,Loamy,Mar,Mar,Rainfed,6.6,102.9,20.8,79.1,141.3,54.0,97.3
Tomato,Zaid,Loamy,Apr,Apr,Irrigated,6.9,108.9,28.4,77.2,145.3,73.5,104.4
Tomato,Zaid,Loamy,May,May,Rainfed,6.5,91.1,29.3,81.3,126.7,78.5,85.9
Tomato,Zaid,Loamy,Jun,Jun,Irrigated,7.2,127.9,19.6,84.7,101.0,63.4,119.2
Tomato,Zaid,Loamy,Jul,Jul,Rainfed,7.0,92.4,26.2,83.3,138.9,47.2,109.3
Tomato,Zaid,Loamy,Mar,Mar,Irrigated,6.6,113.0,18.1,75.6,121.9,64.8,81.2
Tomato,Zaid,Loamy,Apr,Apr,Rainfed,6.8,102.1,27.9,77.1,141.3,69.5,113.5
Tomato,Zaid,Loamy,May,May,Irrigated,7.2,118.5,19.6,81.0,148.7,57.1,90.5
Tomato,Zaid,Loamy,Jun,Jun,Rainfed,7.2,115.0,24.7,84.9,147.0,41.9,114.5
Tomato,Zaid,Loamy,Jul,Jul,Irrigated,7.5,106.3,18.3,80.7,119.6,59.4,82.4
Tomato,Zaid,Loamy,Mar,Mar,Rainfed,6.9,111.9,18.8,84.1,143.1,47.0,90.9
Tomato,Zaid,Loamy,Apr,Apr,Irrigated,7.5,119.9,27.3,75.5,126.2,45.0,89.9
Tomato,Zaid,Loamy,May,May,Rainfed,6.6,100.6,25.4,82.1,120.6,41.4,100.6
Tomato,Zaid,Loamy,Jun,Jun,Irrigated,7.1,126.8,25.2,75.8,102.5,41.1,102.2
Tomato,Zaid,Loamy,Jul,Jul,Rainfed,6.7,134.6,18.2,83.0,119.1,53.1,96.6
Tomato,Zaid,Loamy,Mar,Mar,Irrigated,6.6,111.8,21.8,78.7,132.4,54.1,100.0
Tomato,Zaid,Loamy,Apr,Apr,Rainfed,6.6,119.2,23.0,79.6,142.4,63.4,86.7
Tomato,Zaid,Loamy,May,May,Irrigated,6.7,115.3,22.6,82.6,122.9,42.0,81.5
Tomato,Zaid,Loamy,Jun,Jun,Rainfed,7.3,114.9,27.3,84.5,144.6,64.9,113.6
Tomato,Zaid,Loamy,Jul,Jul,Irrigated,7.3,123.1,30.0,75.4,146.7,62.3,110.5
Tomato,Zaid,Loamy,Mar,Mar,Rainfed,6.8,121.6,21.6,75.3,138.2,40.8,90.7
Tomato,Zaid,Loamy,Apr,Apr,Irrigated,7.3,120.1,24.3,81.2,134.2,68.5,94.8
Tomato,Zaid,Loamy,May,May,Rainfed,6.8,124.6,27.0,76.9,114.5,68.0,89.8
Tomato,Zaid,Loamy,Jun,Jun,Irrigated,7.4,123.9,25.0,83.4,117.9,60.8,98.5
Tomato,Zaid,Loamy,Jul,Jul,Rainfed,7.0,133.6,18.9,83.2,122.8,42.2,111.3
Tomato,Zaid,Loamy,Mar,Mar,Irrigated,7.0,121.3,25.0,80.8,104.9,42.7,116.4
Tomato,Zaid,Loamy,Apr,Apr,Rainfed,7.0,137.2,23.8,85.0,102.0,43.6,104.2
Tomato,Zaid,Loamy,May,May,Irrigated,7.1,117.0,24.7,77.8,141.1,54.7,106.5
Tomato,Zaid,Loamy,Jun,Jun,Rainfed,6.9,122.9,19.7,80.3,143.7,53.8,95.8
Tomato,Zaid,Loamy,Jul,Jul,Irrigated,7.0,101.4,24.1,76.6,115.7,59.7,119.1
Tomato,Zaid,Loamy,Mar,Mar,Rainfed,6.8,140.0,22.1,84.9,117.3,75.0,117.3
Tomato,Zaid,Loamy,Apr,Apr,Irrigated,6.6,108.0,23.4,80.8,139.0,74.3,105.7
Tomato,Zaid,Loamy,May,May,Rainfed,7.3,123.4,27.9,76.0,112.9,78.0,119.1
Tomato,Zaid,Loamy,Jun,Jun,Irrigated,7.1,98.3,29.0,82.6,117.5,59.1,93.4
Tomato,Zaid,Loamy,Jul,Jul,Rainfed,7.3,112.7,18.1,83.1,109.8,55.5,113.3
Tomato,Zaid,Loamy,Mar,Mar,Irrigated,7.0,105.6,21.5,80.4,104.9,79.2,84.1
Tomato,Zaid,Loamy,Apr,Apr,Rainfed,6.9,92.1,21.9,82.2,135.0,57.8,115.3
Tomato,Zaid,Loamy,May,May,Irrigated,6.7,136.8,25.8,76.5,133.7,45.5,96.3
Tomato,Zaid,Loamy,Jun,Jun,Rainfed,6.8,100.1,19.4,81.0,118.9,51.2,112.9
Tomato,Zaid,Loamy,Jul,Jul,Irrigated,6.6,123.2,28.1,80.6,130.9,77.4,87.1
Tomato,Zaid,Loamy,Mar,Mar,Rainfed,7.0,105.7,27.4,81.4,137.7,68.8,81.9
Tomato,Zaid,Loamy,Apr,Apr,Irrigated,6.6,113.9,19.1,81.4,140.2,63.5,112.1
Tomato,Zaid,Loamy,May,May,Rainfed,7.2,92.3,20.9,76.5,126.2,76.9,112.5
Tomato,Zaid,Loamy,Jun,Jun,Irrigated,7.2,90.2,24.2,77.6,119.0,58.8,84.9
Tomato,Zaid,Loamy,Jul,Jul,Rainfed,6.8,110.9,22.6,80.4,148.0,73.3,95.0
Tomato,Zaid,Loamy,Mar,Mar,Irrigated,6.8,135.8,18.7,83.8,112.2,71.7,103.0
Tomato,Zaid,Loamy,Apr,Apr,Rainfed,7.1,125.7,26.4,83.7,138.0,45.7,110.6
Tomato,Zaid,Loamy,May,May,Irrigated,6.6,124.9,19.2,82.5,147.0,69.1,104.6
Tomato,Zaid,Loamy,Jun,Jun,Rainfed,7.5,122.4,28.2,83.5,149.8,66.1,105.7
Tomato,Zaid,Loamy,Jul,Jul,Irrigated,6.7,129.7,28.1,79.3,106.2,51.9,110.0
Tomato,Zaid,Loamy,Mar,Mar,Rainfed,7.4,132.1,24.7,84.3,119.5,47.1,97.1
Tomato,Zaid,Loamy,Apr,Apr,Irrigated,6.9,111.7,29.6,75.9,101.7,47.4,111.1
Tomato,Zaid,Loamy,May,May,Rainfed,7.0,126.5,25.9,78.1,121.5,58.1,101.7
Tomato,Zaid,Loamy,Jun,Jun,Irrigated,6.7,112.5,26.7,79.2,115.5,72.6,87.0
Tomato,Zaid,Loamy,Jul,Jul,Rainfed,7.0,133.7,21.9,83.2,120.1,52.1,98.7
Tomato,Zaid,Loamy,Mar,Mar,Irrigated,6.6,102.7,18.0,78.1,116.1,70.0,87.0
Tomato,Zaid,Loamy,Apr,Apr,Rainfed,6.6,92.3,18.4,82.7,105.8,53.8,111.0
Tomato,Zaid,Loamy,May,May,Irrigated,6.9,127.2,23.1,82.6,143.7,48.1,97.0
Tomato,Zaid,Loamy,Jun,Jun,Rainfed,7.4,120.5,22.6,78.4,113.1,76.6,96.4
Tomato,Zaid,Loamy,Jul,Jul,Irrigated,7.4,91.1,20.2,84.5,114.5,63.3,82.2
Tomato,Zaid,Loamy,Mar,Mar,Rainfed,6.9,109.7,21.5,83.2,111.4,52.1,104.1
Tomato,Zaid,Loamy,Apr,Apr,Irrigated,7.4,96.9,24.6,80.1,133.4,76.6,83.2
Tomato,Zaid,Loamy,May,May,Rainfed,6.6,123.9,27.7,79.5,136.3,58.4,112.9
Tomato,Zaid,Loamy,Jun,Jun,Irrigated,6.6,125.2,24.1,78.3,118.5,44.0,83.6
Tomato,Zaid,Loamy,Jul,Jul,Rainfed,6.8,134.6,22.0,81.2,134.7,48.8,100.7
Tomato,Zaid,Loamy,Mar,Mar,Irrigated,7.3,110.5,28.5,76.7,117.3,62.2,87.0
Tomato,Zaid,Loamy,Apr,Apr,Rainfed,6.6,127.1,27.3,80.8,134.7,75.5,114.1
Tomato,Zaid,Loamy,May,May,Irrigated,6.7,131.4,18.6,82.3,143.2,63.4,99.6
Tomato,Zaid,Loamy,Jun,Jun,Rainfed,7.1,139.4,25.6,82.2,107.4,53.7,95.4
Tomato,Zaid,Loamy,Jul,Jul,Irrigated,6.8,135.6,22.4,75.8,147.1,69.0,105.1
Tomato,Zaid,Loamy,Mar,Mar,Rainfed,6.5,96.5,27.8,82.9,121.3,58.0,109.4
Tomato,Zaid,Loamy,Apr,Apr,Irrigated,7.3,104.8,25.5,82.5,141.8,68.6,94.2
Tomato,Zaid,Loamy,May,May,Rainfed,6.9,93.3,18.4,83.0,141.3,49.0,93.9
Tomato,Zaid,Loamy,Jun,Jun,Irrigated,7.4,96.1,23.6,75.3,101.7,40.8,93.8
Tomato,Zaid,Loamy,Jul,Jul,Rainfed,7.3,117.6,26.4,75.1,116.5,47.5,111.8
Tomato,Zaid,Loamy,Mar,Mar,Irrigated,7.1,108.1,23.3,78.4,113.9,74.2,100.6
Tomato,Zaid,Loamy,Apr,Apr,Rainfed,6.7,92.8,19.5,78.8,102.4,43.8,103.7
Tomato,Zaid,Loamy,May,May,Irrigated,7.4,92.3,18.7,84.0,102.4,78.3,104.7
Tomato,Zaid,Loamy,Jun,Jun,Rainfed,6.6,101.6,20.3,75.2,147.0,79.2,116.3
Tomato,Zaid,Loamy,Jul,Jul,Irrigated,7.0,94.1,27.6,84.9,112.3,58.8,85.1
Tomato,Zaid,Loamy,Mar,Mar,Rainfed,6.8,104.6,22.4,75.6,136.3,70.0,92.2
Tomato,Zaid,Loamy,Apr,Apr,Irrigated,7.0,103.5,22.9,75.2,124.8,57.7,102.0
Tomato,Zaid,Loamy,May,May,Rainfed,7.4,103.5,19.4,79.3,122.9,66.6,85.9
Tomato,Zaid,Loamy,Jun,Jun,Irrigated,7.4,102.5,18.5,80.8,127.6,53.9,93.8
Tomato,Zaid,Loamy,Jul,Jul,Rainfed,7.1,137.5,20.0,84.9,116.5,75.3,111.3
Tomato,Zaid,Loamy,Mar,Mar,Irrigated,6.8,98.7,28.8,77.3,130.3,79.9,111.1
Tomato,Zaid,Loamy,Apr,Apr,Rainfed,7.4,122.7,24.0,82.4,147.9,42.8,105.6
Tomato,Zaid,Loamy,May,May,Irrigated,7.5,126.4,29.6,79.5,144.2,53.1,81.4
Tomato,Zaid,Loamy,Jun,Jun,Rainfed,6.6,122.9,28.2,81.9,110.6,68.3,98.6
Tomato,Zaid,Loamy,Jul,Jul,Irrigated,6.9,95.7,26.5,77.9,138.3,41.8,91.5
Tomato,Zaid,Loamy,Mar,Mar,Rainfed,6.5,107.5,18.9,75.1,136.2,40.1,88.9
Tomato,Zaid,Loamy,Apr,Apr,Irrigated,6.7,96.4,22.3,76.2,144.8,62.7,112.4
Tomato,Zaid,Loamy,May,May,Rainfed,6.6,93.2,18.7,79.2,118.6,77.4,110.8
Tomato,Zaid,Loamy,Jun,Jun,Irrigated,7.3,103.4,19.9,82.1,118.7,64.3,111.5
Tomato,Zaid,Loamy,Jul,Jul,Rainfed,7.3,102.8,27.0,78.5,136.0,75.0,110.5
Tomato,Zaid,Loamy,Mar,Mar,Irrigated,7.4,124.6,19.4,76.6,114.4,57.2,101.4
Tomato,Zaid,Loamy,Apr,Apr,Rainfed,6.6,97.4,18.8,76.3,118.6,65.7,97.5
Tomato,Zaid,Loamy,May,May,Irrigated,7.3,124.5,24.7,77.7,134.6,72.5,109.2
Tomato,Zaid,Loamy,Jun,Jun,Rainfed,6.8,97.4,27.5,80.0,144.6,66.3,99.5
Tomato,Zaid,Loamy,Jul,Jul,Irrigated,7.0,139.8,20.7,75.2,118.1,59.6,116.9
Tomato,Zaid,Loamy,Mar,Mar,Rainfed,7.4,107.1,26.2,84.6,142.3,44.7,91.7
Tomato,Zaid,Loamy,Apr,Apr,Irrigated,7.0,120.0,22.8,78.0,116.5,70.2,96.4
Tomato,Zaid,Loamy,May,May,Rainfed,7.0,93.3,26.5,82.4,100.6,62.4,95.0
Tomato,Zaid,Loamy,Jun,Jun,Irrigated,7.2,99.7,26.5,75.2,133.5,57.1,94.8
Tomato,Zaid,Loamy,Jul,Jul,Rainfed,6.6,90.2,18.7,81.8,114.0,46.1,96.4
Tomato,Zaid,Loamy,Mar,Mar,Irrigated,7.2,91.0,26.1,80.5,143.4,75.4,96.2
Tomato,Zaid,Loamy,Apr,Apr,Rainfed,7.1,133.9,20.0,78.0,148.9,45.6,105.2
Tomato,Zaid,Loamy,May,May,Irrigated,6.9,135.8,26.4,79.8,114.7,58.8,117.5
Tomato,Zaid,Loamy,Jun,Jun,Rainfed,7.3,127.9,27.1,80.8,146.0,62.2,94.4
Tomato,Zaid,Loamy,Jul,Jul,Irrigated,7.3,99.2,24.0,76.3,134.6,64.8,114.2
Tomato,Zaid,Loamy,Mar,Mar,Rainfed,7.2,103.2,25.2,76.3,132.2,41.8,94.1
Tomato,Zaid,Loamy,Apr,Apr,Irrigated,6.7,114.9,21.6,84.8,112.2,44.9,100.8
Tomato,Zaid,Loamy,May,May,Rainfed,7.1,121.6,21.3,79.1,119.3,49.0,83.4
Tomato,Zaid,Loamy,Jun,Jun,Irrigated,6.9,117.5,20.0,84.9,132.4,45.1,85.4
Tomato,Zaid,Loamy,Jul,Jul,Rainfed,7.1,111.4,25.0,84.5,129.8,55.1,116.2
Tomato,Zaid,Loamy,Mar,Mar,Irrigated,6.7,92.3,21.7,75.9,111.9,49.4,117.5
Tomato,Zaid,Loamy,Apr,Apr,Rainfed,7.2,119.3,28.3,79.1,145.8,59.8,114.2
Tomato,Zaid,Loamy,May,May,Irrigated,7.0,136.2,22.6,75.6,101.9,79.4,97.3
Tomato,Zaid,Loamy,Jun,Jun,Rainfed,6.6,90.2,19.3,83.5,131.2,55.8,85.3
Tomato,Zaid,Loamy,Jul,Jul,Irrigated,7.3,91.5,27.9,84.7,125.4,47.4,108.6
Tomato,Zaid,Loamy,Mar,Mar,Rainfed,6.5,128.9,27.6,83.4,137.9,41.8,95.2
Tomato,Zaid,Loamy,Apr,Apr,Irrigated,7.1,108.0,19.7,80.4,103.7,51.3,92.4
Tomato,Zaid,Loamy,May,May,Rainfed,7.3,103.6,18.8,82.1,133.0,74.7,96.4
Tomato,Zaid,Loamy,Jun,Jun,Irrigated,6.6,132.0,19.0,75.8,149.2,59.6,97.7
Tomato,Zaid,Loamy,Jul,Jul,Rainfed,7.1,92.1,20.7,84.5,108.3,45.8,96.1
Tomato,Zaid,Loamy,Mar,Mar,Irrigated,7.2,110.5,19.6,76.1,103.8,64.3,90.7
Tomato,Zaid,Loamy,Apr,Apr,Rainfed,6.7,108.3,29.3,80.1,108.9,72.9,113.6
Tomato,Zaid,Loamy,May,May,Irrigated,6.8,122.3,23.6,81.6,113.3,73.0,109.6
Tomato,Zaid,Loamy,Jun,Jun,Rainfed,6.7,125.9,27.1,77.0,106.3,48.0,98.8
Tomato,Zaid,Loamy,Jul,Jul,Irrigated,7.2,133.2,22.0,78.5,112.2,72.0,80.7
Tomato,Zaid,Loamy,Mar,Mar,Rainfed,7.0,94.5,29.7,75.8,142.6,64.5,113.9
Tomato,Zaid,Loamy,Apr,Apr,Irrigated,7.4,90.3,18.6,75.1,145.5,61.8,119.0
Tomato,Zaid,Loamy,May,May,Rainfed,7.3,118.2,22.5,83.3,105.0,52.9,87.1
Tomato,Zaid,Loamy,Jun,Jun,Irrigated,7.0,129.9,20.1,84.9,109.6,75.5,103.2
Tomato,Zaid,Loamy,Jul,Jul,Rainfed,6.8,102.5,29.1,80.7,143.4,77.9,83.5
Tomato,Zaid,Loamy,Mar,Mar,Irrigated,6.8,110.5,26.5,83.7,128.3,74.2,103.1
Tomato,Zaid,Loamy,Apr,Apr,Rainfed,7.4,102.9,23.6,81.4,149.4,50.0,110.1
Tomato,Zaid,Loamy,May,May,Irrigated,7.1,123.2,28.2,81.0,129.9,79.0,105.9
Tomato,Zaid,Loamy,Jun,Jun,Rainfed,7.2,120.3,28.0,80.2,121.9,79.2,97.4
Tomato,Zaid,Loamy,Jul,Jul,Irrigated,6.6,109.2,29.1,77.8,130.6,74.6,105.1
Tomato,Zaid,Loamy,Mar,Mar,Rainfed,7.1,120.0,29.9,80.5,146.6,56.6,104.1
Tomato,Zaid,Loamy,Apr,Apr,Irrigated,6.6,117.0,21.7,75.5,137.2,78.3,116.8
Tomato,Zaid,Loamy,May,May,Rainfed,6.6,133.0,28.5,77.5,122.1,68.4,86.6
Tomato,Zaid,Loamy,Jun,Jun,Irrigated,7.5,96.3,23.8,81.0,107.5,63.2,112.5
Tomato,Zaid,Loamy,Jul,Jul,Rainfed,6.8,113.5,26.6,76.6,120.8,53.3,106.5
Tomato,Zaid,Loamy,Mar,Mar,Irrigated,6.6,124.7,22.9,77.4,138.7,41.1,104.2
Tomato,Zaid,Loamy,Apr,Apr,Rainfed,7.3,96.4,19.6,82.0,123.7,50.8,112.2
Tomato,Zaid,Loamy,May,May,Irrigated,6.9,95.6,23.6,77.4,146.7,71.1,103.8
Tomato,Zaid,Loamy,Jun,Jun,Rainfed,6.8,122.5,23.9,79.6,145.1,63.9,111.4
Tomato,Zaid,Loamy,Jul,Jul,Irrigated,6.6,99.4,27.4,84.6,130.4,40.7,118.7
Tomato,Zaid,Loamy,Mar,Mar,Rainfed,6.6,122.8,18.6,76.9,125.0,56.6,118.4
Tomato,Zaid,Loamy,Apr,Apr,Irrigated,6.5,133.2,24.0,81.6,135.4,47.0,85.4
Tomato,Zaid,Loamy,May,May,Rainfed,7.3,99.7,24.2,76.2,142.8,73.9,104.4
Tomato,Zaid,Loamy,Jun,Jun,Irrigated,7.4,96.1,24.1,75.6,114.0,61.4,109.8
Tomato,Zaid,Loamy,Jul,Jul,Rainfed,6.7,115.6,18.2,75.6,107.8,49.7,113.5
Tomato,Zaid,Loamy,Mar,Mar,Irrigated,6.5,135.1,19.9,82.9,110.8,56.2,92.9
Tomato,Zaid,Loamy,Apr,Apr,Rainfed,7.4,113.8,25.3,81.4,146.8,58.5,86.4
Tomato,Zaid,Loamy,May,May,Irrigated,6.6,135.4,18.1,80.9,117.0,45.6,109.5
Tomato,Zaid,Loamy,Jun,Jun,Rainfed,7.1,131.0,18.6,75.9,132.0,68.9,80.0
Tomato,Zaid,Loamy,Jul,Jul,Irrigated,7.3,98.4,19.1,77.3,108.4,47.8,117.6
Tomato,Zaid,Loamy,Mar,Mar,Rainfed,6.9,115.4,27.2,78.7,128.0,50.9,89.5
Tomato,Zaid,Loamy,Apr,Apr,Irrigated,7.5,132.6,18.3,83.2,124.3,76.9,96.8
Tomato,Zaid,Loamy,May,May,Rainfed,7.1,95.5,28.7,83.9,134.5,74.0,98.3
Tomato,Zaid,Loamy,Jun,Jun,Irrigated,7.2,127.7,27.5,79.9,103.9,56.7,118.9
Tomato,Zaid,Loamy,Jul,Jul,Rainfed,6.7,101.8,19.8,76.7,101.2,56.7,110.4
Tomato,Zaid,Loamy,Mar,Mar,Irrigated,7.3,92.5,20.7,82.2,145.8,63.7,88.2
Tomato,Zaid,Loamy,Apr,Apr,Rainfed,6.8,94.3,21.3,83.7,103.5,56.3,103.3
Tomato,Zaid,Loamy,May,May,Irrigated,7.3,94.7,23.2,84.6,119.4,78.1,110.4
Tomato,Zaid,Loamy,Jun,Jun,Rainfed,6.9,122.0,27.2,80.5,128.0,61.1,108.9
Tomato,Zaid,Loamy,Jul,Jul,Irrigated,7.2,101.0,26.2,81.2,143.9,63.8,96.5
Tomato,Zaid,Loamy,Mar,Mar,Rainfed,7.1,127.0,27.4,77.3,141.0,70.4,85.5
Tomato,Zaid,Loamy,Apr,Apr,Irrigated,6.6,126.4,27.4,80.9,110.1,69.9,88.1
Tomato,Zaid,Loamy,May,May,Rainfed,6.6,116.4,26.9,78.6,131.1,57.1,96.4
Tomato,Zaid,Loamy,Jun,Jun,Irrigated,7.5,93.9,27.4,75.8,136.6,43.8,106.5
Tomato,Zaid,Loamy,Jul,Jul,Rainfed,7.2,139.5,18.2,84.8,139.6,64.2,97.1
Tomato,Zaid,Loamy,Mar,Mar,Irrigated,7.3,119.9,20.7,81.2,144.1,56.7,81.1
Tomato,Zaid,Loamy,Apr,Apr,Rainfed,6.6,115.9,26.6,84.0,139.7,42.3,83.2
Tomato,Zaid,Loamy,May,May,Irrigated,7.4,105.3,27.1,75.1,129.8,79.3,86.3
Tomato,Zaid,Loamy,Jun,Jun,Rainfed,7.0,134.4,26.6,77.9,105.9,42.6,107.6
Tomato,Zaid,Loamy,Jul,Jul,Irrigated,6.9,116.7,25.2,83.8,138.4,42.0,94.5
Tomato,Zaid,Loamy,Mar,Mar,Rainfed,7.2,114.1,18.2,78.7,150.0,56.6,91.6
Tomato,Zaid,Loamy,Apr,Apr,Irrigated,6.9,91.2,28.8,83.3,133.0,54.5,98.8
Tomato,Zaid,Loamy,May,May,Rainfed,7.5,129.4,29.5,78.7,121.8,60.8,103.5
Tomato,Zaid,Loamy,Jun,Jun,Irrigated,7.2,107.0,29.1,77.6,130.3,59.1,118.4
Tomato,Zaid,Loamy,Jul,Jul,Rainfed,6.7,121.1,27.1,84.6,126.1,58.5,105.7
Tomato,Zaid,Loamy,Mar,Mar,Irrigated,6.7,107.9,28.8,78.1,106.2,61.3,115.4
Tomato,Zaid,Loamy,Apr,Apr,Rainfed,6.9,103.1,27.2,80.6,133.1,69.6,81.1
Tomato,Zaid,Loamy,May,May,Irrigated,6.6,105.9,28.6,82.3,139.0,59.0,95.9
Tomato,Zaid,Loamy,Jun,Jun,Rainfed,6.8,95.1,22.8,75.2,148.9,64.9,98.8
Tomato,Zaid,Loamy,Jul,Jul,Irrigated,7.3,114.1,25.5,83.3,118.2,55.3,104.1
Tomato,Zaid,Loamy,Mar,Mar,Rainfed,6.9,127.5,19.0,75.6,109.6,63.0,91.2
Tomato,Zaid,Loamy,Apr,Apr,Irrigated,7.0,95.1,27.5,83.2,125.9,44.2,99.9
Tomato,Zaid,Loamy,May,May,Rainfed,6.8,128.3,20.7,75.4,135.5,66.3,98.4
Tomato,Zaid,Loamy,Jun,Jun,Irrigated,7.4,133.3,21.1,79.6,128.8,78.1,112.4
Tomato,Zaid,Loamy,Jul,Jul,Rainfed,6.9,108.5,20.6,82.7,101.5,62.7,112.4
Tomato,Zaid,Loamy,Mar,Mar,Irrigated,6.5,125.2,24.5,81.7,116.5,66.6,118.0
Tomato,Zaid,Loamy,Apr,Apr,Rainfed,6.5,125.8,24.9,82.7,117.1,60.6,80.6
Tomato,Zaid,Loamy,May,May,Irrigated,6.6,115.4,20.3,81.7,126.3,63.6,111.7
Tomato,Zaid,Loamy,Jun,Jun,Rainfed,7.0,116.1,22.9,80.7,148.8,48.4,98.1
Tomato,Zaid,Loamy,Jul,Jul,Irrigated,7.3,121.0,28.9,82.7,149.7,55.9,109.2
Tomato,Zaid,Loamy,Mar,Mar,Rainfed,7.5,134.1,24.1,76.6,147.3,79.8,84.9
Tomato,Zaid,Loamy,Apr,Apr,Irrigated,6.5,127.8,18.8,78.5,113.2,42.4,87.2
Tomato,Zaid,Loamy,May,May,Rainfed,6.7,132.6,26.1,81.8,145.4,78.1,108.3
Tomato,Zaid,Loamy,Jun,Jun,Irrigated,7.3,134.4,22.3,82.6,129.3,47.8,102.4
Tomato,Zaid,Loamy,Jul,Jul,Rainfed,6.9,124.9,29.1,80.8,106.0,51.9,115.0
Tomato,Zaid,Loamy,Mar,Mar,Irrigated,6.8,98.3,26.0,83.6,136.8,54.8,103.7
Tomato,Zaid,Loamy,Apr,Apr,Rainfed,7.0,95.0,23.0,76.1,114.9,50.6,86.6
Tomato,Zaid,Loamy,May,May,Irrigated,6.6,106.8,22.5,79.8,143.5,51.3,91.2
Tomato,Zaid,Loamy,Jun,Jun,Rainfed,7.3,138.2,24.3,83.8,137.0,49.6,113.7
Tomato,Zaid,Loamy,Jul,Jul,Irrigated,6.9,121.5,27.3,76.8,103.7,44.5,93.9
Tomato,Zaid,Loamy,Mar,Mar,Rainfed,7.1,139.0,28.2,82.8,102.5,74.1,94.5
Tomato,Zaid,Loamy,Apr,Apr,Irrigated,7.0,113.7,22.9,76.3,108.6,67.3,99.4
Tomato,Zaid,Loamy,May,May,Rainfed,7.2,104.9,23.3,78.1,124.5,44.5,104.8
Tomato,Zaid,Loamy,Jun,Jun,Irrigated,6.6,132.0,19.8,77.7,105.1,66.9,85.2
Tomato,Zaid,Loamy,Jul,Jul,Rainfed,7.4,125.4,22.3,84.0,146.9,61.2,104.9
Tomato,Zaid,Loamy,Mar,Mar,Irrigated,7.0,131.9,18.2,77.2,104.2,70.1,96.3
Tomato,Zaid,Loamy,Apr,Apr,Rainfed,6.9,90.2,20.7,81.8,134.8,68.3,112.5
Tomato,Zaid,Loamy,May,May,Irrigated,6.8,105.9,27.7,81.6,148.7,71.3,89.4
Tomato,Zaid,Loamy,Jun,Jun,Rainfed,7.2,95.4,22.0,84.8,112.4,40.1,105.3
Tomato,Zaid,Loamy,Jul,Jul,Irrigated,6.6,132.6,19.9,77.6,148.5,40.3,91.6
Tomato,Zaid,Loamy,Mar,Mar,Rainfed,7.4,110.2,18.3,81.5,134.3,60.0,84.8
Tomato,Zaid,Loamy,Apr,Apr,Irrigated,7.1,93.1,28.3,84.7,140.2,41.4,119.3
Tomato,Zaid,Loamy,May,May,Rainfed,7.0,97.2,24.2,85.0,117.2,52.6,99.2
Tomato,Zaid,Loamy,Jun,Jun,Irrigated,6.7,106.1,27.5,76.1,137.4,47.1,119.0
Tomato,Zaid,Loamy,Jul,Jul,Rainfed,6.7,105.1,29.9,85.0,120.4,66.9,83.9
Tomato,Zaid,Loamy,Mar,Mar,Irrigated,7.3,99.9,19.5,83.8,135.6,53.2,118.5
Tomato,Zaid,Loamy,Apr,Apr,Rainfed,7.4,124.8,20.4,83.6,120.2,43.9,116.2
Tomato,Zaid,Loamy,May,May,Irrigated,6.8,126.6,20.0,77.8,120.9,72.9,96.9
Tomato,Zaid,Loamy,Jun,Jun,Rainfed,6.5,126.6,21.0,75.1,112.7,44.7,100.2
Tomato,Zaid,Loamy,Jul,Jul,Irrigated,7.2,95.1,22.5,78.8,131.5,48.5,105.0
Tomato,Zaid,Loamy,Mar,Mar,Rainfed,6.8,125.9,28.2,75.9,133.8,44.8,115.7
Tomato,Zaid,Loamy,Apr,Apr,Irrigated,7.0,111.9,26.6,76.1,131.0,43.6,108.0
Tomato,Zaid,Loamy,May,May,Rainfed,7.2,92.3,19.2,79.9,111.4,42.0,102.6
Tomato,Zaid,Loamy,Jun,Jun,Irrigated,6.7,102.8,22.8,76.6,109.6,48.1,113.2
Tomato,Zaid,Loamy,Jul,Jul,Rainfed,6.8,121.9,28.6,84.1,110.4,45.3,119.2
Tomato,Zaid,Loamy,Mar,Mar,Irrigated,6.8,105.1,25.1,84.0,122.4,65.1,83.0
Tomato,Zaid,Loamy,Apr,Apr,Rainfed,7.0,120.5,25.3,82.9,135.7,73.8,112.9
Tomato,Zaid,Loamy,May,May,Irrigated,6.6,100.8,19.3,79.2,141.2,70.0,117.8
Tomato,Zaid,Loamy,Jun,Jun,Rainfed,6.6,136.1,26.8,84.3,135.0,46.5,113.5
Tomato,Zaid,Loamy,Jul,Jul,Irrigated,6.8,139.5,26.0,81.2,115.4,58.0,90.3
Tomato,Zaid,Loamy,Mar,Mar,Rainfed,6.9,103.5,20.9,78.2,111.9,55.8,112.8
Tomato,Zaid,Loamy,Apr,Apr,Irrigated,7.0,139.3,21.7,75.9,123.5,41.5,93.6
Tomato,Zaid,Loamy,May,May,Rainfed,7.0,119.9,25.0,79.1,145.6,43.8,116.7
Tomato,Zaid,Loamy,Jun,Jun,Irrigated,6.7,108.0,18.5,77.3,141.8,54.1,85.0
Tomato,Zaid,Loamy,Jul,Jul,Rainfed,7.2,118.4,25.3,77.7,146.3,40.3,106.6
Tomato,Zaid,Loamy,Mar,Mar,Irrigated,7.2,105.2,25.8,76.0,140.3,79.3,111.9
Tomato,Zaid,Loamy,Apr,Apr,Rainfed,6.7,100.6,26.4,84.6,135.1,51.6,85.7
Tomato,Zaid,Loamy,May,May,Irrigated,6.7,117.0,20.3,81.3,122.4,64.6,100.0
Tomato,Zaid,Loamy,Jun,Jun,Rainfed,6.8,116.8,24.0,79.5,122.9,70.6,107.0
Tomato,Zaid,Loamy,Jul,Jul,Irrigated,6.7,104.2,25.2,83.7,146.3,63.4,88.6
Tomato,Zaid,Loamy,Mar,Mar,Rainfed,6.8,111.0,22.2,82.0,113.4,55.8,119.4
Tomato,Zaid,Loamy,Apr,Apr,Irrigated,6.6,139.9,25.2,78.3,101.1,46.2,109.4
Tomato,Zaid,Loamy,May,May,Rainfed,7.4,114.6,25.5,80.6,113.9,52.9,84.3
Tomato,Zaid,Loamy,Jun,Jun,Irrigated,7.1,131.2,21.0,80.6,116.5,54.7,91.5
Tomato,Zaid,Loamy,Jul,Jul,Rainfed,6.8,101.3,28.1,81.8,146.0,47.7,108.4
Tomato,Zaid,Loamy,Mar,Mar,Irrigated,6.6,112.4,24.8,84.2,134.5,52.0,89.5
Tomato,Zaid,Loamy,Apr,Apr,Rainfed,7.4,123.7,20.0,79.5,146.7,53.1,119.3
Tomato,Zaid,Loamy,May,May,Irrigated,6.8,110.8,27.1,82.8,130.2,41.4,105.1
Tomato,Zaid,Loamy,Jun,Jun,Rainfed,7.4,101.9,20.7,76.2,136.2,45.1,114.9
Tomato,Zaid,Loamy,Jul,Jul,Irrigated,7.5,132.0,21.1,78.2,128.3,53.9,115.1
Tomato,Zaid,Loamy,Mar,Mar,Rainfed,7.2,122.5,22.2,83.7,111.5,62.7,86.2
Tomato,Zaid,Loamy,Apr,Apr,Irrigated,6.7,99.2,20.3,84.3,121.7,60.1,91.9
Tomato,Zaid,Loamy,May,May,Rainfed,7.5,91.5,27.5,78.3,148.3,72.5,84.4
Tomato,Zaid,Loamy,Jun,Jun,Irrigated,6.7,129.1,20.0,81.6,148.5,75.7,116.9
Tomato,Zaid,Loamy,Jul,Jul,Rainfed,6.9,139.9,26.3,76.7,145.7,56.8,84.7
Tomato,Zaid,Loamy,Mar,Mar,Irrigated,7.1,118.3,27.1,78.0,110.6,73.5,80.4
Tomato,Zaid,Loamy,Apr,Apr,Rainfed,6.6,128.7,18.8,79.4,109.3,65.0,98.7
Tomato,Zaid,Loamy,May,May,Irrigated,6.6,97.9,23.1,81.4,120.7,50.1,94.0
Tomato,Zaid,Loamy,Jun,Jun,Rainfed,7.1,112.6,21.3,77.5,104.3,68.5,112.7
Tomato,Zaid,Loamy,Jul,Jul,Irrigated,7.5,138.2,26.1,83.8,104.4,78.9,105.2
Tomato,Zaid,Loamy,Mar,Mar,Rainfed,6.7,128.4,25.9,80.1,140.2,73.2,100.9
Tomato,Zaid,Loamy,Apr,Apr,Irrigated,6.9,111.4,23.3,75.4,145.4,70.0,91.4
Tomato,Zaid,Loamy,May,May,Rainfed,7.5,107.2,25.3,82.9,129.1,73.7,95.1
Tomato,Zaid,Loamy,Jun,Jun,Irrigated,7.1,115.1,23.9,85.0,145.7,49.6,82.0
Tomato,Zaid,Loamy,Jul,Jul,Rainfed,6.7,137.8,20.0,79.4,135.3,57.8,84.4
Tomato,Zaid,Loamy,Mar,Mar,Irrigated,7.3,139.5,24.7,77.3,137.8,75.4,86.9
Tomato,Zaid,Loamy,Apr,Apr,Rainfed,7.5,102.7,29.4,75.1,117.5,69.2,106.8
Tomato,Zaid,Loamy,May,May,Irrigated,7.4,95.8,22.6,78.4,149.9,68.8,117.9
Tomato,Zaid,Loamy,Jun,Jun,Rainfed,6.9,114.4,18.5,83.9,111.3,65.5,97.7
Tomato,Zaid,Loamy,Jul,Jul,Irrigated,6.7,101.4,25.2,83.3,119.4,65.8,91.1
Tomato,Zaid,Loamy,Mar,Mar,Rainfed,7.1,106.2,29.6,76.0,125.6,69.8,100.7
Tomato,Zaid,Loamy,Apr,Apr,Irrigated,6.6,109.5,26.0,81.2,137.8,60.7,92.3
Tomato,Zaid,Loamy,May,May,Rainfed,6.7,139.5,29.2,78.3,127.9,48.8,109.4
Tomato,Zaid,Loamy,Jun,Jun,Irrigated,6.8,106.2,22.7,82.5,148.6,61.0,84.5
Tomato,Zaid,Loamy,Jul,Jul,Rainfed,7.2,111.9,26.8,76.7,111.1,75.9,105.0
Tomato,Zaid,Loamy,Mar,Mar,Irrigated,6.5,121.4,29.7,79.5,138.0,78.5,112.8
Tomato,Zaid,Loamy,Apr,Apr,Rainfed,6.8,111.0,20.8,79.5,138.6,67.4,81.5
Tomato,Zaid,Loamy,May,May,Irrigated,6.6,130.9,19.1,80.3,131.3,78.9,111.6
Tomato,Zaid,Loamy,Jun,Jun,Rainfed,7.0,123.3,27.9,82.7,117.3,53.6,85.5
Tomato,Zaid,Loamy,Jul,Jul,Irrigated,7.3,125.7,26.0,75.6,114.7,58.9,113.0
Tomato,Zaid,Loamy,Mar,Mar,Rainfed,7.2,108.4,26.1,79.1,139.3,62.5,87.0
Tomato,Zaid,Loamy,Apr,Apr,Irrigated,6.7,113.7,26.1,79.8,144.8,67.8,119.1
Tomato,Zaid,Loamy,May,May,Rainfed,7.1,99.7,29.5,80.2,139.7,79.3,86.7
Tomato,Zaid,Loamy,Jun,Jun,Irrigated,7.2,120.4,20.1,84.6,143.4,77.2,99.2
Tomato,Zaid,Loamy,Jul,Jul,Rainfed,7.4,105.9,21.4,75.4,117.3,67.2,80.7
Tomato,Zaid,Loamy,Mar,Mar,Irrigated,7.4,102.9,18.9,80.2,107.0,76.5,84.4
Tomato,Zaid,Loamy,Apr,Apr,Rainfed,6.9,127.7,20.0,83.2,137.9,76.1,97.6
Tomato,Zaid,Loamy,May,May,Irrigated,7.1,107.2,25.7,82.3,144.1,46.9,86.3
Tomato,Zaid,Loamy,Jun,Jun,Rainfed,7.4,102.1,22.0,81.3,118.4,79.0,90.5
Tomato,Zaid,Loamy,Jul,Jul,Irrigated,7.4,105.6,21.6,78.3,122.6,55.4,87.1
Tomato,Zaid,Loamy,Mar,Mar,Rainfed,7.2,126.4,25.8,75.9,126.8,55.3,86.7
Tomato,Zaid,Loamy,Apr,Apr,Irrigated,7.1,107.1,26.5,84.9,117.8,47.3,118.8
Tomato,Zaid,Loamy,May,May,Rainfed,7.2,130.3,19.7,75.6,140.1,65.3,98.5
Tomato,Zaid,Loamy,Jun,Jun,Irrigated,7.1,110.6,20.3,78.9,107.4,79.6,93.3
Tomato,Zaid,Loamy,Jul,Jul,Rainfed,7.0,124.1,20.7,83.1,148.7,45.3,113.7
Tomato,Zaid,Loamy,Mar,Mar,Irrigated,7.4,136.1,18.1,80.2,137.8,45.1,87.1
Tomato,Zaid,Loamy,Apr,Apr,Rainfed,6.7,117.1,23.2,76.4,147.1,58.3,112.1
Tomato,Zaid,Loamy,May,May,Irrigated,6.6,111.8,18.9,81.2,147.5,65.0,82.9
Tomato,Zaid,Loamy,Jun,Jun,Rainfed,7.2,116.6,18.5,79.4,107.6,62.5,104.5
Tomato,Zaid,Loamy,Jul,Jul,Irrigated,7.1,101.0,20.7,79.2,106.5,74.2,103.9
Tomato,Zaid,Loamy,Mar,Mar,Rainfed,6.9,139.7,19.8,83.4,143.3,63.0,117.3
Tomato,Zaid,Loamy,Apr,Apr,Irrigated,6.9,134.6,23.0,80.3,107.3,56.3,113.6
Tomato,Zaid,Loamy,May,May,Rainfed,7.1,94.3,25.9,81.6,136.6,76.7,88.1
Tomato,Zaid,Loamy,Jun,Jun,Irrigated,6.6,94.8,23.9,76.9,118.6,60.3,104.4
Tomato,Zaid,Loamy,Jul,Jul,Rainfed,7.1,138.5,22.2,75.6,124.3,59.5,92.6
Tomato,Zaid,Loamy,Mar,Mar,Irrigated,7.4,107.7,18.1,78.7,129.4,47.1,89.5
Tomato,Zaid,Loamy,Apr,Apr,Rainfed,6.7,97.3,28.2,76.7,141.8,74.4,92.7
Tomato,Zaid,Loamy,May,May,Irrigated,6.8,138.9,29.7,78.4,102.7,61.2,99.3
Tomato,Zaid,Loamy,Jun,Jun,Rainfed,7.5,125.5,21.6,84.7,135.3,58.6,117.6
Tomato,Zaid,Loamy,Jul,Jul,Irrigated,6.5,134.4,27.5,81.0,147.5,42.9,97.7
Tomato,Zaid,Loamy,Mar,Mar,Rainfed,6.8,105.4,29.8,81.7,110.6,46.1,88.7
Tomato,Zaid,Loamy,Apr,Apr,Irrigated,7.4,109.4,24.0,81.4,130.3,53.6,116.5
Tomato,Zaid,Loamy,May,May,Rainfed,7.3,108.2,23.2,81.5,128.4,50.2,90.9
Tomato,Zaid,Loamy,Jun,Jun,Irrigated,6.6,130.7,26.1,81.5,133.1,57.4,89.9
Tomato,Zaid,Loamy,Jul,Jul,Rainfed,6.6,133.0,23.8,81.3,142.8,74.6,101.5
Tomato,Zaid,Loamy,Mar,Mar,Irrigated,7.4,111.3,25.5,76.7,148.6,62.6,93.9
Tomato,Zaid,Loamy,Apr,Apr,Rainfed,7.2,132.8,18.7,79.7,137.2,63.2,108.0
Tomato,Zaid,Loamy,May,May,Irrigated,6.9,96.9,28.3,80.5,147.0,56.2,106.9
Tomato,Zaid,Loamy,Jun,Jun,Rainfed,6.7,136.8,27.4,79.4,116.6,43.6,107.3
Tomato,Zaid,Loamy,Jul,Jul,Irrigated,7.3,139.8,22.2,77.5,103.0,77.6,102.7
Tomato,Zaid,Loamy,Mar,Mar,Rainfed,7.2,94.0,29.5,76.5,145.0,67.0,109.4
Tomato,Zaid,Loamy,Apr,Apr,Irrigated,7.2,105.5,20.7,75.8,128.2,73.6,87.4
Tomato,Zaid,Loamy,May,May,Rainfed,7.5,113.1,23.4,84.9,104.1,41.7,85.6
Tomato,Zaid,Loamy,Jun,Jun,Irrigated,6.7,104.2,19.2,85.0,127.5,77.8,115.1
Tomato,Zaid,Loamy,Jul,Jul,Rainfed,7.0,97.1,20.0,75.7,113.2,64.4,112.4
Tomato,Zaid,Loamy,Mar,Mar,Irrigated,7.0,108.9,22.0,82.4,144.2,69.6,97.1
Tomato,Zaid,Loamy,Apr,Apr,Rainfed,6.9,112.0,28.9,81.4,113.3,74.6,87.1
Tomato,Zaid,Loamy,May,May,Irrigated,7.3,119.5,28.2,79.6,133.9,41.3,91.0
Tomato,Zaid,Loamy,Jun,Jun,Rainfed,6.7,130.3,28.3,76.2,116.4,60.3,89.7
Tomato,Zaid,Loamy,Jul,Jul,Irrigated,7.0,107.2,20.6,79.1,135.1,48.1,88.1
Tomato,Zaid,Loamy,Mar,Mar,Rainfed,6.8,95.7,20.2,78.9,101.5,70.6,105.5
Tomato,Zaid,Loamy,Apr,Apr,Irrigated,6.5,92.8,22.4,77.7,114.2,55.1,112.3
Tomato,Zaid,Loamy,May,May,Rainfed,7.4,111.8,24.3,79.5,113.7,70.0,85.0
Tomato,Zaid,Loamy,Jun,Jun,Irrigated,7.1,130.1,29.8,79.7,121.4,48.4,89.5
Tomato,Zaid,Loamy,Jul,Jul,Rainfed,7.1,91.1,26.5,83.9,147.4,55.9,112.7
Tomato,Zaid,Loamy,Mar,Mar,Irrigated,6.6,90.4,20.1,76.3,114.7,75.6,113.4
Tomato,Zaid,Loamy,Apr,Apr,Rainfed,7.2,96.3,29.1,83.7,132.0,60.4,92.7
Tomato,Zaid,Loamy,May,May,Irrigated,6.7,119.4,29.4,83.5,112.7,47.1,105.2
Tomato,Zaid,Loamy,Jun,Jun,Rainfed,6.6,105.1,26.8,79.7,145.7,79.3,95.2
Tomato,Zaid,Loamy,Jul,Jul,Irrigated,6.6,112.3,24.4,76.0,105.5,63.0,106.6
Tomato,Zaid,Loamy,Mar,Mar,Rainfed,6.9,103.1,23.1,81.7,104.1,58.6,83.3
Tomato,Zaid,Loamy,Apr,Apr,Irrigated,6.8,98.2,20.0,82.5,147.6,49.8,118.7
Tomato,Zaid,Loamy,May,May,Rainfed,7.2,111.1,23.5,75.7,143.1,59.4,112.6
Tomato,Zaid,Loamy,Jun,Jun,Irrigated,7.1,122.4,23.4,82.4,107.0,46.1,90.4
Tomato,Zaid,Loamy,Jul,Jul,Rainfed,7.3,105.1,23.6,77.7,102.4,65.4,106.4
Tomato,Zaid,Loamy,Mar,Mar,Irrigated,7.1,138.8,21.1,83.8,107.0,62.2,110.1
Tomato,Zaid,Loamy,Apr,Apr,Rainfed,7.1,131.7,23.3,83.0,115.7,43.0,117.5
Tomato,Zaid,Loamy,May,May,Irrigated,7.2,111.8,20.9,78.0,132.5,60.3,89.3
Tomato,Zaid,Loamy,Jun,Jun,Rainfed,6.8,102.2,23.9,76.5,120.6,57.8,93.0
Tomato,Zaid,Loamy,Jul,Jul,Irrigated,6.8,134.5,20.2,82.6,149.3,40.5,86.1
Tomato,Zaid,Loamy,Mar,Mar,Rainfed,6.6,111.6,27.7,84.0,135.3,61.2,92.2
Tomato,Zaid,Loamy,Apr,Apr,Irrigated,7.2,136.2,18.4,83.1,101.5,50.3,82.9
Tomato,Zaid,Loamy,May,May,Rainfed,6.7,107.2,21.1,80.1,117.5,71.4,82.8
Tomato,Zaid,Loamy,Jun,Jun,Irrigated,6.5,102.1,28.8,80.7,104.7,51.2,110.7
Tomato,Zaid,Loamy,Jul,Jul,Rainfed,7.0,128.9,20.1,76.7,142.9,49.5,81.9
Tomato,Zaid,Loamy,Mar,Mar,Irrigated,7.2,95.3,29.3,79.0,120.8,56.4,89.4
Tomato,Zaid,Loamy,Apr,Apr,Rainfed,6.9,106.9,24.6,76.7,139.1,68.9,81.7
Tomato,Zaid,Loamy,May,May,Irrigated,7.0,109.1,25.4,83.7,137.6,46.7,80.0
Tomato,Zaid,Loamy,Jun,Jun,Rainfed,6.8,115.3,25.2,76.1,132.9,50.4,112.5
Tomato,Zaid,Loamy,Jul,Jul,Irrigated,6.8,128.5,20.7,77.1,109.9,45.5,90.7
Tomato,Zaid,Loamy,Mar,Mar,Rainfed,6.9,96.7,19.0,75.9,102.8,54.8,83.0
Tomato,Zaid,Loamy,Apr,Apr,Irrigated,6.9,99.9,25.7,75.8,132.1,54.7,87.9
Tomato,Zaid,Loamy,May,May,Rainfed,7.1,114.0,23.7,75.3,134.4,68.8,91.5
Tomato,Zaid,Loamy,Jun,Jun,Irrigated,7.4,120.3,26.2,78.6,107.5,51.0,116.7
Tomato,Zaid,Loamy,Jul,Jul,Rainfed,6.6,130.6,25.1,75.0,115.6,75.4,83.2
Tomato,Zaid,Loamy,Mar,Mar,Irrigated,7.3,113.4,26.0,81.1,125.6,46.2,88.6
Tomato,Zaid,Loamy,Apr,Apr,Rainfed,7.2,92.6,23.5,77.4,143.4,65.4,104.5
Tomato,Zaid,Loamy,May,May,Irrigated,6.7,99.5,25.9,79.3,111.6,52.1,105.7
Tomato,Zaid,Loamy,Jun,Jun,Rainfed,7.3,123.0,25.8,78.2,140.5,79.5,101.8
Tomato,Zaid,Loamy,Jul,Jul,Irrigated,7.4,134.0,26.2,78.1,125.8,76.5,89.8
Tomato,Zaid,Loamy,Mar,Mar,Rainfed,7.4,119.7,20.6,75.2,147.3,59.8,97.5
Tomato,Zaid,Loamy,Apr,Apr,Irrigated,6.8,114.8,28.3,82.0,130.3,68.3,83.7
Tomato,Zaid,Loamy,May,May,Rainfed,7.4,97.9,22.3,80.8,139.2,66.3,80.7
Tomato,Zaid,Loamy,Jun,Jun,Irrigated,7.1,135.7,23.8,80.5,143.7,57.1,95.0
Tomato,Zaid,Loamy,Jul,Jul,Rainfed,7.4,106.7,29.4,80.0,125.7,74.5,111.7
Tomato,Zaid,Loamy,Mar,Mar,Irrigated,7.5,101.8,20.1,77.7,127.7,51.7,97.7
Tomato,Zaid,Loamy,Apr,Apr,Rainfed,7.3,101.5,28.9,82.9,115.3,50.9,102.4
Tomato,Zaid,Loamy,May,May,Irrigated,7.5,137.4,18.9,79.1,100.5,56.6,94.4
Tomato,Zaid,Loamy,Jun,Jun,Rainfed,7.0,136.3,21.2,80.6,105.0,44.9,91.3
Tomato,Zaid,Loamy,Jul,Jul,Irrigated,6.7,129.1,18.3,81.2,149.7,77.8,108.2
Tomato,Zaid,Loamy,Mar,Mar,Rainfed,7.2,94.0,19.2,79.4,118.5,66.4,113.5
Tomato,Zaid,Loamy,Apr,Apr,Irrigated,6.9,104.6,23.6,76.9,135.8,47.8,102.2
Tomato,Zaid,Loamy,May,May,Rainfed,7.3,131.9,29.5,75.0,111.7,68.8,117.6
Tomato,Zaid,Loamy,Jun,Jun,Irrigated,7.1,138.7,24.8,82.9,130.0,54.2,118.1
Tomato,Zaid,Loamy,Jul,Jul,Rainfed,7.1,123.5,20.2,78.0,113.0,76.5,105.9
Tomato,Zaid,Loamy,Mar,Mar,Irrigated,6.7,90.5,20.9,79.0,132.7,46.6,87.6
Tomato,Zaid,Loamy,Apr,Apr,Rainfed,7.2,98.8,23.5,77.7,101.3,79.9,109.5
Tomato,Zaid,Loamy,May,May,Irrigated,6.7,108.8,29.6,84.5,137.7,67.7,104.7
Tomato,Zaid,Loamy,Jun,Jun,Rainfed,6.9,127.3,24.8,80.9,105.2,65.7,101.5
Tomato,Zaid,Loamy,Jul,Jul,Irrigated,6.6,92.6,29.4,83.7,110.2,73.7,114.2
Tomato,Zaid,Loamy,Mar,Mar,Rainfed,6.8,92.0,24.3,80.7,119.1,48.2,93.0
Tomato,Zaid,Loamy,Apr,Apr,Irrigated,6.8,113.6,28.2,81.2,124.4,63.6,90.3
Tomato,Zaid,Loamy,May,May,Rainfed,7.0,120.6,24.0,79.4,104.6,70.4,101.0
Tomato,Zaid,Loamy,Jun,Jun,Irrigated,7.3,125.2,27.2,84.5,104.5,55.4,119.8
Tomato,Zaid,Loamy,Jul,Jul,Rainfed,6.6,92.0,29.7,83.5,107.7,79.7,114.8
Tomato,Zaid,Loamy,Mar,Mar,Irrigated,7.2,103.1,28.4,83.6,102.3,70.5,98.9
Tomato,Zaid,Loamy,Apr,Apr,Rainfed,7.2,138.8,23.5,80.0,133.3,42.4,83.5
Tomato,Zaid,Loamy,May,May,Irrigated,6.7,136.8,29.8,84.0,115.8,76.9,113.2
Tomato,Zaid,Loamy,Jun,Jun,Rainfed,6.6,129.8,28.8,82.0,122.5,64.0,94.0
Tomato,Zaid,Loamy,Jul,Jul,Irrigated,7.3,94.1,27.8,83.8,146.5,77.4,103.6
Tomato,Zaid,Loamy,Mar,Mar,Rainfed,6.9,132.2,21.1,77.8,124.5,45.0,117.4
Tomato,Zaid,Loamy,Apr,Apr,Irrigated,7.3,119.5,28.6,75.1,118.2,63.7,116.3
Tomato,Zaid,Loamy,May,May,Rainfed,6.6,126.4,27.5,80.7,148.8,73.4,106.6
Tomato,Zaid,Loamy,Jun,Jun,Irrigated,6.7,130.3,20.2,82.2,125.7,78.6,116.2
Tomato,Zaid,Loamy,Jul,Jul,Rainfed,7.2,128.8,19.9,82.1,113.8,44.3,112.6
Tomato,Zaid,Loamy,Mar,Mar,Irrigated,6.5,110.3,28.8,78.3,149.7,51.8,107.0
Tomato,Zaid,Loamy,Apr,Apr,Rainfed,6.9,112.8,28.7,77.9,127.2,53.8,108.1
Tomato,Zaid,Loamy,May,May,Irrigated,7.1,112.9,22.5,84.0,133.3,63.8,96.8
Tomato,Zaid,Loamy,Jun,Jun,Rainfed,6.5,93.4,26.7,76.7,126.5,72.7,84.9
Tomato,Zaid,Loamy,Jul,Jul,Irrigated,7.4,139.8,26.3,79.9,145.8,54.9,91.3
Tomato,Zaid,Loamy,Mar,Mar,Rainfed,6.8,117.4,22.0,76.0,137.8,42.2,106.3
Tomato,Zaid,Loamy,Apr,Apr,Irrigated,6.7,94.2,26.8,77.8,128.0,69.2,83.1
Tomato,Zaid,Loamy,May,May,Rainfed,7.2,110.8,20.6,77.9,105.0,41.1,116.3
Tomato,Zaid,Loamy,Jun,Jun,Irrigated,7.0,128.2,18.7,78.8,106.9,78.3,118.8
Tomato,Zaid,Loamy,Jul,Jul,Rainfed,6.8,126.5,28.5,80.6,127.4,75.2,115.0
Tomato,Zaid,Loamy,Mar,Mar,Irrigated,7.0,96.2,18.7,82.7,142.4,62.8,118.9
Tomato,Zaid,Loamy,Apr,Apr,Rainfed,6.6,121.2,24.0,77.0,115.0,45.8,93.2
Tomato,Zaid,Loamy,May,May,Irrigated,6.6,116.3,20.1,79.8,104.2,60.2,114.1
Tomato,Zaid,Loamy,Jun,Jun,Rainfed,6.9,110.1,29.1,78.8,139.7,58.0,82.9
Tomato,Zaid,Loamy,Jul,Jul,Irrigated,7.1,110.0,18.6,83.0,101.3,45.6,105.4
Tomato,Zaid,Loamy,Mar,Mar,Rainfed,7.3,125.5,20.1,79.8,115.2,64.1,111.9
Tomato,Zaid,Loamy,Apr,Apr,Irrigated,7.1,97.5,22.6,76.0,144.4,44.0,95.5
Tomato,Zaid,Loamy,May,May,Rainfed,6.7,134.7,21.8,75.1,109.7,54.1,109.9
Tomato,Zaid,Loamy,Jun,Jun,Irrigated,7.4,118.8,21.8,75.4,101.7,48.1,114.2
Tomato,Zaid,Loamy,Jul,Jul,Rainfed,6.7,102.5,24.6,83.4,111.9,65.5,107.6
Tomato,Zaid,Loamy,Mar,Mar,Irrigated,6.6,122.3,23.7,79.8,136.3,66.6,118.9
Tomato,Zaid,Loamy,Apr,Apr,Rainfed,7.4,129.9,27.8,78.2,138.1,43.1,87.9
Tomato,Zaid,Loamy,May,May,Irrigated,7.2,122.1,25.6,80.9,136.3,58.9,118.2
Tomato,Zaid,Loamy,Jun,Jun,Rainfed,7.1,134.1,18.6,83.8,122.1,69.5,111.8
Tomato,Zaid,Loamy,Jul,Jul,Irrigated,6.6,123.9,28.1,77.0,109.8,50.1,107.4
Tomato,Zaid,Loamy,Mar,Mar,Rainfed,7.4,107.7,21.8,75.5,112.1,40.0,118.5
Tomato,Zaid,Loamy,Apr,Apr,Irrigated,7.3,112.5,28.8,76.2,114.0,41.8,111.0
Tomato,Zaid,Loamy,May,May,Rainfed,7.2,130.7,26.1,76.7,147.5,46.3,86.3
Tomato,Zaid,Loamy,Jun,Jun,Irrigated,6.8,124.1,28.3,84.8,114.9,42.3,112.4
Tomato,Zaid,Loamy,Jul,Jul,Rainfed,7.1,106.6,22.5,84.1,119.7,72.9,85.4
Tomato,Zaid,Loamy,Mar,Mar,Irrigated,6.8,135.9,27.0,75.6,114.6,46.3,98.7
Tomato,Zaid,Loamy,Apr,Apr,Rainfed,6.8,126.5,23.7,80.2,132.9,40.1,97.9
Tomato,Zaid,Loamy,May,May,Irrigated,7.4,91.2,25.3,84.4,148.2,79.0,114.0
Tomato,Zaid,Loamy,Jun,Jun,Rainfed,6.5,94.8,28.7,82.9,127.6,51.8,106.5
Tomato,Zaid,Loamy,Jul,Jul,Irrigated,7.1,93.4,29.5,82.5,125.2,59.4,91.1
Tomato,Zaid,Loamy,Mar,Mar,Rainfed,7.4,102.7,30.0,76.1,148.0,76.8,83.6
Tomato,Zaid,Loamy,Apr,Apr,Irrigated,7.0,98.6,29.7,82.4,121.4,73.6,83.6
Tomato,Zaid,Loamy,May,May,Rainfed,7.4,105.2,28.5,78.9,126.5,73.3,87.8
Tomato,Zaid,Loamy,Jun,Jun,Irrigated,7.2,106.4,26.4,75.4,114.0,61.6,103.2
Tomato,Zaid,Loamy,Jul,Jul,Rainfed,7.0,93.7,25.6,84.0,124.5,78.4,119.3
Tomato,Zaid,Loamy,Mar,Mar,Irrigated,6.6,134.5,23.9,81.6,100.1,70.0,97.5
Tomato,Zaid,Loamy,Apr,Apr,Rainfed,7.3,130.6,20.9,84.0,104.8,51.5,108.9
Tomato,Zaid,Loamy,May,May,Irrigated,7.0,130.4,27.3,79.8,145.2,65.2,80.6
Tomato,Zaid,Loamy,Jun,Jun,Rainfed,6.5,100.4,18.5,83.5,124.4,45.5,118.2
Tomato,Zaid,Loamy,Jul,Jul,Irrigated,7.3,99.1,28.4,77.6,129.7,77.5,94.6
Tomato,Zaid,Loamy,Mar,Mar,Rainfed,6.5,99.5,22.6,77.0,112.1,78.5,109.4
Tomato,Zaid,Loamy,Apr,Apr,Irrigated,7.3,92.3,23.9,81.6,135.7,70.3,110.4
Tomato,Zaid,Loamy,May,May,Rainfed,6.7,112.9,29.1,78.4,126.5,47.7,110.5
Tomato,Zaid,Loamy,Jun,Jun,Irrigated,6.9,133.1,29.2,76.1,123.1,45.1,92.1
Tomato,Zaid,Loamy,Jul,Jul,Rainfed,6.5,127.6,19.6,75.0,120.3,79.5,85.8
Tomato,Zaid,Loamy,Mar,Mar,Irrigated,6.8,122.3,21.8,82.5,108.6,70.2,82.2
Tomato,Zaid,Loamy,Apr,Apr,Rainfed,7.4,135.3,28.6,85.0,107.1,53.1,85.6
Tomato,Zaid,Loamy,May,May,Irrigated,6.8,104.5,29.7,77.6,140.6,54.2,95.5
Tomato,Zaid,Loamy,Jun,Jun,Rainfed,6.7,132.4,26.7,84.9,140.4,46.4,114.7
Tomato,Zaid,Loamy,Jul,Jul,Irrigated,7.4,106.1,20.2,82.4,135.6,72.4,103.2
Tomato,Zaid,Loamy,Mar,Mar,Rainfed,6.8,132.0,18.4,82.4,115.0,69.6,93.6
Tomato,Zaid,Loamy,Apr,Apr,Irrigated,7.0,96.0,24.0,82.6,123.8,64.6,97.1
Tomato,Zaid,Loamy,May,May,Rainfed,6.8,99.6,24.2,83.5,148.9,75.4,109.0
Tomato,Zaid,Loamy,Jun,Jun,Irrigated,6.7,90.6,20.4,79.5,122.2,52.2,81.9
Tomato,Zaid,Loamy,Jul,Jul,Rainfed,6.9,90.5,18.2,81.2,114.0,54.2,104.0
Tomato,Zaid,Loamy,Mar,Mar,Irrigated,7.4,108.6,19.4,79.0,146.1,73.1,82.7
Tomato,Zaid,Loamy,Apr,Apr,Rainfed,7.1,94.8,25.5,83.7,129.2,54.8,89.3
Tomato,Zaid,Loamy,May,May,Irrigated,7.3,107.9,22.3,80.7,114.3,44.2,118.0
Tomato,Zaid,Loamy,Jun,Jun,Rainfed,6.8,94.9,21.0,78.6,102.1,40.5,97.5
Tomato,Zaid,Loamy,Jul,Jul,Irrigated,7.2,132.4,21.6,76.1,122.2,41.8,116.3
Tomato,Zaid,Loamy,Mar,Mar,Rainfed,7.4,91.5,20.0,79.9,114.9,61.7,107.6
Tomato,Zaid,Loamy,Apr,Apr,Irrigated,7.3,133.1,26.0,81.7,144.2,47.5,108.7
Tomato,Zaid,Loamy,May,May,Rainfed,7.1,117.3,23.2,77.7,139.4,61.6,82.1
Tomato,Zaid,Loamy,Jun,Jun,Irrigated,7.1,121.3,18.4,77.8,148.9,75.2,113.3
Tomato,Zaid,Loamy,Jul,Jul,Rainfed,7.0,117.3,23.5,80.3,145.0,53.2,102.6
Tomato,Zaid,Loamy,Mar,Mar,Irrigated,7.2,112.3,28.0,75.7,131.3,63.2,82.7
Tomato,Zaid,Loamy,Apr,Apr,Rainfed,7.2,126.3,21.7,76.5,108.8,40.1,114.9
Tomato,Zaid,Loamy,May,May,Irrigated,6.7,125.5,21.5,81.3,143.1,69.1,102.0
Tomato,Zaid,Loamy,Jun,Jun,Rainfed,7.4,135.8,20.9,77.5,139.8,78.8,106.3
Tomato,Zaid,Loamy,Jul,Jul,Irrigated,7.4,90.9,26.2,82.2,143.1,65.1,99.9
Tomato,Zaid,Loamy,Mar,Mar,Rainfed,7.4,125.7,23.6,76.0,127.6,60.9,108.1
Tomato,Zaid,Loamy,Apr,Apr,Irrigated,7.3,117.4,19.2,75.0,144.7,76.5,104.3
Tomato,Zaid,Loamy,May,May,Rainfed,7.4,130.4,20.8,79.0,114.2,43.8,83.8
Tomato,Zaid,Loamy,Jun,Jun,Irrigated,7.2,92.2,27.1,78.7,146.9,63.0,80.4
Tomato,Zaid,Loamy,Jul,Jul,Rainfed,7.2,104.0,28.0,82.4,108.7,65.4,98.3
Tomato,Zaid,Loamy,Mar,Mar,Irrigated,7.4,116.6,25.6,79.4,104.3,49.4,100.4
Tomato,Zaid,Loamy,Apr,Apr,Rainfed,7.4,101.9,21.1,81.6,147.2,63.5,114.4
Tomato,Zaid,Loamy,May,May,Irrigated,6.6,96.3,28.2,82.7,132.2,47.4,104.9
Tomato,Zaid,Loamy,Jun,Jun,Rainfed,7.3,137.7,26.5,82.9,118.1,72.8,107.7
Tomato,Zaid,Loamy,Jul,Jul,Irrigated,7.0,119.8,25.3,82.5,101.6,58.4,107.7
Tomato,Zaid,Loamy,Mar,Mar,Rainfed,7.4,111.6,24.8,84.8,105.6,40.5,119.3
Tomato,Zaid,Loamy,Apr,Apr,Irrigated,7.5,111.1,24.7,76.4,119.0,64.0,97.3
Tomato,Zaid,Loamy,May,May,Rainfed,7.4,90.5,25.8,84.9,144.6,51.8,97.8
Tomato,Zaid,Loamy,Jun,Jun,Irrigated,7.1,117.7,22.7,81.9,112.9,52.4,101.0
Tomato,Zaid,Loamy,Jul,Jul,Rainfed,7.1,121.8,27.3,84.8,116.9,70.2,109.0
Tomato,Zaid,Loamy,Mar,Mar,Irrigated,6.9,94.3,25.0,78.9,138.6,49.6,117.9
Tomato,Zaid,Loamy,Apr,Apr,Rainfed,7.3,127.1,26.5,77.2,129.8,56.2,95.6
Tomato,Zaid,Loamy,May,May,Irrigated,6.7,126.2,23.0,83.1,108.9,78.6,108.8
Tomato,Zaid,Loamy,Jun,Jun,Rainfed,6.8,102.7,27.1,76.1,146.0,63.9,118.1
Tomato,Zaid,Loamy,Jul,Jul,Irrigated,6.9,124.7,22.9,75.5,106.6,49.6,112.0
Tomato,Zaid,Loamy,Mar,Mar,Rainfed,6.6,116.9,22.7,77.3,135.2,62.1,83.8
Tomato,Zaid,Loamy,Apr,Apr,Irrigated,7.0,104.4,21.7,80.5,140.0,56.9,84.3
Tomato,Zaid,Loamy,May,May,Rainfed,6.7,103.7,24.5,76.8,102.4,65.1,107.0
Tomato,Zaid,Loamy,Jun,Jun,Irrigated,6.6,104.7,22.5,77.6,132.1,78.3,105.2
Tomato,Zaid,Loamy,Jul,Jul,Rainfed,7.3,135.4,25.6,78.3,132.2,62.4,91.9
Tomato,Zaid,Loamy,Mar,Mar,Irrigated,6.6,97.6,20.6,84.5,101.2,71.6,115.2
Tomato,Zaid,Loamy,Apr,Apr,Rainfed,7.3,91.2,27.9,77.1,128.2,79.2,88.7
Tomato,Zaid,Loamy,May,May,Irrigated,6.8,129.7,24.3,80.7,106.9,45.5,117.0
Tomato,Zaid,Loamy,Jun,Jun,Rainfed,7.5,122.6,26.3,83.3,127.3,70.3,119.0
Tomato,Zaid,Loamy,Jul,Jul,Irrigated,7.3,133.1,19.1,78.9,126.4,41.0,114.7
Tomato,Zaid,Loamy,Mar,Mar,Rainfed,7.0,111.5,20.6,83.4,127.1,56.9,105.0
Tomato,Zaid,Loamy,Apr,Apr,Irrigated,6.9,113.5,28.6,81.2,128.6,47.6,83.0
Tomato,Zaid,Loamy,May,May,Rainfed,7.1,111.2,26.9,77.2,120.4,70.4,104.1
Tomato,Zaid,Loamy,Jun,Jun,Irrigated,7.4,134.0,21.0,77.4,102.3,76.0,92.4
Tomato,Zaid,Loamy,Jul,Jul,Rainfed,7.3,123.9,19.2,77.6,123.4,53.4,99.8
Tomato,Zaid,Loamy,Mar,Mar,Irrigated,7.5,109.7,27.6,80.1,141.4,47.8,85.8
Tomato,Zaid,Loamy,Apr,Apr,Rainfed,7.2,107.5,26.0,79.4,115.1,79.0,83.2
Tomato,Zaid,Loamy,May,May,Irrigated,6.6,102.2,25.3,75.4,133.7,43.1,104.4
Tomato,Zaid,Loamy,Jun,Jun,Rainfed,7.0,107.3,20.4,81.8,102.2,47.0,85.9
Tomato,Zaid,Loamy,Jul,Jul,Irrigated,7.4,135.5,19.9,81.7,141.4,42.6,106.3
Tomato,Zaid,Loamy,Mar,Mar,Rainfed,6.8,140.0,19.0,78.9,103.7,45.1,99.5
Tomato,Zaid,Loamy,Apr,Apr,Irrigated,7.1,133.7,22.7,82.1,111.3,76.5,86.2
Tomato,Zaid,Loamy,May,May,Rainfed,7.2,130.3,28.0,78.3,114.2,49.1,98.5
Tomato,Zaid,Loamy,Jun,Jun,Irrigated,7.4,139.9,18.3,80.5,104.7,50.6,108.9
Tomato,Zaid,Loamy,Jul,Jul,Rainfed,6.9,104.0,21.6,84.1,111.0,60.1,110.2
Tomato,Zaid,Loamy,Mar,Mar,Irrigated,7.0,135.6,19.5,84.5,132.4,78.2,91.8
Tomato,Zaid,Loamy,Apr,Apr,Rainfed,7.1,135.1,19.8,82.7,135.7,63.5,113.1
Tomato,Zaid,Loamy,May,May,Irrigated,7.5,125.9,28.0,80.6,145.3,62.4,107.5
Tomato,Zaid,Loamy,Jun,Jun,Rainfed,7.4,109.6,25.7,78.4,112.2,55.3,89.6
Tomato,Zaid,Loamy,Jul,Jul,Irrigated,7.1,113.5,23.1,81.0,115.8,72.5,81.0
Tomato,Zaid,Loamy,Mar,Mar,Rainfed,7.2,127.5,24.5,76.5,108.3,60.6,110.7
Tomato,Zaid,Loamy,Apr,Apr,Irrigated,7.4,115.0,18.2,80.5,137.4,55.2,103.8
Tomato,Zaid,Loamy,May,May,Rainfed,7.5,131.3,26.0,75.1,122.6,43.3,87.7
Tomato,Zaid,Loamy,Jun,Jun,Irrigated,7.4,111.9,18.1,77.2,145.5,76.9,111.8
Tomato,Zaid,Loamy,Jul,Jul,Rainfed,7.4,111.0,26.6,80.2,134.5,64.1,107.4
Tomato,Zaid,Loamy,Mar,Mar,Irrigated,7.1,131.4,20.2,77.1,138.0,44.6,81.8
Tomato,Zaid,Loamy,Apr,Apr,Rainfed,6.5,127.4,25.8,78.5,123.7,64.5,101.9
Tomato,Zaid,Loamy,May,May,Irrigated,6.7,103.6,19.3,84.8,135.2,51.2,113.7
Tomato,Zaid,Loamy,Jun,Jun,Rainfed,7.0,110.1,18.6,80.4,126.9,40.2,113.2
Tomato,Zaid,Loamy,Jul,Jul,Irrigated,6.8,136.1,28.0,78.5,139.6,40.6,117.7
Tomato,Zaid,Loamy,Mar,Mar,Rainfed,6.6,112.4,18.5,75.4,129.0,75.5,85.0
Tomato,Zaid,Loamy,Apr,Apr,Irrigated,7.4,139.3,22.2,79.7,140.7,47.9,107.9
Tomato,Zaid,Loamy,May,May,Rainfed,7.0,125.8,20.1,82.9,112.3,43.1,106.7
Tomato,Zaid,Loamy,Jun,Jun,Irrigated,7.5,114.2,24.5,81.7,134.1,69.9,110.2
Tomato,Zaid,Loamy,Jul,Jul,Rainfed,7.5,138.8,22.9,80.9,134.1,49.9,95.6
Tomato,Zaid,Loamy,Mar,Mar,Irrigated,7.0,131.8,25.1,77.8,115.4,75.2,91.9
Tomato,Zaid,Loamy,Apr,Apr,Rainfed,7.0,99.9,20.7,79.4,128.4,41.8,104.8
Tomato,Zaid,Loamy,May,May,Irrigated,6.6,139.0,25.7,79.6,141.1,70.5,96.3
Tomato,Zaid,Loamy,Jun,Jun,Rainfed,6.7,133.5,19.1,82.7,120.9,54.2,102.2
Tomato,Zaid,Loamy,Jul,Jul,Irrigated,7.4,114.8,28.2,75.2,149.2,61.0,81.0
Tomato,Zaid,Loamy,Mar,Mar,Rainfed,7.0,118.0,27.3,85.0,102.2,55.5,93.9
Tomato,Zaid,Loamy,Apr,Apr,Irrigated,6.6,90.7,22.2,80.2,147.3,74.3,99.1
Tomato,Zaid,Loamy,May,May,Rainfed,6.6,94.2,28.9,81.3,110.1,65.0,92.8
Tomato,Zaid,Loamy,Jun,Jun,Irrigated,6.5,138.2,21.2,84.9,100.5,73.4,112.4
Tomato,Zaid,Loamy,Jul,Jul,Rainfed,7.2,95.8,25.8,80.8,105.8,63.4,88.0
Tomato,Zaid,Loamy,Mar,Mar,Irrigated,6.9,128.0,22.3,75.6,131.7,67.1,104.5
Tomato,Zaid,Loamy,Apr,Apr,Rainfed,7.2,138.5,19.7,77.7,108.7,48.5,117.4
Tomato,Zaid,Loamy,May,May,Irrigated,7.0,111.4,29.0,80.9,116.3,75.7,81.6
Tomato,Zaid,Loamy,Jun,Jun,Rainfed,7.5,112.2,27.9,84.7,132.3,70.1,90.8
Tomato,Zaid,Loamy,Jul,Jul,Irrigated,6.5,127.4,28.7,84.1,110.3,56.9,107.1
Tomato,Zaid,Loamy,Mar,Mar,Rainfed,7.4,104.1,20.9,77.6,137.0,43.1,89.8
Tomato,Zaid,Loamy,Apr,Apr,Irrigated,7.1,95.9,26.9,83.1,147.1,53.8,85.0
Tomato,Zaid,Loamy,May,May,Rainfed,7.0,130.3,22.3,77.7,144.6,44.2,93.6
Tomato,Zaid,Loamy,Jun,Jun,Irrigated,7.2,135.9,18.9,76.6,101.0,51.1,98.1
Tomato,Zaid,Loamy,Jul,Jul,Rainfed,7.1,118.0,23.2,80.0,104.6,66.3,95.2
Tomato,Zaid,Loamy,Mar,Mar,Irrigated,7.1,119.4,24.7,78.9,144.2,47.4,109.5
Tomato,Zaid,Loamy,Apr,Apr,Rainfed,7.0,102.9,24.4,82.3,120.4,51.3,88.5
Tomato,Zaid,Loamy,May,May,Irrigated,6.9,137.5,21.3,84.7,149.1,65.4,84.4
Tomato,Zaid,Loamy,Jun,Jun,Rainfed,7.3,94.5,25.8,82.9,127.6,40.6,92.6
Tomato,Zaid,Loamy,Jul,Jul,Irrigated,7.0,114.8,20.4,77.9,148.8,55.8,92.2
Tomato,Zaid,Loamy,Mar,Mar,Rainfed,7.2,137.3,19.1,81.6,125.6,46.9,93.1
Tomato,Zaid,Loamy,Apr,Apr,Irrigated,6.5,107.4,23.7,84.7,141.8,43.2,115.3
Tomato,Zaid,Loamy,May,May,Rainfed,6.6,116.4,23.7,82.4,145.4,61.0,107.4
Tomato,Zaid,Loamy,Jun,Jun,Irrigated,7.2,136.6,27.2,84.3,131.9,41.2,105.9
Tomato,Zaid,Loamy,Jul,Jul,Rainfed,7.5,126.0,26.0,76.4,130.9,51.8,107.0
Tomato,Zaid,Loamy,Mar,Mar,Irrigated,7.4,91.8,20.3,77.3,106.7,59.3,113.9
Tomato,Zaid,Loamy,Apr,Apr,Rainfed,7.0,91.4,26.6,77.6,115.3,53.0,108.7
Tomato,Zaid,Loamy,May,May,Irrigated,6.7,118.3,23.2,75.4,117.0,71.9,98.4
Tomato,Zaid,Loamy,Jun,Jun,Rainfed,7.1,120.1,24.9,84.0,131.1,76.4,104.7
Tomato,Zaid,Loamy,Jul,Jul,Irrigated,7.3,123.0,21.3,76.9,102.5,75.4,94.1
Tomato,Zaid,Loamy,Mar,Mar,Rainfed,7.0,130.9,22.1,75.1,117.5,45.3,117.1
Tomato,Zaid,Loamy,Apr,Apr,Irrigated,7.1,110.4,23.8,81.9,124.1,75.0,86.1
Tomato,Zaid,Loamy,May,May,Rainfed,7.0,100.2,19.9,83.6,128.6,71.5,104.3
Tomato,Zaid,Loamy,Jun,Jun,Irrigated,7.4,121.7,18.5,84.5,148.4,49.6,113.6
Tomato,Zaid,Loamy,Jul,Jul,Rainfed,7.0,105.5,29.4,81.4,145.7,61.5,96.6
Tomato,Zaid,Loamy,Mar,Mar,Irrigated,6.6,137.5,29.9,75.2,116.8,68.1,119.7
Tomato,Zaid,Loamy,Apr,Apr,Rainfed,6.6,102.0,27.4,83.6,109.1,69.8,83.6
Tomato,Zaid,Loamy,May,May,Irrigated,7.4,102.7,26.1,82.4,128.6,58.0,110.1
Tomato,Zaid,Loamy,Jun,Jun,Rainfed,7.4,130.0,23.8,75.3,139.8,58.4,80.5
Tomato,Zaid,Loamy,Jul,Jul,Irrigated,7.1,118.3,18.1,81.0,102.9,42.1,89.3
Tomato,Zaid,Loamy,Mar,Mar,Rainfed,6.6,121.7,21.8,84.3,120.4,64.8,86.9
Tomato,Zaid,Loamy,Apr,Apr,Irrigated,7.1,116.6,20.0,79.8,106.9,60.2,88.6
Tomato,Zaid,Loamy,May,May,Rainfed,7.2,96.7,20.7,82.0,107.0,45.5,104.5
Tomato,Zaid,Loamy,Jun,Jun,Irrigated,6.8,110.7,23.3,82.4,130.2,66.5,112.6
Tomato,Zaid,Loamy,Jul,Jul,Rainfed,7.0,91.1,18.1,80.6,136.3,66.9,96.5
Tomato,Zaid,Loamy,Mar,Mar,Irrigated,6.8,100.2,21.4,82.3,146.2,51.1,89.2
Tomato,Zaid,Loamy,Apr,Apr,Rainfed,6.8,117.5,29.3,84.2,120.1,46.8,88.5
Tomato,Zaid,Loamy,May,May,Irrigated,7.2,134.3,19.9,82.9,146.6,64.5,119.7
Tomato,Zaid,Loamy,Jun,Jun,Rainfed,7.5,96.2,21.3,83.2,129.6,49.9,83.1
Tomato,Zaid,Loamy,Jul,Jul,Irrigated,6.7,94.8,21.3,82.8,111.6,72.6,86.7
Tomato,Zaid,Loamy,Mar,Mar,Rainfed,7.0,106.6,23.1,78.9,123.4,46.2,110.0
Tomato,Zaid,Loamy,Apr,Apr,Irrigated,7.3,97.0,18.1,76.8,131.8,65.4,91.2
Tomato,Zaid,Loamy,May,May,Rainfed,6.8,130.1,18.6,80.8,139.8,66.7,106.1
Tomato,Zaid,Loamy,Jun,Jun,Irrigated,7.4,118.9,28.8,81.8,106.2,78.3,94.9
Tomato,Zaid,Loamy,Jul,Jul,Rainfed,6.8,110.3,27.1,80.0,121.7,69.2,118.1
Tomato,Zaid,Loamy,Mar,Mar,Irrigated,7.5,109.4,24.0,76.9,135.9,43.0,81.2
Tomato,Zaid,Loamy,Apr,Apr,Rainfed,7.4,113.2,20.6,81.8,130.9,58.6,104.7
Tomato,Zaid,Loamy,May,May,Irrigated,7.3,103.9,27.9,81.3,133.1,74.6,110.3
Tomato,Zaid,Loamy,Jun,Jun,Rainfed,6.5,133.0,20.7,84.1,121.3,43.6,82.6
Tomato,Zaid,Loamy,Jul,Jul,Irrigated,7.2,139.3,18.1,78.5,101.0,51.2,105.4
Tomato,Zaid,Loamy,Mar,Mar,Rainfed,7.3,115.8,23.1,75.6,141.0,43.5,95.7
Tomato,Zaid,Loamy,Apr,Apr,Irrigated,7.5,128.3,18.5,75.6,145.8,60.9,98.2
Tomato,Zaid,Loamy,May,May,Rainfed,7.1,110.5,24.8,77.7,117.7,57.5,91.9
Tomato,Zaid,Loamy,Jun,Jun,Irrigated,7.3,139.6,20.0,79.7,119.5,77.5,81.5
Tomato,Zaid,Loamy,Jul,Jul,Rainfed,6.7,99.2,23.1,81.6,146.8,71.9,117.6
Tomato,Zaid,Loamy,Mar,Mar,Irrigated,7.0,126.7,22.8,82.5,127.2,63.1,119.3
Tomato,Zaid,Loamy,Apr,Apr,Rainfed,6.8,115.0,26.3,75.9,108.8,70.3,117.6
Tomato,Zaid,Loamy,May,May,Irrigated,6.7,136.7,19.1,81.1,116.4,65.5,85.1
Tomato,Zaid,Loamy,Jun,Jun,Rainfed,6.9,115.7,20.2,77.3,126.3,63.1,100.1
Tomato,Zaid,Loamy,Jul,Jul,Irrigated,6.7,101.1,19.6,77.6,142.4,65.3,97.7
Tomato,Zaid,Loamy,Mar,Mar,Rainfed,7.4,113.4,23.3,83.2,107.5,58.5,99.2
Tomato,Zaid,Loamy,Apr,Apr,Irrigated,6.7,127.5,19.5,84.3,116.0,77.4,91.8
Tomato,Zaid,Loamy,May,May,Rainfed,7.5,103.8,22.5,81.4,133.5,64.1,113.5
Tomato,Zaid,Loamy,Jun,Jun,Irrigated,6.6,129.0,27.1,78.8,110.1,62.7,81.2
Tomato,Zaid,Loamy,Jul,Jul,Rainfed,7.4,90.6,27.8,77.3,134.0,43.9,95.6
Tomato,Zaid,Loamy,Mar,Mar,Irrigated,6.9,90.1,20.9,84.5,116.0,49.1,90.7
Tomato,Zaid,Loamy,Apr,Apr,Rainfed,6.9,97.4,24.0,75.8,133.9,66.4,103.1
Tomato,Zaid,Loamy,May,May,Irrigated,7.1,112.2,20.0,76.6,107.9,49.7,84.4
Tomato,Zaid,Loamy,Jun,Jun,Rainfed,7.4,101.9,20.6,83.5,104.3,49.5,105.5
Tomato,Zaid,Loamy,Jul,Jul,Irrigated,7.4,100.4,21.3,83.2,100.9,63.6,113.1
Tomato,Zaid,Loamy,Mar,Mar,Rainfed,7.0,99.1,29.6,75.8,132.5,55.6,93.5
Tomato,Zaid,Loamy,Apr,Apr,Irrigated,7.2,125.3,28.6,78.8,123.2,40.6,106.0
Tomato,Zaid,Loamy,May,May,Rainfed,7.1,130.3,23.9,80.4,135.7,40.3,84.6
Tomato,Zaid,Loamy,Jun,Jun,Irrigated,7.3,108.4,25.2,82.6,109.3,44.0,99.5
Tomato,Zaid,Loamy,Jul,Jul,Rainfed,7.4,123.5,23.3,82.3,128.4,51.9,90.6
Tomato,Zaid,Loamy,Mar,Mar,Irrigated,6.5,108.8,28.8,79.8,147.5,41.3,115.1
Tomato,Zaid,Loamy,Apr,Apr,Rainfed,6.6,109.0,20.9,79.6,108.6,71.3,90.6
Tomato,Zaid,Loamy,May,May,Irrigated,7.3,137.9,18.8,83.4,110.0,57.4,112.3
Tomato,Zaid,Loamy,Jun,Jun,Rainfed,6.7,120.6,19.1,83.5,110.8,63.5,100.9
Tomato,Zaid,Loamy,Jul,Jul,Irrigated,6.7,130.7,22.3,75.9,136.0,75.8,93.3
Tomato,Zaid,Loamy,Mar,Mar,Rainfed,6.8,100.6,24.5,77.5,130.1,60.9,106.2
Tomato,Zaid,Loamy,Apr,Apr,Irrigated,7.0,97.0,25.4,83.4,111.2,65.7,92.7
Tomato,Zaid,Loamy,May,May,Rainfed,6.9,98.7,19.8,83.3,122.5,75.4,81.9
Tomato,Zaid,Loamy,Jun,Jun,Irrigated,6.9,115.8,29.0,76.3,135.8,58.6,113.7
Tomato,Zaid,Loamy,Jul,Jul,Rainfed,7.4,104.3,23.5,78.6,136.4,44.0,105.9
Tomato,Zaid,Loamy,Mar,Mar,Irrigated,7.2,108.5,19.5,79.5,139.3,73.9,102.6
Tomato,Zaid,Loamy,Apr,Apr,Rainfed,7.0,136.9,22.9,77.1,110.6,76.9,92.6
Tomato,Zaid,Loamy,May,May,Irrigated,6.8,93.2,27.7,75.5,126.9,44.0,84.0
Tomato,Zaid,Loamy,Jun,Jun,Rainfed,6.5,135.4,29.2,75.1,121.9,68.0,107.4
Tomato,Zaid,Loamy,Jul,Jul,Irrigated,6.9,135.7,28.1,78.5,116.4,67.3,108.2
Tomato,Zaid,Loamy,Mar,Mar,Rainfed,6.9,108.4,19.1,79.9,100.6,72.6,105.4
Tomato,Zaid,Loamy,Apr,Apr,Irrigated,6.7,108.6,29.2,83.7,105.2,44.3,87.6
Tomato,Zaid,Loamy,May,May,Rainfed,6.6,90.5,25.5,84.6,143.6,67.6,107.2
Tomato,Zaid,Loamy,Jun,Jun,Irrigated,6.9,122.1,22.7,79.3,125.5,71.7,93.3
Tomato,Zaid,Loamy,Jul,Jul,Rainfed,6.9,128.0,24.7,83.0,115.6,42.3,108.7
Tomato,Zaid,Loamy,Mar,Mar,Irrigated,6.9,137.3,22.7,77.2,148.5,79.4,81.1
Tomato,Zaid,Loamy,Apr,Apr,Rainfed,6.9,133.5,18.7,80.7,124.7,54.9,95.8
Tomato,Zaid,Loamy,May,May,Irrigated,6.9,99.9,28.6,75.4,143.9,68.8,104.1
Tomato,Zaid,Loamy,Jun,Jun,Rainfed,7.0,104.5,28.5,77.4,121.4,75.9,88.6
Tomato,Zaid,Loamy,Jul,Jul,Irrigated,7.2,121.5,22.4,77.8,141.5,42.9,80.1
Tomato,Zaid,Loamy,Mar,Mar,Rainfed,6.6,119.0,21.1,78.0,145.3,60.4,82.3
Tomato,Zaid,Loamy,Apr,Apr,Irrigated,7.2,139.5,23.7,78.0,133.2,51.6,90.8
Tomato,Zaid,Loamy,May,May,Rainfed,7.0,137.2,29.9,84.0,139.3,41.5,103.8
Tomato,Zaid,Loamy,Jun,Jun,Irrigated,7.5,123.3,19.7,82.8,100.3,41.2,101.2
Tomato,Zaid,Loamy,Jul,Jul,Rainfed,7.1,109.4,20.2,83.9,115.2,67.1,90.0
Tomato,Zaid,Loamy,Mar,Mar,Irrigated,6.7,90.9,26.7,79.3,143.7,44.2,85.4
Tomato,Zaid,Loamy,Apr,Apr,Rainfed,6.8,103.1,19.8,79.9,128.5,64.6,86.5
Tomato,Zaid,Loamy,May,May,Irrigated,7.0,111.7,26.4,75.6,125.8,72.8,97.3
Tomato,Zaid,Loamy,Jun,Jun,Rainfed,7.0,100.8,18.3,80.2,125.1,55.5,105.4
Tomato,Zaid,Loamy,Jul,Jul,Irrigated,6.7,91.0,24.9,85.0,116.9,76.4,83.2
Tomato,Zaid,Loamy,Mar,Mar,Rainfed,6.9,131.3,18.6,79.2,101.6,79.6,94.6
Tomato,Zaid,Loamy,Apr,Apr,Irrigated,6.9,93.2,21.3,82.9,146.6,46.4,83.8
Tomato,Zaid,Loamy,May,May,Rainfed,6.9,109.1,27.6,78.8,137.4,43.0,106.3
Tomato,Zaid,Loamy,Jun,Jun,Irrigated,7.1,125.9,18.5,77.7,121.9,42.6,92.5
Tomato,Zaid,Loamy,Jul,Jul,Rainfed,7.3,113.0,19.9,84.5,119.3,67.5,113.8
